candidate,live_relevant_exact_count,live_relevant_broader_count,representative_broader_hits
Hide Nothing,0,2,"NOTHING HIDDEN (SN 99836705; classes 003,005; via nothinghidden); NOTHING HIDDEN. NOTHING HARMFUL. (SN 99447453; classes 003,005,035; via nothinghidden)"
As Shown,0,1,"NO MERCY WAS SHOWN NONE WAS GIVEN (SN 99579180; classes 016,021,025; via asshown)"
No Asterisk,0,10,"ASHER THE ASTERISK (SN 97220042; classes 035; via asterisk); ASTERISK (SN 88595897; classes 035,042; via asterisk); ASTERISK GROUP (SN 88595889; classes 035,042; via asterisk); ASTERISK INTELLIGENCE (SN 87523491; classes 035; via asterisk); CUASTERISK.COM (SN 85420425; classes 035; via asterisk); CUASTERISK.COM (SN 85420434; classes 035; via asterisk); ASTERISK (SN 75906669; classes 010; via asterisk); ASTERISK (SN 75668088; classes 010,025; via asterisk)"
Stand By It,0,18,"THE FARMSTAND BY DAIRY BOY (SN 99406368; classes 035; via standby); STAND BY ME (SN 97500804; classes 035,041; via standby); STANDBY (SN 90166760; classes 035; via standby); STAND BY (SN 88908257; classes 009,010; via standby); STANDBY (SN 88824591; classes 020,021; via standby); STAND BY MIDORI-CHAN (SN 79283421; classes 021,037,044; via standby); WE STAND BY OUR PRODUCTS (SN 88247020; classes 003,005,010,025; via standby); STANDBY (SN 87725457; classes 005; via standby)"
Sure Enough,0,1,"WHO'S THE MASTA? SHO'NUFF POPCORN PROUDLY ESTABLISHED. 2021 SUPER PREMIUM QUALITY GOURMET (SN 98190065; classes 030,035; via shonuff); WHO'S THE MASTA? SHO'NUFF POPCORN PROUDLY ESTABLISHED. 2021 SUPER PREMIUM QUALITY GOURMET (SN 98190065; classes 030,035; via shonuf)"
We Mean It,0,15,"LIVE LIKE YOU MEAN IT (SN 99590249; classes 005,035; via meanit); TLYMI TRAVEL LIKE YOU MEAN IT FIND YOUR ELSEWHERE (SN 99398962; classes 008,009,016,018,021,025,035,041; via meanit); PLEASE YOURSELF LIKE YOU MEAN IT (SN 99297454; classes 005,010,025; via meanit); TRAVEL LIKE YOU MEAN IT (SN 99165098; classes 008,009,016,018,021,025,035,041; via meanit); SLEEP LIKE YOU MEAN IT (SN 98721565; classes 003,004,020,024,025; via meanit); BIG ENOUGH TO SAY IT, SMALL ENOUGH TO MEAN IT (SN 98408101; classes 035,037,039,042; via meanit); MARKET YOUR CAREER LIKE YOU MEAN IT! (SN 97112271; classes 035; via meanit); MARKET LIKE YOU MEAN IT (SN 88773333; classes 035; via meanit)"
Spelled Out,0,0,
In Writing,0,0,
Put Plainly,0,1,PLAINLY EARTH (SN 90025504; classes 003; via plainly)
Plain to See,0,0,
Show the Work,0,0,
With Reason,0,0,
Made Plain,0,1,HUCKLEBERRY MADE PLAIN (SN 99866586; classes 003; via madeplain)
Proof Required,0,366,"PROOF OF JUDGMENT (SN 99922373; classes 035,045; via proof); PROOF (SN 99919209; classes 003; via proof); FOOLPROOF (SN 99913590; classes 003,035; via proof); PROOF POINT MARKETING (SN 99913633; classes 035; via proof); THE 100 PROOF (SN 99914222; classes 035; via proof); 100 PROOF (SN 99902523; classes 035; via proof); PROOF OF LEDGER (SN 99903599; classes 035; via proof); THE PROOF PROTOCOL (SN 99867775; classes 041,044; via proof)"
Word Kept,0,1,THE KEPT WORD (SN 99565976; classes 010; via keptword)
Word and Deed,0,2,"EXTEND A HELPING HAND WITH WORDANDDEED (SN 77145742; classes 041,044; via wordanddeed); WORD & DEED (SN 78759076; classes 041,044; via worddeed)"
No Mystery,0,0,
In Full View,0,4,"FULL VIEW (SN 99844634; classes 035,042,044; via fullview); FULL VIEW (SN 97664018; classes 009,016,035,042; via fullview); NIQ FULL VIEW (SN 97663232; classes 009,016,035,042; via fullview); FULL VIEW DOOR COMPANY (SN 90981480; classes 035,037,042; via fullview)"
No Footnote,0,1,"MORE THAN A FOOTNOTE! (SN 88816860; classes 035,041; via footnote)"
No Theater,0,0,
More Than Talk,0,2,"BEYOND TALK (SN 98641560; classes 035,041; via beyondtalk); BEYOND TALK (SN 98641565; classes 035,041; via beyondtalk)"
No Blind Faith,0,1,"LOVE FAITH BFUL BLIND FAITH, UNWAVERING LOVE FAITH ISN'T A MOMENT, ITS A LIFESTYLE (SN 99862598; classes 025,035; via blindfaith)"
In Daylight,0,21,"GILBERT USA ENGINEERING COROPROPS.COM HOLIDAY LIGHTING & MORE EST.2018 (SN 99629408; classes 020,035; via daylight); DAYLIGHT MEDIA (SN 99410701; classes 035; via daylight); DAYLIGHT CURFEW (SN 99328502; classes 025,035; via daylight); DAYLIGHTRX (SN 98717862; classes 009,042,044; via daylight); DAYLIGHT (SN 98602562; classes 035; via daylight); DAYLIGHT (SN 97899562; classes 035; via daylight); DAYLIGHT COMPUTER CO. (SN 97899546; classes 035; via daylight); DAYLIGHT (SN 97753332; classes 035,042; via daylight)"
All Adds Up,0,3,"WHERE CARE ADDS UP (SN 99460428; classes 035,042; via addsup); MYRIADD SUPPLY NETWORK (SN 97707774; classes 035; via addsup); MYRIADD SUPPLY STRATEGIES (SN 97706059; classes 035; via addsup)"
Does What It Says,0,0,
