candidate,pattern_type,pattern,serial_no,registration_no,mark_id_char,mark_norm,filing_dt,status_cd,active_classes
All Adds Up,dominant,addsup,99460428,,WHERE CARE ADDS UP,wherecareaddsup,2025-10-24,661,"035,042"
All Adds Up,dominant,addsup,97707774,7358279,MYRIADD SUPPLY NETWORK,myriaddsupplynetwork,2022-12-07,700,035
All Adds Up,dominant,addsup,97706059,7358277,MYRIADD SUPPLY STRATEGIES,myriaddsupplystrategies,2022-12-06,700,035
As Shown,phrase-family,asshown,99579180,,NO MERCY WAS SHOWN NONE WAS GIVEN,nomercywasshownnonewasgiven,2026-01-06,686,"016,021,025"
Hide Nothing,reversal,nothinghidden,99836705,,NOTHING HIDDEN,nothinghidden,2026-05-20,630,"003,005"
Hide Nothing,reversal,nothinghidden,99447453,,NOTHING HIDDEN. NOTHING HARMFUL.,nothinghiddennothingharmful,2025-10-16,686,"003,005,035"
In Daylight,dominant,daylight,99629408,,GILBERT USA ENGINEERING COROPROPS.COM HOLIDAY LIGHTING & MORE EST.2018,gilbertusaengineeringcoropropscomholidaylightingmoreest2018,2026-02-02,680,"020,035"
In Daylight,dominant,daylight,99410701,,DAYLIGHT MEDIA,daylightmedia,2025-09-24,641,035
In Daylight,dominant,daylight,99328502,8168885,DAYLIGHT CURFEW,daylightcurfew,2025-08-08,700,"025,035"
In Daylight,dominant,daylight,98717862,,DAYLIGHTRX,daylightrx,2024-08-26,774,"009,042,044"
In Daylight,dominant,daylight,98602562,,DAYLIGHT,daylight,2024-06-14,973,035
In Daylight,dominant,daylight,97899562,,DAYLIGHT,daylight,2023-04-20,732,035
In Daylight,dominant,daylight,97899546,,DAYLIGHT COMPUTER CO.,daylightcomputerco,2023-04-20,732,035
In Daylight,dominant,daylight,97753332,7524646,DAYLIGHT,daylight,2023-01-13,700,"035,042"
In Daylight,dominant,daylight,97975611,7779559,DAYLIGHTRX,daylightrx,2022-01-06,700,"009,035"
In Daylight,dominant,daylight,90849970,7196939,DEAD BY DAYLIGHT,deadbydaylight,2021-07-27,700,"014,016,021"
In Daylight,dominant,daylight,79302428,6532898,SMART PDT DIGITAL DAYLIGHT PHOTODYNAMIC THERAPY,smartpdtdigitaldaylightphotodynamictherapy,2020-12-14,700,"009,010"
In Daylight,dominant,daylight,88858064,6304301,DAYLIGHT SOLUTIONS,daylightsolutions,2020-04-02,700,"009,010"
In Daylight,dominant,daylight,88586605,7347063,BROAD DAYLIGHT,broaddaylight,2019-08-21,700,035
In Daylight,dominant,daylight,88234356,5979394,BROAD DAYLIGHT,broaddaylight,2018-12-18,700,"035,041"
In Daylight,dominant,daylight,88067135,5858631,DAYLIGHT,daylight,2018-08-06,702,"009,044"
In Daylight,dominant,daylight,88054247,5747602,DAYLIGHT,daylight,2018-07-26,702,003
In Daylight,dominant,daylight,87351180,5410541,DAY-LIGHT,daylight,2017-02-27,702,010
In Daylight,dominant,daylight,86635013,5177022,DEAD BY DAYLIGHT,deadbydaylight,2015-05-19,702,"009,035,041"
In Daylight,dominant,daylight,85862026,5166628,OPENDAYLIGHT,opendaylight,2013-02-27,702,"035,038,042"
In Daylight,dominant,daylight,77681610,3883550,DAYLIGHT,daylight,2009-03-02,800,035
In Daylight,dominant,daylight,78557298,3370227,DAYLIGHT SOLUTIONS,daylightsolutions,2005-01-31,800,"009,010"
In Full View,dominant,fullview,99844634,,FULL VIEW,fullview,2026-05-26,630,"035,042,044"
In Full View,dominant,fullview,97664018,,FULL VIEW,fullview,2022-11-04,734,"009,016,035,042"
In Full View,dominant,fullview,97663232,,NIQ FULL VIEW,niqfullview,2022-11-04,734,"009,016,035,042"
In Full View,dominant,fullview,90981480,,FULL VIEW DOOR COMPANY,fullviewdoorcompany,2021-08-04,688,"035,037,042"
Made Plain,phrase-family,madeplain,99866586,,HUCKLEBERRY MADE PLAIN,huckleberrymadeplain,2026-06-04,630,003
More Than Talk,phrase-family,beyondtalk,98641560,7822636,BEYOND TALK,beyondtalk,2024-07-10,700,"035,041"
More Than Talk,phrase-family,beyondtalk,98641565,7886668,BEYOND TALK,beyondtalk,2024-07-10,700,"035,041"
No Asterisk,dominant,asterisk,97220042,7634276,ASHER THE ASTERISK,ashertheasterisk,2022-01-14,700,035
No Asterisk,dominant,asterisk,88595897,6032677,ASTERISK,asterisk,2019-08-28,702,"035,042"
No Asterisk,dominant,asterisk,88595889,6032676,ASTERISK GROUP,asteriskgroup,2019-08-28,700,"035,042"
No Asterisk,dominant,asterisk,87523491,5422264,ASTERISK INTELLIGENCE,asteriskintelligence,2017-07-11,702,035
No Asterisk,dominant,asterisk,85420425,4157068,CUASTERISK.COM,cuasteriskcom,2011-09-12,800,035
No Asterisk,dominant,asterisk,85420434,4153283,CUASTERISK.COM,cuasteriskcom,2011-09-12,800,035
No Asterisk,dominant,asterisk,75906669,2863024,ASTERISK,asterisk,2000-01-31,800,010
No Asterisk,dominant,asterisk,75668088,2931022,ASTERISK,asterisk,1999-03-25,800,"010,025"
No Asterisk,phonetic,asterix,79422048,8290141,ASTERIX,asterix,2025-03-20,700,"009,016,025,028,035,041"
No Asterisk,phonetic,asterix,98567554,,SYMMETRY ASTERIX,symmetryasterix,2024-05-24,730,"007,010"
No Blind Faith,dominant,blindfaith,99862598,,"LOVE FAITH BFUL BLIND FAITH, UNWAVERING LOVE FAITH ISN'T A MOMENT, ITS A LIFESTYLE",lovefaithbfulblindfaithunwaveringlovefaithisntamomentitsalifestyle,2026-06-03,630,"025,035"
No Footnote,dominant,footnote,88816860,6202286,MORE THAN A FOOTNOTE!,morethanafootnote,2020-03-02,701,"035,041"
Proof Required,dominant,proof,99922373,,PROOF OF JUDGMENT,proofofjudgment,2026-07-05,630,"035,045"
Proof Required,dominant,proof,99919209,,PROOF,proof,2026-07-02,630,003
Proof Required,dominant,proof,99913590,,FOOLPROOF,foolproof,2026-06-30,630,"003,035"
Proof Required,dominant,proof,99913633,,PROOF POINT MARKETING,proofpointmarketing,2026-06-30,630,035
Proof Required,dominant,proof,99914222,,THE 100 PROOF,the100proof,2026-06-30,630,035
Proof Required,dominant,proof,99902523,,100 PROOF,100proof,2026-06-24,630,035
Proof Required,dominant,proof,99903599,,PROOF OF LEDGER,proofofledger,2026-06-24,630,035
Proof Required,dominant,proof,99867775,,THE PROOF PROTOCOL,theproofprotocol,2026-06-05,630,"041,044"
Proof Required,dominant,proof,99856157,,WINDPROOF PARTNERS,windproofpartners,2026-05-31,630,"035,036,042"
Proof Required,dominant,proof,99854459,,CAREPROOF STYLING SYSTEM,careproofstylingsystem,2026-05-29,630,003
Proof Required,dominant,proof,99835347,,STAGE PROOF EYESHADOW PRIMER,stageproofeyeshadowprimer,2026-05-20,630,003
Proof Required,dominant,proof,99825389,,PARTYPROOF,partyproof,2026-05-15,630,005
Proof Required,dominant,proof,99826177,,STAGE PROOF SHADOW STICK,stageproofshadowstick,2026-05-15,630,003
Proof Required,dominant,proof,99826171,,STAGE PROOF TUBING MASCARA,stageprooftubingmascara,2026-05-15,630,003
Proof Required,dominant,proof,99818187,,CHILLPROOF TO GO,chillprooftogo,2026-05-12,630,021
Proof Required,dominant,proof,99813163,,PROOF,proof,2026-05-09,630,035
Proof Required,dominant,proof,99788801,,BULLETPROOF SOUL,bulletproofsoul,2026-04-27,630,003
Proof Required,dominant,proof,99789014,,STAGEPROOF,stageproof,2026-04-27,630,"005,025"
Proof Required,dominant,proof,99786268,,PROOF AESTHETICS,proofaesthetics,2026-04-24,630,044
Proof Required,dominant,proof,99779198,,PIRATE PROOF,pirateproof,2026-04-22,630,"021,039"
Proof Required,dominant,proof,99777760,,PROOF,proof,2026-04-21,630,"035,042"
Proof Required,dominant,proof,99770344,,TRUE PROOF,trueproof,2026-04-17,630,"014,035"
Proof Required,dominant,proof,99728345,,WIPRO INTELLIGENCE PROOF OVER PROMISE,wiprointelligenceproofoverpromise,2026-03-27,630,"035,042"
Proof Required,dominant,proof,99713622,,TREND_PROOF,trendproof,2026-03-19,630,"005,021,025"
Proof Required,dominant,proof,99693926,,FLOODPROOFING.COM,floodproofingcom,2026-03-10,630,"035,042"
Proof Required,dominant,proof,99690617,,PROOF.,proof,2026-03-09,630,"009,044"
Proof Required,dominant,proof,99675538,,THE ZERO-PROOF BOTTLE SHOP,thezeroproofbottleshop,2026-02-28,641,035
Proof Required,dominant,proof,99673255,,PROOF AND PI,proofandpi,2026-02-27,681,035
Proof Required,dominant,proof,99666850,,PROOF FIRST METHOD,prooffirstmethod,2026-02-24,681,"009,016,035,036,041"
Proof Required,dominant,proof,99645891,,WEATHERPROOF INSULATION,weatherproofinsulation,2026-02-10,658,"035,037"
Proof Required,dominant,proof,99604976,,SHIFTPROOF WELLNESS BURNOUT RECOVERY BUILT FOR SHIFT WORKERS.,shiftproofwellnessburnoutrecoverybuiltforshiftworkers,2026-01-20,641,044
Proof Required,dominant,proof,99599208,,NATUREKAST WEATHERPROOF CABINETRY,naturekastweatherproofcabinetry,2026-01-16,641,"020,035,040,042"
Proof Required,dominant,proof,99597348,,FUTURE PROOF,futureproof,2026-01-15,641,"035,041"
Proof Required,dominant,proof,99597361,,FUTURE PROOF CITYWIDE,futureproofcitywide,2026-01-15,641,"035,041"
Proof Required,dominant,proof,99597332,,FUTURE PROOF FESTIVAL,futureprooffestival,2026-01-15,641,"035,041"
Proof Required,dominant,proof,99579277,,PROOF OF WORK LABS,proofofworklabs,2026-01-06,686,005
Proof Required,dominant,proof,99571542,,BUILD WITH PROOF,buildwithproof,2025-12-30,641,"035,042"
Proof Required,dominant,proof,99571527,,PROOF,proof,2025-12-30,641,"035,042"
Proof Required,dominant,proof,99571688,,SILCOPROOF,silcoproof,2025-12-30,686,"001,002,017,035"
Proof Required,dominant,proof,99558439,,SITEPROOF,siteproof,2025-12-19,686,003
Proof Required,dominant,proof,99555903,,"WEATHER PROOF XO, AMANDA YOUR WEATHER BESTIE SETTING SPRAY",weatherproofxoamandayourweatherbestiesettingspray,2025-12-18,630,003
Proof Required,dominant,proof,99551255,,THE PROOF PROJECT,theproofproject,2025-12-16,686,"009,035,041,044"
Proof Required,dominant,proof,99538043,,PROOF ECONOMY,proofeconomy,2025-12-09,641,"035,041"
Proof Required,dominant,proof,99523968,,DEPRESSION PROOF YOUR LIFE,depressionproofyourlife,2025-12-01,641,044
Proof Required,dominant,proof,99523496,,PROOF OF RESERVE PROTECTION,proofofreserveprotection,2025-12-01,641,"035,042"
Proof Required,dominant,proof,99502906,,BULLETPROOF CHEMICAL BROS,bulletproofchemicalbros,2025-11-18,681,003
Proof Required,dominant,proof,99502896,,BULLETPROOF CHEMICAL BROS,bulletproofchemicalbros,2025-11-18,681,003
Proof Required,dominant,proof,99477001,,PROOFMARK,proofmark,2025-11-03,688,"009,035,042"
Proof Required,dominant,proof,99462711,,CANCER PROOF,cancerproof,2025-10-26,641,044
Proof Required,dominant,proof,99443300,8261210,STICKPROOFX,stickproofx,2025-10-14,700,"002,011,021"
Proof Required,dominant,proof,79437768,,DESERT PROOF,desertproof,2025-10-13,641,003
Proof Required,dominant,proof,99426958,,MADAME MOCKTAIL BOLD FLAVOR · ZERO PROOF,madamemocktailboldflavorzeroproof,2025-10-03,638,"032,035"
Proof Required,dominant,proof,79445469,,I WATERPROOF,iwaterproof,2025-09-15,641,003
Proof Required,dominant,proof,99373355,,SKIN FUTURE-PROOFING,skinfutureproofing,2025-09-03,688,003
Proof Required,dominant,proof,99373358,,WE’RE THE EXPERTS IN SKIN FUTURE-PROOFING,weretheexpertsinskinfutureproofing,2025-09-03,688,003
Proof Required,dominant,proof,99373356,,WE’RE THE SKIN FUTURE-PROOFING EXPERTS,weretheskinfutureproofingexperts,2025-09-03,688,003
Proof Required,dominant,proof,99357138,,BURDEN OF PROOF,burdenofproof,2025-08-26,641,035
Proof Required,dominant,proof,99357156,,BURDEN OF PROOF,burdenofproof,2025-08-26,641,035
Proof Required,dominant,proof,99343788,,PROOFPOINT BIOLOGICS,proofpointbiologics,2025-08-18,688,044
Proof Required,dominant,proof,99334614,,BULLETPROOF AC,bulletproofac,2025-08-13,653,"011,035"
Proof Required,dominant,proof,99323478,,IMPROOF,improof,2025-08-06,688,005
Proof Required,dominant,proof,99320489,,CONTEXTPROOF,contextproof,2025-08-05,688,035
Proof Required,dominant,proof,99319942,,FUTUREPROOF PET,futureproofpet,2025-08-04,688,"009,042,044"
Proof Required,dominant,proof,99305221,,DAILY PROOF,dailyproof,2025-07-27,688,021
Proof Required,dominant,proof,99300943,,FUTUREPROOF METHOD,futureproofmethod,2025-07-24,653,"041,044"
Proof Required,dominant,proof,99300957,,FUTUREPROOF PLAN,futureproofplan,2025-07-24,653,"041,044"
Proof Required,dominant,proof,99295464,,FUTURE PROOF,futureproof,2025-07-21,654,005
Proof Required,dominant,proof,99295456,,FUTURE PROOF PROTEIN,futureproofprotein,2025-07-21,653,005
Proof Required,dominant,proof,99285293,,POEI - PROOF OF ENVIRONMENTAL IMPACT,poeiproofofenvironmentalimpact,2025-07-15,653,"009,035,036,040,042,045"
Proof Required,dominant,proof,99251158,8125600,OOPSPROOF,oopsproof,2025-06-24,700,021
Proof Required,dominant,proof,99235164,,GOLDPROOF,goldproof,2025-06-15,688,"009,035"
Proof Required,dominant,proof,99210188,,INFLATION PROOF ELECTRIC,inflationproofelectric,2025-05-30,730,035
Proof Required,dominant,proof,99205316,,PROOF 33 PROVISIONS,proof33provisions,2025-05-28,661,"001,007,029,030,035"
Proof Required,dominant,proof,99200301,,FUTUREPROOF,futureproof,2025-05-23,651,"041,044"
Proof Required,dominant,proof,79434189,,SLIMSULATE SOUNDPROOFING,slimsulatesoundproofing,2025-05-16,645,"017,024,035"
Proof Required,dominant,proof,99180573,,LIFE-PROOF,lifeproof,2025-05-12,654,003
Proof Required,dominant,proof,99177136,,PROOF OPTIONAL,proofoptional,2025-05-09,688,"016,032,035,041,043"
Proof Required,dominant,proof,99171826,8093325,"CHILL TIME, ZERO PROOF",chilltimezeroproof,2025-05-06,700,005
Proof Required,dominant,proof,99172056,,WINDPROOF,windproof,2025-05-06,730,"035,036,042"
Proof Required,dominant,proof,99141090,8099961,THE ZERO-PROOF WHISPERER,thezeroproofwhisperer,2025-04-16,700,"035,041"
Proof Required,dominant,proof,99137752,,THE  ZERO PROOF,thezeroproof,2025-04-15,641,035
Proof Required,dominant,proof,79420738,,LIFE PROOF,lifeproof,2025-02-27,774,"003,035,044"
Proof Required,dominant,proof,99057946,7994293,HIHEPROOF,hiheproof,2025-02-26,700,021
Proof Required,dominant,proof,99048850,,DS DRYSHOD WATERPROOF FOOTWEAR,dsdryshodwaterprooffootwear,2025-02-20,730,"025,035"
Proof Required,dominant,proof,99048829,,DS DRYSHOD WATERPROOF FOOTWEAR,dsdryshodwaterprooffootwear,2025-02-20,730,"025,035"
Proof Required,dominant,proof,79419446,8155705,PROOFTAINER,prooftainer,2025-02-14,700,"006,010,011,017,020,039"
Proof Required,dominant,proof,99033258,,SUPERPROOF ZERO TRANSFER,superproofzerotransfer,2025-02-07,730,003
Proof Required,dominant,proof,79422150,8290144,HEY HARPER THE ORIGINAL WATERPROOF JEWELRY BRAND,heyharpertheoriginalwaterproofjewelrybrand,2025-02-05,700,"014,035"
Proof Required,dominant,proof,98958171,,FUTURE PROOFING YOUR LIFE,futureproofingyourlife,2025-01-13,731,035
Proof Required,dominant,proof,79417258,8155665,PROOFPAK,proofpak,2025-01-07,700,"010,011,039"
Proof Required,dominant,proof,98900252,7905961,AMSPROOF,amsproof,2024-12-12,700,010
Proof Required,dominant,proof,98900298,8277100,STAGE PROOF EYELINER,stageproofeyeliner,2024-12-12,700,003
Proof Required,dominant,proof,98894587,,BULLETPROOF,bulletproof,2024-12-10,645,005
Proof Required,dominant,proof,98884857,,BROTHER'S BOND STRAIGHT BOURBON WHISKEY BATCH NO 0036 FOUR GRAIN HIGH RYE 80 PROOF 40% ALC/VOL (80 PROOF) 750 ML 000000,brothersbondstraightbourbonwhiskeybatchno0036fourgrainhighrye80proof40alcvol80proof750ml000000,2024-12-04,641,"021,025,033"
Proof Required,dominant,proof,98885264,,STRAIGHT BOURBON WHISKEY BB HAND SELECTED BATCH 80 PROOF,straightbourbonwhiskeybbhandselectedbatch80proof,2024-12-04,661,"021,025,033"
Proof Required,dominant,proof,98777806,,FUTURE PROOFING YOUR COMPANY,futureproofingyourcompany,2024-09-30,731,035
Proof Required,dominant,proof,98703625,7840817,HEALTHPROOF,healthproof,2024-08-17,700,"035,036,042,044"
Proof Required,dominant,proof,98671577,7768513,EPIDEMIC PROOF,epidemicproof,2024-07-29,700,035
Proof Required,dominant,proof,98657501,7775403,M MACH-C LEAKPROOF,mmachcleakproof,2024-07-19,700,005
Proof Required,dominant,proof,98636506,8286570,UST HEALTHPROOF,usthealthproof,2024-07-08,700,"035,036,042,044"
Proof Required,dominant,proof,98581793,7706209,AMSPROOF,amsproof,2024-06-03,700,010
Proof Required,dominant,proof,98547818,,FUTUREPROOF PET,futureproofpet,2024-05-13,731,005
Proof Required,dominant,proof,98542574,7831582,SHAT-R-PROOF,shatrproof,2024-05-09,700,"001,002,003,004,008"
Proof Required,dominant,proof,98513918,,MONKEY PROOF,monkeyproof,2024-04-23,730,"010,021"
Proof Required,dominant,proof,98503375,,PROOF IS IN THE PIGMENT,proofisinthepigment,2024-04-16,732,"016,041,044"
Proof Required,dominant,proof,98481653,7845903,KISSPROOF,kissproof,2024-04-03,700,021
Proof Required,dominant,proof,98433963,,THE BULLETPROOF ENTREPRENEUR,thebulletproofentrepreneur,2024-03-05,774,"009,016,035,041"
Proof Required,dominant,proof,98397143,7598909,ABSENCE OF PROOF,absenceofproof,2024-02-08,700,"035,041"
Proof Required,dominant,proof,98393206,,PROOF,proof,2024-02-06,686,035
Proof Required,dominant,proof,98353744,,PROOF,proof,2024-01-11,686,035
Proof Required,dominant,proof,98353764,,PROOF NEWS,proofnews,2024-01-11,686,035
Proof Required,dominant,proof,98347201,7649575,BULLETPROOF TAX & ACCOUNTING FIRM,bulletprooftaxaccountingfirm,2024-01-08,700,035
Proof Required,dominant,proof,98324106,7564467,OUR PROOF IS IN YOUR PROFIT,ourproofisinyourprofit,2023-12-20,700,"035,037"
Proof Required,dominant,proof,98319654,,PROOF IS IN THE PILL,proofisinthepill,2023-12-18,630,044
Proof Required,dominant,proof,98297117,7550448,BPB BULLET PROOF BAJA,bpbbulletproofbaja,2023-12-04,700,"007,012,035,037"
Proof Required,dominant,proof,98297135,7550451,BULLET PROOF BAJA,bulletproofbaja,2023-12-04,700,"007,012,035,037"
Proof Required,dominant,proof,98267537,,LET'SGETPROOF,letsgetproof,2023-11-13,686,"035,036,041,042"
Proof Required,dominant,proof,98254007,7837044,PROOF NOTE,proofnote,2023-11-03,700,021
Proof Required,dominant,proof,98249608,8111626,PANICKING PROVIDER PROOF,panickingproviderproof,2023-11-01,700,005
Proof Required,dominant,proof,98218463,8191208,INFINITY WATERPROOF,infinitywaterproof,2023-10-11,700,003
Proof Required,dominant,proof,98201065,,BULLETPROOF COSMETICS,bulletproofcosmetics,2023-09-27,686,"003,014"
Proof Required,dominant,proof,98200134,,PROOF 33,proof33,2023-09-27,732,035
Proof Required,dominant,proof,98187475,,P PROOF,pproof,2023-09-19,688,035
Proof Required,dominant,proof,98187414,,PROOF,proof,2023-09-19,688,035
Proof Required,dominant,proof,98164839,7481706,PROOF OF WORKFORCE,proofofworkforce,2023-09-05,700,"035,041"
Proof Required,dominant,proof,98147180,7690485,THE PROOF IS IN THE POOP,theproofisinthepoop,2023-08-23,700,005
Proof Required,dominant,proof,98139769,,PROOF OF LIFE,proofoflife,2023-08-18,730,"035,036,042"
Proof Required,dominant,proof,98109726,7457032,PROOF OF LIFE AFTER DEATH,proofoflifeafterdeath,2023-07-31,700,"035,041,044,045"
Proof Required,dominant,proof,98098893,7560977,THERMOPROOF,thermoproof,2023-07-24,700,021
Proof Required,dominant,proof,98092344,7388023,ORIGINAL WEATHERPROOF VINTAGE SINCE 1948,originalweatherproofvintagesince1948,2023-07-19,700,021
Proof Required,dominant,proof,98089509,7892853,PROOFED,proofed,2023-07-18,700,003
Proof Required,dominant,proof,98084045,7389873,CLIMATE-PROOF SKINCARE,climateproofskincare,2023-07-13,700,003
Proof Required,dominant,proof,98083276,7547973,HIGH-PROOF CREATIVE,highproofcreative,2023-07-13,700,"035,042"
Proof Required,dominant,proof,98064393,7339986,PEEL & REVEAL WATERPROOF LIP GLOSS,peelrevealwaterprooflipgloss,2023-06-29,700,003
Proof Required,dominant,proof,98052895,7827839,BABY PROOF ME ESSENTIALS,babyproofmeessentials,2023-06-21,700,"010,011,021"
Proof Required,dominant,proof,98053940,,NOTARIZE WITH PROOF,notarizewithproof,2023-06-21,688,"035,041"
Proof Required,dominant,proof,98053797,,PROOF,proof,2023-06-21,688,"035,041"
Proof Required,dominant,proof,98009709,7615709,PROOF-IT,proofit,2023-05-23,700,"009,016,035,042"
Proof Required,dominant,proof,97939249,7401474,GOLDEN PROOF,goldenproof,2023-05-16,700,003
Proof Required,dominant,proof,97912891,,PRESS PROOF,pressproof,2023-04-28,733,003
Proof Required,dominant,proof,97906155,7453896,EBIN NEW YORK WONDER LACE BOND LACE WIG ADHESIVE EXTREME FIRM HOLD SUPREME IMPROVED FORMULA FAST DRYING PERSPIRATION RESISTANT WATERPROOF BEAUTICIAN'S NO. 1 CHOICE,ebinnewyorkwonderlacebondlacewigadhesiveextremefirmholdsupremeimprovedformulafastdryingperspirationresistantwaterproofbeauticiansno1choice,2023-04-25,700,003
Proof Required,dominant,proof,97902759,7485044,MASTERPROOFING,masterproofing,2023-04-23,700,021
Proof Required,dominant,proof,97882287,,PROOF,proof,2023-04-11,688,"035,041"
Proof Required,dominant,proof,97881306,7341397,PROOF A.I.,proofai,2023-04-10,700,035
Proof Required,dominant,proof,97836477,,SHATTERPROOF,shatterproof,2023-03-13,653,"035,036"
Proof Required,dominant,proof,79373193,7708828,REGPROOF,regproof,2023-03-10,700,"035,042"
Proof Required,dominant,proof,97794305,,FUTURE PROOF ELIXIR,futureproofelixir,2023-02-14,732,005
Proof Required,dominant,proof,97789644,,VINTAGE & BLACK WEATHERPROOF,vintageblackweatherproof,2023-02-10,733,"025,035"
Proof Required,dominant,proof,97719464,8090948,COLD PROOF,coldproof,2022-12-15,700,005
Proof Required,dominant,proof,97702874,7382374,OVUPROOF,ovuproof,2022-12-03,700,005
Proof Required,dominant,proof,97657449,7246818,FUNERAL PROOF,funeralproof,2022-11-01,700,003
Proof Required,dominant,proof,97641044,,BROTHER'S BOND STRAIGHT BOURBON WHISKEY HAND SELECTED BATCH DISTILLED AND CRAFTED IN THE TRADITION OF ALL GREAT BOURBON 40% ALC/VOL (80 PROOF) 750 ML,brothersbondstraightbourbonwhiskeyhandselectedbatchdistilledandcraftedinthetraditionofallgreatbourbon40alcvol80proof750ml,2022-10-20,733,"021,025,033"
Proof Required,dominant,proof,97636885,7229044,SHAME PROOF PARENTING,shameproofparenting,2022-10-18,700,"041,044"
Proof Required,dominant,proof,97631418,7215072,PLUME & PROOF,plumeproof,2022-10-13,700,"034,035,043"
Proof Required,dominant,proof,97615519,7266361,ROBOT PROOF,robotproof,2022-09-30,700,"035,042"
Proof Required,dominant,proof,97615459,7266359,ROBOTPROOF,robotproof,2022-09-30,700,"035,042"
Proof Required,dominant,proof,97615481,7266360,ROBOTPROOF,robotproof,2022-09-30,700,"035,042"
Proof Required,dominant,proof,97609372,7189469,SHATTERPROOF FHE HEALTH,shatterprooffhehealth,2022-09-27,790,044
Proof Required,dominant,proof,97607538,7189467,SHATTERPROOF FHE HEALTH,shatterprooffhehealth,2022-09-26,790,044
Proof Required,dominant,proof,97539584,7883049,HUNT PROOF,huntproof,2022-08-08,700,"009,035"
Proof Required,dominant,proof,97514691,7150223,STATICPROOF,staticproof,2022-07-21,700,035
Proof Required,dominant,proof,97471888,7348099,ADVENTURE-PROOF,adventureproof,2022-06-23,700,003
Proof Required,dominant,proof,79351194,7171967,ARTIST PROOF,artistproof,2022-05-17,700,"003,018,025"
Proof Required,dominant,proof,97359258,7361174,ALL-TEX WATERPROOFING SOLUTIONS,alltexwaterproofingsolutions,2022-04-12,700,035
Proof Required,dominant,proof,97299027,7035091,PROOF CULTURE,proofculture,2022-03-07,700,"035,037"
Proof Required,dominant,proof,97289521,8137621,SURFPROOF,surfproof,2022-03-01,700,003
Proof Required,dominant,proof,79338103,6927034,CEMPROOF,cemproof,2022-02-22,700,"006,017,035"
Proof Required,dominant,proof,97255603,7118415,STORYPROOFING,storyproofing,2022-02-07,700,"035,041"
Proof Required,dominant,proof,97231505,7004283,HEALPROOF METHODS,healproofmethods,2022-01-21,700,044
Proof Required,dominant,proof,97187122,7057063,BUG PROOF YOUR ADVENTURES,bugproofyouradventures,2021-12-23,700,035
Proof Required,dominant,proof,97124524,7140423,DARYL PROOF,darylproof,2021-11-15,700,"013,021"
Proof Required,dominant,proof,97079512,7414386,GYMBOREE PLAYPROOF,gymboreeplayproof,2021-10-18,700,035
Proof Required,dominant,proof,97076135,6899695,PROOF NO MORE,proofnomore,2021-10-15,700,035
Proof Required,dominant,proof,79328781,6970397,CELLPROOF,cellproof,2021-10-11,700,003
Proof Required,dominant,proof,97010747,,PROVIDENCE SPILLPROOF,providencespillproof,2021-09-03,654,"010,021"
Proof Required,dominant,proof,90835408,,APPLYPROOF,applyproof,2021-07-19,641,"009,035,039,041,042"
Proof Required,dominant,proof,79331123,7028300,SOLARPROOF,solarproof,2021-07-06,700,"001,003,025"
Proof Required,dominant,proof,90805058,7151656,FUTUREPROOF HUMANS,futureproofhumans,2021-06-30,700,"035,041"
Proof Required,dominant,proof,90797032,7039594,SEXPROOF,sexproof,2021-06-26,700,003
Proof Required,dominant,proof,79327092,7045335,FUTURE PROOF,futureproof,2021-06-21,700,"035,041,045"
Proof Required,dominant,proof,90777234,6718615,100% LIFEPROOF. 0% WORRIES.,100lifeproof0worries,2021-06-16,700,"019,035"
Proof Required,dominant,proof,90759147,6765625,BULLPROOF,bullproof,2021-06-07,700,005
Proof Required,dominant,proof,90732526,6744966,FEARLESS LEAKPROOF,fearlessleakproof,2021-05-25,700,005
Proof Required,dominant,proof,90705443,,PROOFLY,proofly,2021-05-12,686,003
Proof Required,dominant,proof,90660622,6862270,CROWD PROOF,crowdproof,2021-04-21,700,035
Proof Required,dominant,proof,90602867,7101450,USTHEALTHPROOF,usthealthproof,2021-03-25,700,"035,036,042,044"
Proof Required,dominant,proof,90581390,6981350,GRANDEMASCARA WATERPROOF,grandemascarawaterproof,2021-03-16,700,003
Proof Required,dominant,proof,90572873,6867423,THE PROOF IS IN YOUR COLOR,theproofisinyourcolor,2021-03-11,700,003
Proof Required,dominant,proof,90555477,7327920,AGE PROOF YOUR BODY,ageproofyourbody,2021-03-02,700,"010,025"
Proof Required,dominant,proof,90535478,6689751,BULLETPROOF GUARANTEE,bulletproofguarantee,2021-02-19,700,035
Proof Required,dominant,proof,90535379,6612391,FIREPROOF,fireproof,2021-02-19,700,035
Proof Required,dominant,proof,90504976,6601364,IDIOT PROOF LAWN CARE PROGRAM,idiotprooflawncareprogram,2021-02-02,700,005
Proof Required,dominant,proof,90455551,7013098,PANDEMIC PROOF PAYROLL,pandemicproofpayroll,2021-01-08,700,035
Proof Required,dominant,proof,90425856,6573553,FULL PROOF BAKING,fullproofbaking,2020-12-29,700,035
Proof Required,dominant,proof,79305074,6714898,PARIS PROOF,parisproof,2020-12-22,700,"035,042"
Proof Required,dominant,proof,90399406,,PROOF AT THE SPEED OF LIFE,proofatthespeedoflife,2020-12-21,748,"035,041,042"
Proof Required,dominant,proof,90387044,6720096,THE ONE-STOP ROOF-TOP SHOP,theonestoprooftopshop,2020-12-16,700,035
Proof Required,dominant,proof,90304532,7516453,LIFEPROOF,lifeproof,2020-11-06,700,010
Proof Required,dominant,proof,90300951,6800018,EARPRO WATERPROOF YOUR EARS,earprowaterproofyourears,2020-11-05,700,003
Proof Required,dominant,proof,90281773,6460124,OBESITY-PROOF YOUR PRACTICE,obesityproofyourpractice,2020-10-27,700,"041,044"
Proof Required,dominant,proof,90250993,6634588,KERAPROOF,keraproof,2020-10-13,700,003
Proof Required,dominant,proof,90252671,6409266,"NO SPOOF, WATERPROOF",nospoofwaterproof,2020-10-13,700,005
Proof Required,dominant,proof,90234886,6660819,BEACON WATERPROOFING PRODUCTS,beaconwaterproofingproducts,2020-10-05,700,035
Proof Required,dominant,proof,90231855,6649470,IBERHANSE P.R.O.O.F. NATURGREEN GIVE NATURE A CHANCE! X X,iberhanseproofnaturgreengivenatureachancexx,2020-10-02,700,044
Proof Required,dominant,proof,90162817,6603888,AGINGPROOF,agingproof,2020-09-07,700,005
Proof Required,dominant,proof,90062624,6542320,PROOF TEAM,proofteam,2020-07-20,700,035
Proof Required,dominant,proof,90056368,6444520,PLANT PROOF,plantproof,2020-07-16,700,"041,043,044"
Proof Required,dominant,proof,90022128,6624878,BULLETPROOF CFO,bulletproofcfo,2020-06-26,700,035
Proof Required,dominant,proof,90015660,6629964,LIFEPROOF,lifeproof,2020-06-23,700,"003,021"
Proof Required,dominant,proof,88960949,6747483,STAGE PROOF LIQUID LINER,stageproofliquidliner,2020-06-11,700,003
Proof Required,dominant,proof,88960911,6368139,STAGE PROOF MATTE SETTING SPRAY,stageproofmattesettingspray,2020-06-11,700,003
Proof Required,dominant,proof,88947813,6533430,TRAFFICPROOF ELITE UNLOCK FREEDOM,trafficproofeliteunlockfreedom,2020-06-04,700,035
Proof Required,dominant,proof,79302846,6661824,PROOF,proof,2020-05-25,700,"035,042"
Proof Required,dominant,proof,88909836,6169505,THAT'S PROOF,thatsproof,2020-05-11,700,"035,042"
Proof Required,dominant,proof,88882176,6169438,PROOF BY SOUTHERN GLAZER'S,proofbysouthernglazers,2020-04-22,700,035
Proof Required,dominant,proof,88882180,6169440,SG PROOF,sgproof,2020-04-22,700,035
Proof Required,dominant,proof,88882179,6169439,SG PROOF,sgproof,2020-04-22,700,035
Proof Required,dominant,proof,88850201,6296834,THE PROOF IS IN THE SCIENCE,theproofisinthescience,2020-03-27,700,005
Proof Required,dominant,proof,88817336,6173529,PROOF A BAR + INCUBATOR,proofabarincubator,2020-03-02,700,"035,043"
Proof Required,dominant,proof,88804754,6198766,PROOF LOGISTICS GROUP INC,prooflogisticsgroupinc,2020-02-20,700,035
Proof Required,dominant,proof,88796353,,PROOF OF STATE,proofofstate,2020-02-13,654,035
Proof Required,dominant,proof,88789162,6146427,ORIGINAL WEATHERPROOF VINTAGE SINCE 1948,originalweatherproofvintagesince1948,2020-02-07,700,"025,035"
Proof Required,dominant,proof,88730973,6373911,LISIPROOF,lisiproof,2019-12-17,700,035
Proof Required,dominant,proof,88686532,6079055,PROOF WORKS,proofworks,2019-11-10,700,035
Proof Required,dominant,proof,88664893,6139989,THE PROOFING BOX,theproofingbox,2019-10-23,700,035
Proof Required,dominant,proof,88653122,6149337,KRAMPROOF,kramproof,2019-10-14,700,005
Proof Required,dominant,proof,88650045,6218024,GIACT IDENTITY PROOFING,giactidentityproofing,2019-10-10,700,"035,036,042"
Proof Required,dominant,proof,88642067,6052286,FUTURE-PROOF TALENT.,futureprooftalent,2019-10-04,702,035
Proof Required,dominant,proof,88634691,6598365,FUCK PROOF,fuckproof,2019-09-27,700,003
Proof Required,dominant,proof,88629026,6161933,OOPSY PROOF,oopsyproof,2019-09-24,700,003
Proof Required,dominant,proof,88620051,7055630,BULLETPROOF NONPROFIT,bulletproofnonprofit,2019-09-17,700,035
Proof Required,dominant,proof,88608912,6240837,BEACON WEATHERPROOFING PRODUCTS,beaconweatherproofingproducts,2019-09-09,700,035
Proof Required,dominant,proof,88595593,6018400,EMOTIONPROOF,emotionproof,2019-08-28,702,003
Proof Required,dominant,proof,88583996,5923185,PROOFS DIRECT,proofsdirect,2019-08-19,701,035
Proof Required,dominant,proof,88581482,6186246,FUTURE-PROOF THE WHOLE MOUTH,futureproofthewholemouth,2019-08-16,700,003
Proof Required,dominant,proof,88578909,6323186,DEFENDER SQUIRREL PROOF BIRD FEEDER,defendersquirrelproofbirdfeeder,2019-08-14,700,021
Proof Required,dominant,proof,88578905,6323185,DEFENDER SQUIRREL PROOF BIRD FEEDER,defendersquirrelproofbirdfeeder,2019-08-14,700,021
Proof Required,dominant,proof,88535472,5982748,VOKPROOF,vokproof,2019-07-25,701,010
Proof Required,dominant,proof,88522536,5973084,COLORPROOF COLOR CARE AUTHORITY,colorproofcolorcareauthority,2019-07-18,700,003
Proof Required,dominant,proof,88503798,6093948,YOGA WATERPROOF MASCARA,yogawaterproofmascara,2019-07-08,700,003
Proof Required,dominant,proof,88501528,6187852,ECOSYSTEM P.R.O.O.F. PROTECTION AND RECOVERY OF ORIGINAL FAUNE,ecosystemproofprotectionandrecoveryoforiginalfaune,2019-07-05,700,"031,044"
Proof Required,dominant,proof,88492530,5955453,200 PROOF,200proof,2019-06-27,701,035
Proof Required,dominant,proof,88492542,6105145,200 PROOF STAFFING,200proofstaffing,2019-06-27,700,035
Proof Required,dominant,proof,88476796,6234630,(MIST)AKE PROOF,mistakeproof,2019-06-17,700,003
Proof Required,dominant,proof,88450212,6228965,FUTURE PROOF,futureproof,2019-05-29,702,035
Proof Required,dominant,proof,88436210,5953687,PROOF,proof,2019-05-17,700,035
Proof Required,dominant,proof,79260309,6055535,GENEPROOF,geneproof,2019-04-15,700,"001,005,010"
Proof Required,dominant,proof,88365553,6187720,FUTUREPROOF YOUR BODY,futureproofyourbody,2019-04-01,700,"009,010,025,028,035,041,044"
Proof Required,dominant,proof,88346904,6131215,THE WATERPROOF ONE,thewaterproofone,2019-03-19,700,003
Proof Required,dominant,proof,88345016,6049031,PROOF SKIN SOLUTIONS,proofskinsolutions,2019-03-18,700,003
Proof Required,dominant,proof,88337852,5951710,EARTH PROOF ELIXIRS,earthproofelixirs,2019-03-13,700,003
Proof Required,dominant,proof,88318342,6009361,PROOF.,proof,2019-02-27,702,005
Proof Required,dominant,proof,79257419,6035892,TRAVEL PROOF,travelproof,2019-02-27,700,"035,041"
Proof Required,dominant,proof,88290885,6190510,LIVING PROOF,livingproof,2019-02-06,700,005
Proof Required,dominant,proof,88256577,5898938,HEROPROOF,heroproof,2019-01-10,701,010
Proof Required,dominant,proof,88250536,5987678,FUTUREPROOF WELLNESS,futureproofwellness,2019-01-04,700,044
Proof Required,dominant,proof,88250089,5987675,FUTUREPROOF WELLNESS,futureproofwellness,2019-01-04,700,044
Proof Required,dominant,proof,88982163,6442637,SG PROOF,sgproof,2018-12-14,700,"035,042"
Proof Required,dominant,proof,88214463,5957237,LIFE PROOF,lifeproof,2018-12-03,700,005
Proof Required,dominant,proof,88151635,5947443,BODY OF PROOF,bodyofproof,2018-10-11,702,"035,044"
Proof Required,dominant,proof,88074174,5869627,RADARPROOF,radarproof,2018-08-10,702,035
Proof Required,dominant,proof,88003751,5802021,KITCHEN-PROOF FLOORING,kitchenproofflooring,2018-06-18,702,035
Proof Required,dominant,proof,87939199,5958615,PROOF OF SPEED,proofofspeed,2018-05-29,700,"009,035,036,042"
Proof Required,dominant,proof,87925516,5956481,EXPRESSION PROOF,expressionproof,2018-05-17,702,003
Proof Required,dominant,proof,87923507,5875193,FLOODPROOFING.COM,floodproofingcom,2018-05-16,702,"035,042"
Proof Required,dominant,proof,87896579,5723676,H-PROOF,hproof,2018-04-27,702,005
Proof Required,dominant,proof,87872414,6241793,FLOODPROOFING.COM,floodproofingcom,2018-04-11,700,"035,042"
Proof Required,dominant,proof,87862652,5705039,XRP WATERPROOF FLOORS,xrpwaterprooffloors,2018-04-04,702,035
Proof Required,dominant,proof,87857947,6211546,GET PROOF,getproof,2018-03-30,700,035
Proof Required,dominant,proof,87980627,5783345,PROOF,proof,2018-03-22,702,"035,042"
Proof Required,dominant,proof,87980820,5801956,PROOF BY SOUTHERN GLAZER'S,proofbysouthernglazers,2018-03-22,702,"035,042"
Proof Required,dominant,proof,87980865,5801962,SG PROOF BY SOUTHERN GLAZER'S,sgproofbysouthernglazers,2018-03-22,702,"035,042"
Proof Required,dominant,proof,79227968,5521872,WONDER'PROOF,wonderproof,2018-01-10,706,003
Proof Required,dominant,proof,87729890,6436668,LIFEPROOF,lifeproof,2017-12-21,700,021
Proof Required,dominant,proof,87671371,5486491,TRADEMARK SOUNDPROOFING,trademarksoundproofing,2017-11-03,702,035
Proof Required,dominant,proof,87640465,6061356,BULLETPROOF BALLERINA,bulletproofballerina,2017-10-10,701,035
Proof Required,dominant,proof,87610052,5900034,DARN-NEAR BULLET PROOF,darnnearbulletproof,2017-09-15,702,035
Proof Required,dominant,proof,87978935,5624301,FOOLPROOF BODY,foolproofbody,2017-06-23,705,005
Proof Required,dominant,proof,87503235,5482549,THE PROOF IS IN THE PEEL!,theproofisinthepeel,2017-06-23,702,003
Proof Required,dominant,proof,87497329,5506353,PROOF OF PROOF,proofofproof,2017-06-20,702,"009,035,042"
Proof Required,dominant,proof,87487728,5563580,FUTUREPROOF,futureproof,2017-06-13,701,035
Proof Required,dominant,proof,87437041,5489616,CLEAR PROOF THE GO SET,clearproofthegoset,2017-05-04,702,"003,005"
Proof Required,dominant,proof,87319885,5271128,TREKPROOF,trekproof,2017-01-31,701,010
Proof Required,dominant,proof,87976717,5445141,FLEX PROOF,flexproof,2017-01-20,702,021
Proof Required,dominant,proof,87259965,5434290,THE PROOF IS IN THE PACKET,theproofisinthepacket,2016-12-07,702,003
Proof Required,dominant,proof,87254566,5318612,PROOF,proof,2016-12-02,701,021
Proof Required,dominant,proof,87229132,5376533,CHEW PROOF IT!,chewproofit,2016-11-07,702,005
Proof Required,dominant,proof,87203638,5209021,PROOF DIGITAL,proofdigital,2016-10-14,702,"035,042"
Proof Required,dominant,proof,87161582,5325326,JETTPROOF,jettproof,2016-09-06,702,"010,025"
Proof Required,dominant,proof,87103929,5991465,BULLET PROOF,bulletproof,2016-07-14,700,010
Proof Required,dominant,proof,79200436,5234547,EUROMED PHYTOPROOF,euromedphytoproof,2016-06-29,706,"001,035"
Proof Required,dominant,proof,87085404,5415381,PROOF ENGINE,proofengine,2016-06-27,702,"009,035,042"
Proof Required,dominant,proof,87058515,5207796,BIOMED PROOFREADING,biomedproofreading,2016-06-02,702,"035,041"
Proof Required,dominant,proof,86969273,5099360,BLONDO WATERPROOF EST 1910,blondowaterproofest1910,2016-04-08,702,035
Proof Required,dominant,proof,86981479,5392404,PROOF,proof,2016-03-29,790,"005,009,042,044"
Proof Required,dominant,proof,86984125,5640177,BULLETPROOF,bulletproof,2015-11-30,705,"021,029,030,035,041,044,045"
Proof Required,dominant,proof,76718511,5130772,BULLET PROOF,bulletproof,2015-09-29,800,035
Proof Required,dominant,proof,76718512,5220127,BULLETPROOFDIESEL,bulletproofdiesel,2015-09-29,702,035
Proof Required,dominant,proof,86764334,4955571,LIVING PROOF,livingproof,2015-09-22,800,035
Proof Required,dominant,proof,86745741,4915817,TIGHTLINE WATERPROOF,tightlinewaterproof,2015-09-02,701,003
Proof Required,dominant,proof,86615573,4991251,LIMBO WATERPROOF PROTECTORS,limbowaterproofprotectors,2015-04-30,701,010
Proof Required,dominant,proof,86613998,5042181,GOOF PROOF BROW PENCIL,goofproofbrowpencil,2015-04-29,701,003
Proof Required,dominant,proof,86607937,4976226,PROOF* PR,proofpr,2015-04-23,701,035
Proof Required,dominant,proof,86518801,5156670,ACARA SKINCARE PROOF THAT LESS IS MORE,acaraskincareproofthatlessismore,2015-01-29,800,003
Proof Required,dominant,proof,86363717,4726758,"UNITED UNION OF ROOFERS, WATERPROOFERS & ALLIED WORKERS",unitedunionofrooferswaterproofersalliedworkers,2014-08-12,800,"035,037,041"
Proof Required,dominant,proof,86363189,4726755,"UNITED UNION OF ROOFERS, WATERPROOFERS & ALLIED WORKERS",unitedunionofrooferswaterproofersalliedworkers,2014-08-11,800,"035,037,041"
Proof Required,dominant,proof,86256616,5891449,LIVING PROOF,livingproof,2014-04-18,702,"025,030,035"
Proof Required,dominant,proof,86205865,6549821,FUTURE PROOF LABS,futureprooflabs,2014-02-27,700,"035,041,042"
Proof Required,dominant,proof,86056927,4577520,TOP ROOF MARKETING,toproofmarketing,2013-09-05,800,035
Proof Required,dominant,proof,86047585,4540670,PROOF,proof,2013-08-26,800,005
Proof Required,dominant,proof,86021992,4553273,SHATTERPROOF,shatterproof,2013-07-29,800,"035,036,041"
Proof Required,dominant,proof,86011054,4657150,WE ARE THE SCIENCE. YOU ARE THE LIVING PROOF.,wearethescienceyouarethelivingproof,2013-07-16,800,003
Proof Required,dominant,proof,85970955,4633402,PROOF,proof,2013-06-26,800,"041,044"
Proof Required,dominant,proof,85927277,4562456,LIVING PROOF STYLE | LAB,livingproofstylelab,2013-05-09,800,003
Proof Required,dominant,proof,85879988,4856014,E EVOLUTIONPROOF HAIR PROFESSIONALS,eevolutionproofhairprofessionals,2013-03-19,702,003
Proof Required,dominant,proof,85871606,4418277,201 PROOF,201proof,2013-03-08,800,035
Proof Required,dominant,proof,85862978,4499402,IDIOT PROOF INCOME,idiotproofincome,2013-02-28,800,035
Proof Required,dominant,proof,85851342,4417795,PROOF PRICING,proofpricing,2013-02-15,800,035
Proof Required,dominant,proof,85818164,4569102,SMOOTHPROOF,smoothproof,2013-01-08,800,003
Proof Required,dominant,proof,85796756,4371990,100 PROOF,100proof,2012-12-06,800,003
Proof Required,dominant,proof,85796828,4358110,"SLIDE ON, GLIDE ON, STAY ON & DEFINITELY A TURN ON WATER PROOF, EXTREME SHINE EYE LINER (THIS EYE LINER IS SO GOOD, THE NAME HAD TO BE THIS LONG!)",slideonglideonstayondefinitelyaturnonwaterproofextremeshineeyelinerthiseyelinerissogoodthenamehadtobethislong,2012-12-06,800,003
Proof Required,dominant,proof,85771178,4360963,LIFEPROOF,lifeproof,2012-11-05,800,035
Proof Required,dominant,proof,85759556,4317253,LIVING PROOF,livingproof,2012-10-22,800,003
Proof Required,dominant,proof,85733965,4506465,CLEARPROOF MARY KAY,clearproofmarykay,2012-09-20,800,"003,005"
Proof Required,dominant,proof,85733135,4452336,CLEARPROOF,clearproof,2012-09-19,800,"003,005"
Proof Required,dominant,proof,85715850,4441216,LIVING PROOF. PERFECT HAIR DAY,livingproofperfecthairday,2012-08-29,800,003
Proof Required,dominant,proof,85685061,4415825,SO ACCURATE WE CALL IT THE ERROR PROOF TEST,soaccuratewecallittheerrorprooftest,2012-07-24,800,005
Proof Required,dominant,proof,85672921,4495539,FRIZZPROOF,frizzproof,2012-07-10,800,003
Proof Required,dominant,proof,85595291,4394697,BULLETPROOF BRAND CONDOMS,bulletproofbrandcondoms,2012-04-11,800,010
Proof Required,dominant,proof,85529918,4645491,FUTURE PROOF,futureproof,2012-01-31,800,035
Proof Required,dominant,proof,85429723,4262298,COVERPROOF,coverproof,2011-09-22,800,003
Proof Required,dominant,proof,85371915,4547951,COLORPROOF,colorproof,2011-07-14,800,003
Proof Required,dominant,proof,85342856,4444227,CLEAR PROOF,clearproof,2011-06-10,800,"003,005"
Proof Required,dominant,proof,79100887,4208288,NORTHPROOF,northproof,2011-05-26,706,"025,035"
Proof Required,dominant,proof,85306825,4124496,MESS-PROOF PET BOWLS!,messproofpetbowls,2011-04-28,800,021
Proof Required,dominant,proof,85285242,4222682,COLORPROOF,colorproof,2011-04-04,800,003
Proof Required,dominant,proof,85136013,3965822,SAFE-T-PROOF,safetproof,2010-09-22,800,"019,035"
Proof Required,dominant,proof,77938082,3952105,PROOFBOX,proofbox,2010-02-17,800,035
Proof Required,dominant,proof,79080841,3841772,PATHOPROOF,pathoproof,2010-01-29,706,"001,005"
Proof Required,dominant,proof,77888437,3814440,WW SPILL-PROOF HOME FRAGRANCE DIFFUSER,wwspillproofhomefragrancediffuser,2009-12-08,800,003
Proof Required,dominant,proof,77833412,4010818,WEBPROOF,webproof,2009-09-23,800,"009,035,038,039,042"
Proof Required,dominant,proof,77826919,3780929,FUTUREPROOF,futureproof,2009-09-15,800,"035,037,042,044"
Proof Required,dominant,proof,77630641,3647232,INSTAPROOFS,instaproofs,2008-12-10,800,035
Proof Required,dominant,proof,79063170,3807138,PHY PROOF PROOF OF QUALITY FOR MARKERS,phyproofproofofqualityformarkers,2008-08-26,706,"005,042,044"
Proof Required,dominant,proof,77532586,3561073,BIRD-PROOF,birdproof,2008-07-28,800,005
Proof Required,dominant,proof,77526243,3580164,PROOF LAB,prooflab,2008-07-18,800,"025,035"
Proof Required,dominant,proof,77982959,4115514,TWIST 'N CLICK LEAK-PROOF SEAL,twistnclickleakproofseal,2008-05-09,800,021
Proof Required,dominant,proof,77977459,3667819,LIVING PROOF,livingproof,2008-05-07,800,003
Proof Required,dominant,proof,76685727,3616438,FINGERPRINT PROOF,fingerprintproof,2008-01-14,800,021
Proof Required,dominant,proof,77283117,3515056,WATERPROOF BODY PROTECTION,waterproofbodyprotection,2007-09-19,800,010
Proof Required,dominant,proof,77150502,3347882,WATERPROOF PIXIES,waterproofpixies,2007-04-06,800,010
Proof Required,dominant,proof,77107985,3400829,THE PROOF IS ON THE SHEET!,theproofisonthesheet,2007-02-15,800,003
Proof Required,dominant,proof,77093446,3664066,PROOF BEFORE PROMISES,proofbeforepromises,2007-01-29,800,005
Proof Required,dominant,proof,78838524,3317496,PROOFCO,proofco,2006-03-16,800,"035,042"
Proof Required,dominant,proof,76654589,3182429,BUMP-PROOF,bumpproof,2006-02-02,800,021
Proof Required,dominant,proof,78770152,3366885,BULLETPROOF YOUR IMMUNE SYSTEM,bulletproofyourimmunesystem,2005-12-09,800,005
Proof Required,dominant,proof,78744851,3482204,PROOFPLUS,proofplus,2005-11-01,800,"035,040,041"
Proof Required,dominant,proof,78699388,3697153,FILE PROOF,fileproof,2005-08-24,800,035
Proof Required,dominant,proof,78591783,3191253,BULLET-PROOF STRENGTH,bulletproofstrength,2005-03-21,800,003
Proof Required,dominant,proof,76346617,2715222,WELLFLEET UMBER CHINA VITRIFIED OVENPROOF LEAD FREE,wellfleetumberchinavitrifiedovenproofleadfree,2001-12-07,800,021
Proof Required,dominant,proof,78043867,2522794,REJECTIONPROOF,rejectionproof,2001-01-19,800,"035,041"
Proof Required,dominant,proof,76123148,2614112,SPILLPROOF ORGANIC AIR FRESHENER,spillprooforganicairfreshener,2000-09-06,800,005
Proof Required,dominant,proof,74724737,2124168,KISSPROOF,kissproof,1995-09-05,800,003
Proof Required,dominant,proof,73789398,1614548,THORNPROOF,thornproof,1989-03-27,800,003
Proof Required,dominant,proof,73088185,1055882,WEATHER PROOFER,weatherproofer,1976-05-24,800,003
Proof Required,dominant,proof,71516152,0505682,SHAT-R-PROOF,shatrproof,1947-07-14,800,021
Put Plainly,dominant,plainly,90025504,6256414,PLAINLY EARTH,plainlyearth,2020-06-29,701,003
Stand By It,phrase-family,standby,99406368,8240178,THE FARMSTAND BY DAIRY BOY,thefarmstandbydairyboy,2025-09-22,700,035
Stand By It,phrase-family,standby,97500804,7149204,STAND BY ME,standbyme,2022-07-13,700,"035,041"
Stand By It,phrase-family,standby,90166760,6352970,STANDBY,standby,2020-09-08,700,035
Stand By It,phrase-family,standby,88908257,6390812,STAND BY,standby,2020-05-09,700,"009,010"
Stand By It,phrase-family,standby,88824591,6931465,STANDBY,standby,2020-03-06,700,"020,021"
Stand By It,phrase-family,standby,79283421,6317769,STAND BY MIDORI-CHAN,standbymidorichan,2020-01-22,700,"021,037,044"
Stand By It,phrase-family,standby,88247020,5963036,WE STAND BY OUR PRODUCTS,westandbyourproducts,2019-01-02,700,"003,005,010,025"
Stand By It,phrase-family,standby,87725457,5519484,STANDBY,standby,2017-12-18,701,005
Stand By It,phrase-family,standby,87361940,5321985,STANDBY STAFFING,standbystaffing,2017-03-07,702,035
Stand By It,phrase-family,standby,87123332,5320395,STANDBYMD,standbymd,2016-08-01,702,"035,036,044"
Stand By It,phrase-family,standby,86634752,5087519,STAND BY ME,standbyme,2015-05-19,702,044
Stand By It,phrase-family,standby,86394507,4853807,THE STANDBY POWER PEOPLE,thestandbypowerpeople,2014-09-15,702,"035,037"
Stand By It,phrase-family,standby,86049244,5176651,WE STAND BY OUR GOODS,westandbyourgoods,2013-08-27,702,035
Stand By It,phrase-family,standby,85582461,4362206,STANDBY STAFFING,standbystaffing,2012-03-28,800,035
Stand By It,phrase-family,standby,85092469,4132550,STAND BY ME,standbyme,2010-07-26,800,"035,041"
Stand By It,phrase-family,standby,77268200,3600477,ESTANDBY,estandby,2007-08-30,800,035
Stand By It,phrase-family,standby,77268203,3600478,ESTANDBY,estandby,2007-08-30,800,035
Stand By It,phrase-family,standby,77268198,3600476,ESTANDBY UPGRADE,estandbyupgrade,2007-08-30,800,035
Sure Enough,phonetic,shonuff,98190065,7548582,WHO'S THE MASTA? SHO'NUFF POPCORN PROUDLY ESTABLISHED. 2021 SUPER PREMIUM QUALITY GOURMET,whosthemastashonuffpopcornproudlyestablished2021superpremiumqualitygourmet,2023-09-21,700,"030,035"
Sure Enough,phonetic,shonuf,98190065,7548582,WHO'S THE MASTA? SHO'NUFF POPCORN PROUDLY ESTABLISHED. 2021 SUPER PREMIUM QUALITY GOURMET,whosthemastashonuffpopcornproudlyestablished2021superpremiumqualitygourmet,2023-09-21,700,"030,035"
We Mean It,dominant,meanit,99590249,,LIVE LIKE YOU MEAN IT,livelikeyoumeanit,2026-01-12,686,"005,035"
We Mean It,dominant,meanit,99398962,,TLYMI TRAVEL LIKE YOU MEAN IT FIND YOUR ELSEWHERE,tlymitravellikeyoumeanitfindyourelsewhere,2025-09-17,686,"008,009,016,018,021,025,035,041"
We Mean It,dominant,meanit,99297454,,PLEASE YOURSELF LIKE YOU MEAN IT,pleaseyourselflikeyoumeanit,2025-07-22,730,"005,010,025"
We Mean It,dominant,meanit,99165098,,TRAVEL LIKE YOU MEAN IT,travellikeyoumeanit,2025-05-01,688,"008,009,016,018,021,025,035,041"
We Mean It,dominant,meanit,98721565,8245630,SLEEP LIKE YOU MEAN IT,sleeplikeyoumeanit,2024-08-28,700,"003,004,020,024,025"
We Mean It,dominant,meanit,98408101,,"BIG ENOUGH TO SAY IT, SMALL ENOUGH TO MEAN IT",bigenoughtosayitsmallenoughtomeanit,2024-02-16,731,"035,037,039,042"
We Mean It,dominant,meanit,97112271,6922684,MARKET YOUR CAREER LIKE YOU MEAN IT!,marketyourcareerlikeyoumeanit,2021-11-06,700,035
We Mean It,dominant,meanit,88773333,6931451,MARKET LIKE YOU MEAN IT,marketlikeyoumeanit,2020-01-25,700,035
We Mean It,dominant,meanit,88344671,6789926,SPRAY IT LIKE YOU MEAN IT,sprayitlikeyoumeanit,2019-03-18,700,"003,005"
We Mean It,dominant,meanit,88030514,6053980,RELAX LIKE YOU MEAN IT,relaxlikeyoumeanit,2018-07-09,700,"035,043,044"
We Mean It,dominant,meanit,86685497,4938470,MOVE LIKE YOU MEAN IT,movelikeyoumeanit,2015-07-07,800,035
We Mean It,dominant,meanit,86683623,5375696,COOK LIKE YOU MEAN IT,cooklikeyoumeanit,2015-07-06,702,021
We Mean It,dominant,meanit,76711435,4270161,LIVE LIKE YOU MEAN IT,livelikeyoumeanit,2012-05-07,800,"041,044"
We Mean It,dominant,meanit,85358608,4096244,CLEAN IT LIKE YOU MEAN IT,cleanitlikeyoumeanit,2011-06-28,800,021
We Mean It,dominant,meanit,85226448,3994082,SPRAY LIKE YOU MEAN IT,spraylikeyoumeanit,2011-01-26,800,044
Word Kept,reversal,keptword,99565976,,THE KEPT WORD,thekeptword,2025-12-25,686,010
Word and Deed,phrase-family,wordanddeed,77145742,3355607,EXTEND A HELPING HAND WITH WORDANDDEED,extendahelpinghandwithwordanddeed,2007-04-01,800,"041,044"
Word and Deed,phrase-family,worddeed,78759076,3168140,WORD & DEED,worddeed,2005-11-22,800,"041,044"
