World,WorldRank,Name
Skin Training,1,Better at Skin
Skin Training,2,Better at Being Skin
Skin Training,3,Get Better at Skin
Skin Training,4,Skin in Training
Skin Training,5,Skin Cadence
Skin Training,6,Skin Tempo
Skin Training,7,Skin Capacity
Skin Training,8,Skin Progression
Skin Training,9,Skin Reps
Skin Training,10,Skin in Session
Skin Training,11,Form Check
Skin Training,12,Good Reps
Skin Training,13,Daily Reps
Skin Training,14,Capably
Skin Training,15,Active Rest
Skin Training,16,Ready Skin
Skin Practice,1,Practiced
Skin Practice,2,Habit Formed
Skin Practice,3,What You Repeat
Skin Practice,4,Practice Over Promises
Skin Practice,5,Use Matters
Skin Practice,6,Skin Technique
Skin Practice,7,Skin Knowhow
Skin Practice,8,Know Skin Better
Skin Practice,9,Good at Skin
Skin Practice,10,Skilled at Skin
Skin Practice,11,Applied Skin
Skin Practice,12,Practiced Skin
Skin Practice,13,Skin by Practice
Skin Practice,14,Skin Habits
Skin Practice,15,How Skin Works
Skin Practice,16,Skin in Use
Personal Baseline,1,No Average Skin
Personal Baseline,2,Made for This Face
Personal Baseline,3,Standard of One
Personal Baseline,4,Measure of One
Personal Baseline,5,This Skin
Personal Baseline,6,For This Skin
Personal Baseline,7,Same Face Better
Personal Baseline,8,One Size Fits Nobody
Personal Baseline,9,The Standard Is You
Personal Baseline,10,N of One
Personal Baseline,11,Sample Size One
Personal Baseline,12,You Are the Control
Personal Baseline,13,Your Skin Is the Standard
Personal Baseline,14,The One Standard
Personal Baseline,15,No Two Skins
Personal Baseline,16,Personal Best Skin
