"set","row","name","score"
"wave1","1","Skin Without Secrets","8.8"
"wave1","2","Skin Brief","8.4"
"wave1","3","Label Order","8.6"
"wave1","4","Skin Practice","8.3"
"wave1","5","Skin Method","8.4"
"wave1","6","Skin Matter","8.7"
"wave1","7","Owner's Manual","8.6"
"wave1","8","Skin Sense","8.6"
"wave1","9","Ingredient Fluent","8.7"
"wave1","10","Skin Theory","8.3"
"wave1","11","Skinframe","8.5"
"wave1","12","Proofmade","8.6"
"wave1","13","Skinprint","8.6"
"wave1","14","Skinfirst","8.4"
"wave1","15","Skin in the Game","9.1"
"wave1","16","Surface Tension","8.8"
"wave1","17","Surface Area","8.4"
"wave1","18","Living Layer","8.3"
"wave1","19","Skin Depth","8.7"
"wave1","20","Depth Perception","8.9"
"wave1","21","Thick Skin","8.8"
"wave1","22","Skinstance","8.7"
"wave1","23","Outermost","8.5"
"wave1","24","Microclimate","8.4"
"wave1","25","Proofreader","9.0"
"wave1","26","Wiseface","8.6"
"wave1","27","Face Facts","9.0"
"wave1","28","Face First","8.7"
"wave1","29","Facework","8.6"
"wave1","30","Facemark","8.4"
"wave1","31","Faceproof","8.7"
"wave1","32","Faceform","8.4"
"wave1","33","About Face","8.6"
"wave1","34","Firsthand","8.8"
"wave1","35","Face Matter","8.5"
"wave1","36","Face Theory","8.3"
"wave1","37","Face Method","8.4"
"wave1","38","Factives","9.0"
"wave1","39","Proofset","8.6"
"wave1","40","Face Standard","8.5"
"wave1","41","Face Sense","8.3"
"wave1","42","Real Face","8.7"
"wave1","43","Serious Face","8.8"
"wave1","44","Fine Lines","9.0"
"wave1","45","Bareminded","8.5"
"wave1","46","Crosscheck","8.6"
"wave1","47","Lines of Inquiry","8.7"
"wave1","48","Skinmeasure","8.5"
"wave1","49","Up Close","8.6"
"wave1","50","Proofworthy","8.7"
"wave1","51","Proof Positive","8.8"
"wave1","52","Proofmark","8.9"
"wave1","53","Proofwork","9.1"
"wave1","54","Counterproof","8.6"
"wave1","55","Plain Proof","8.5"
"wave1","56","Skinmetric","8.6"
"wave1","57","Proof Point","8.7"
"wave1","58","Proof Standard","8.6"
"wave1","59","Proofline","8.5"
"wave1","60","Proof First","8.8"
"wave1","61","Proof Inside","8.4"
"wave1","62","Skinaccount","8.5"
"wave1","63","Showwork","8.6"
"wave1","64","Good Evidence","8.4"
"wave1","65","Material Fact","8.7"
"wave1","66","Matter of Fact","8.8"
"wave1","67","Sound Basis","8.6"
"wave1","68","Full Disclosure","8.8"
"wave1","69","Open Formula","8.9"
"wave1","70","Open Standard","8.5"
"wave1","71","Open Method","8.5"
"wave1","72","Factmark","8.5"
"wave1","73","Sourcework","8.5"
"wave1","74","Sourceproof","8.5"
"wave1","75","Methodical","8.6"
"wave1","76","Groundtruth","8.8"
"wave1","77","First Principles","9.0"
"wave1","78","Working Theory","8.7"
"wave1","79","Testable","8.6"
"wave1","80","Evidnt","8.7"
"wave1","81","Skinsound","8.7"
"wave1","82","Control Group","8.7"
"wave1","83","Skinfeel","8.7"
"wave1","84","Reference Batch","8.4"
"wave1","85","Skinledger","8.6"
"wave1","86","Acid Test","8.6"
"wave1","87","Skinbasis","8.5"
"wave1","88","Signal Strength","8.6"
"wave1","89","Proofhouse","8.6"
"wave1","90","Proof Copy","8.5"
"wave1","91","Repeat Measure","8.4"
"wave1","92","Skinworthy","8.7"
"wave1","93","Well Founded","8.7"
"wave1","94","Minimum Effective","8.7"
"wave1","95","Effective Minimum","8.6"
"wave1","96","Good Measure","8.6"
"wave1","97","Exact Measure","8.8"
"wave1","98","Measure Twice","8.5"
"wave1","99","True Measure","8.7"
"wave1","100","Own Merit","8.6"
"wave1","101","Stndrd","8.6"
"wave1","102","Older Wiser","9.0"
"wave1","103","Unspun","8.7"
"wave1","104","Untinted","8.7"
"wave1","105","Material Proof","8.7"
"wave1","106","Nothing to Prove","9.0"
"wave1","107","No Illusions","8.6"
"wave1","108","Open Secret","8.5"
"wave1","109","Hard Truth","8.6"
"wave1","110","Fair Warning","8.4"
"wave1","111","Tough Love","8.5"
"wave1","112","Bare Truth","8.6"
"wave1","113","Under Oath","8.5"
"wave1","114","Skinreason","8.5"
"wave1","115","Question Everything","8.5"
"wave1","116","Bare Minimum","9.0"
"wave1","117","Only What Matters","8.8"
"wave1","118","What Counts","8.7"
"wave1","119","On Merit","8.7"
"wave1","120","The Essential","8.5"
"wave1","121","Essentials Only","8.4"
"wave1","122","The Good Parts","8.8"
"wave1","123","Necessary Only","8.4"
"wave1","124","Age With Benefits","9.1"
"wave1","125","Skincredible","8.7"
"wave1","126","Own Terms","8.9"
"wave1","127","Own Accord","9.0"
"wave1","128","Own the Choice","8.8"
"wave1","129","Your Standard","8.8"
"wave1","130","Well Chosen","8.7"
"wave1","131","Self Assured","8.7"
"wave1","132","Assured","8.5"
"wave1","133","Fine Form","8.6"
"wave1","134","True Form","8.7"
"wave1","135","Full Form","8.4"
"wave1","136","Unfooled","8.8"
"wave1","137","Carry On","8.6"
"wave1","138","Hard to Hype","8.9"
"wave1","139","As You Are","8.8"
"wave1","140","Your Own Skin","9.1"
"wave1","141","Skin of Your Own","8.6"
"wave1","142","No Blind Trust","8.8"
"wave1","143","Ask Better","8.7"
"wave1","144","See for Yourself","8.9"
"wave1","145","Judge for Yourself","8.8"
"wave1","146","Make Up Your Own Mind","8.5"
"wave1","147","Your Call","8.7"
"wave1","148","By Design","8.6"
"wave1","149","As Intended","8.5"
"wave1","150","Good Judgment","9.0"
"wave1","151","Label Reader","8.6"
"wave1","152","On Good Authority","8.6"
"wave1","153","Claim Savvy","8.7"
"wave1","154","Sound Judgment","8.7"
"wave1","155","Well Advised","8.4"
"wave1","156","Clearheaded","8.6"
"wave1","157","Good Skeptic","8.7"
"wave1","158","Steady Hand","8.5"
"wave1","159","Light Touch","8.7"
"wave1","160","Formula Fluent","8.9"
"wave1","161","Independently Minded","8.6"
"wave1","162","Tight Edit","8.5"
"wave1","163","Show More, Say Less","8.8"
"wave1","164","Well Edited","8.7"
"wave1","165","Select Few","8.4"
"wave1","166","Claim Less, Show More","8.9"
"wave1","167","Details Matter","8.4"
"wave1","168","Straight Up","8.7"
"wave1","169","Trust but Verify","9.0"
"wave1","170","The Whole Story","8.6"
"wave1","171","Spell It Out","8.7"
"wave1","172","Facts First","8.8"
"wave1","173","Matter of Record","8.6"
"wave1","174","No Small Print","8.8"
"wave1","175","Terms Apply","9.0"
"wave1","176","Clear Record","8.4"
"wave1","177","Open Record","8.4"
"wave1","178","Human Readable","8.8"
"wave1","179","Plainly","8.6"
"wave1","180","Evident","8.7"
"wave1","181","Self Evident","9.0"
"wave1","182","Working Knowledge","8.7"
"wave1","183","On the Record","8.7"
"wave1","184","Full Account","8.4"
"wave1","185","Double Check","8.6"
"wave1","186","What's Inside","9.0"
"wave1","187","Inside Story","8.6"
"wave1","188","Laid Bare","8.8"
"wave1","189","Bare All","8.6"
"wave1","190","Bare Form","8.7"
"wave1","191","Bare Proof","8.8"
"wave1","192","Bare Standard","8.6"
"wave1","193","Naked Truth","8.7"
"wave1","194","Naked Proof","8.7"
"wave1","195","Unvarnished","8.7"
"wave1","196","Skin Literate","8.9"
"wave1","197","Close Study","8.6"
"wave1","198","Skin Has Standards","8.8"
"wave1","199","Asterisk","8.8"
"wave1","200","Small Print","8.6"
"wave1","201","Ingredex","8.7"
"wave1","202","Skinsible","9.3"
"wave1","203","Skinquiry","9.2"
"wave1","204","Skinquire","8.8"
"wave1","205","Formuliq","8.7"
"wave1","206","Factdex","8.5"
"wave1","207","Skindependent","8.9"
"wave1","208","Skintegral","8.8"
"wave1","209","Skintact","8.7"
"wave1","210","Skinstinct","8.8"
"wave1","211","Skintention","8.6"
"wave1","212","Skintrinsic","8.8"
"wave1","213","Skinherent","8.6"
"wave1","214","Skinsider","8.9"
"wave1","215","Skinspec","8.7"
"wave1","216","Skincode","8.6"
"wave1","217","Skincite","8.8"
"wave1","218","Skintrace","8.5"
"wave1","219","Ingredient IQ","8.7"
"wave1","220","Critiq","8.5"
"wave1","221","Skinspect","8.7"
"wave1","222","Skintuit","8.8"
"wave1","223","Frankface","8.7"
"wave1","224","Factface","8.9"
"wave1","225","Trueface","8.7"
"wave1","226","Skin, Clearly","9.3"
"wave1","227","Skin, Considered","9.1"
"wave1","228","Skin With Standards","9.0"
"wave1","229","Skin Worth Knowing","8.9"
"wave1","230","Clear About Skin","8.8"
"wave1","231","Skin With Reasons","8.8"
"wave1","232","Skin That Makes Sense","8.9"
"wave1","233","Skin by Design","8.7"
"wave1","234","Skin on Your Terms","8.8"
"wave1","235","Skincare for Grown Ups","9.0"
"wave1","236","No Secret Formula","8.7"
"wave1","237","Skincare for Label Readers","8.9"
"wave1","238","Skincare You Can Explain","8.8"
"wave1","239","Better Skin, Period","8.9"
"wave1","240","No Hype, Just Skin","8.9"
"wave1","241","Good Skin, Seriously","8.8"
"wave1","242","Proof You Can See","8.8"
"wave1","243","Skinstood","8.6"
"wave1","244","Results With Reasons","8.8"
"wave1","245","Results, Explained","8.7"
"wave1","246","More Proof, Less Hype","8.8"
"wave1","247","Skincare That Adds Up","8.7"
"wave1","248","Skin for Real Life","8.6"
"wave1","249","Skin for Informed Adults","8.5"
"wave1","250","Fluent in Skin","8.6"
"wave2","1","Knowing Better","8.8"
"wave2","2","Honest Vanity","9.0"
"wave2","3","Years Earned","8.7"
"wave2","4","Pretty Rational","9.0"
"wave2","5","Critical Beauty","8.9"
"wave2","6","Skin With the Why","8.8"
"wave2","7","Beautiful Evidence","8.9"
"wave2","8","Considered Beauty","8.9"
"wave2","9","Informed Vanity","8.7"
"wave2","10","Skin Has Reasons","8.8"
"wave2","11","Skeptical Beauty","8.8"
"wave2","12","Useful Luxury","8.7"
"wave2","13","Honest Luxury","8.7"
"wave2","14","Grownup Beauty","8.9"
"wave2","15","Intelligent Vanity","8.8"
"wave2","16","Educated Vanity","8.6"
"wave2","17","Pretty Informed","8.8"
"wave2","18","Pretty Skeptical","8.7"
"wave2","19","Pretty Exact","8.8"
"wave2","20","Serious Vanity","8.8"
"wave2","21","Not Anti You","8.8"
"wave2","22","Anti Anti Aging","8.9"
"wave2","23","Skin in Context","8.7"
"wave2","24","Exactly So","8.6"
"wave2","25","View Source","8.7"
"wave2","26","No Age Agenda","9.0"
"wave2","27","Prime Years","8.9"
"wave2","28","Ageworthy","8.9"
"wave2","29","Agekind","8.6"
"wave2","30","No Youth Required","8.8"
"wave2","31","Age Fluent","8.6"
"wave2","32","Age Forward","8.7"
"wave2","33","Age Honest","8.6"
"wave2","34","Age Proud","8.5"
"wave2","35","Age Is Not a Flaw","8.8"
"wave2","36","Real Years","8.5"
"wave2","37","True Years","8.5"
"wave2","38","Years Count","8.6"
"wave2","39","Every Year","8.5"
"wave2","40","Good at Any Age","8.5"
"wave2","41","Older Not Lesser","8.8"
"wave2","42","Full Value","8.5"
"wave2","43","Grown on Purpose","8.7"
"wave2","44","Grownup Skin","8.8"
"wave2","45","Adult Face","8.7"
"wave2","46","Adult Formula","8.7"
"wave2","47","Due Respect","8.6"
"wave2","48","Better as You Are","8.9"
"wave2","49","Age Accepted","8.5"
"wave2","50","Recognizably You","8.8"
"wave2","51","Show Your Sources","9.1"
"wave2","52","Full Spec","8.5"
"wave2","53","Askable","8.8"
"wave2","54","Sense Check","8.5"
"wave2","55","Ask for Evidence","8.8"
"wave2","56","Read the Formula","8.8"
"wave2","57","Check the Label","8.7"
"wave2","58","Know What Matters","8.8"
"wave2","59","Know Your Ingredients","8.7"
"wave2","60","Know the Formula","8.8"
"wave2","61","See the Formula","8.7"
"wave2","62","Show the Formula","8.8"
"wave2","63","Audit Trail","8.6"
"wave2","64","Choose What Works","8.7"
"wave2","65","Choose With Reasons","8.7"
"wave2","66","Choose With Evidence","8.8"
"wave2","67","Look Past Hype","8.8"
"wave2","68","Bring the Evidence","8.6"
"wave2","69","Back It Up","8.8"
"wave2","70","Built to Be Checked","8.7"
"wave2","71","Made to Be Questioned","8.8"
"wave2","72","Ask What's In It","8.7"
"wave2","73","Know Every Ingredient","8.6"
"wave2","74","Every Ingredient Has a Reason","8.9"
"wave2","75","Explain Every Choice","8.7"
"wave2","76","Topical Logic","8.9"
"wave2","77","Topical Intelligence","8.7"
"wave2","78","Topical Evidence","8.8"
"wave2","79","Applied Evidence","8.8"
"wave2","80","Formula Logic","8.8"
"wave2","81","Formula Rationale","8.6"
"wave2","82","Ingredient Rationale","8.7"
"wave2","83","By the Numbers","8.5"
"wave2","84","True Spec","8.6"
"wave2","85","Factminded","8.6"
"wave2","86","Visible Logic","8.7"
"wave2","87","Open Spec","8.6"
"wave2","88","Good Condition","8.7"
"wave2","89","Delivery Logic","8.6"
"wave2","90","Evidence in Hand","8.7"
"wave2","91","Formula Readers","8.6"
"wave2","92","Formafact","8.8"
"wave2","93","Factform","8.6"
"wave2","94","Sharp Focus","8.5"
"wave2","95","In the Know","8.6"
"wave2","96","Plain Label","8.5"
"wave2","97","Clarifaced","8.7"
"wave2","98","Active List","8.5"
"wave2","99","Beauty in Plain Sight","8.7"
"wave2","100","Evidence Level","8.6"
"wave2","101","Open Edition","8.8"
"wave2","102","Paper Trail","8.5"
"wave2","103","Readback","8.6"
"wave2","104","Sourcebook","8.5"
"wave2","105","Field Report","8.4"
"wave2","106","Endnote","8.5"
"wave2","107","Footnoted","8.7"
"wave2","108","Annotated","8.6"
"wave2","109","As Specified","8.6"
"wave2","110","Errata","8.5"
"wave2","111","Detailwork","8.5"
"wave2","112","Final Copy","8.4"
"wave2","113","Open Copy","8.5"
"wave2","114","Openmade","8.6"
"wave2","115","Working Copy","8.5"
"wave2","116","Source Notes","8.7"
"wave2","117","Margin Notes","8.6"
"wave2","118","Notes Included","8.5"
"wave2","119","Knowful","8.5"
"wave2","120","Label First","8.4"
"wave2","121","Receipts Included","8.8"
"wave2","122","Close Reading","8.6"
"wave2","123","Deep Reading","8.5"
"wave2","124","Every Footnote","8.8"
"wave2","125","As Documented","8.5"
"wave2","126","Full Frame","9.0"
"wave2","127","Fine Grain","8.9"
"wave2","128","Viewfinder","8.8"
"wave2","129","Clear Frame","8.5"
"wave2","130","True Image","8.6"
"wave2","131","Image Rights","8.5"
"wave2","132","True Color","8.6"
"wave2","133","Exposure","8.5"
"wave2","134","Long Exposure","8.4"
"wave2","135","Clear Lens","8.4"
"wave2","136","Uncut","8.9"
"wave2","137","Outtake","8.4"
"wave2","138","Unstaged","8.7"
"wave2","139","Open by Default","8.7"
"wave2","140","First Take","8.8"
"wave2","141","Freeze Frame","8.5"
"wave2","142","Frame by Frame","8.6"
"wave2","143","Key Frame","8.5"
"wave2","144","Long Take","8.5"
"wave2","145","Playback","8.5"
"wave2","146","True Picture","8.6"
"wave2","147","Full Picture","8.6"
"wave2","148","Real Picture","8.5"
"wave2","149","To Be Seen","8.5"
"wave2","150","Screen Test","8.6"
"wave2","151","Open Books","9.0"
"wave2","152","Fair Value","8.8"
"wave2","153","Materiality","8.9"
"wave2","154","Reconcile","8.6"
"wave2","155","Balance Sheet","8.4"
"wave2","156","Bottom Line","8.6"
"wave2","157","Good Standing","8.5"
"wave2","158","Present Value","8.5"
"wave2","159","Worthwhile","8.6"
"wave2","160","True Cost","8.4"
"wave2","161","Basis Point","8.4"
"wave2","162","Clean Audit","8.5"
"wave2","163","No Omissions","8.7"
"wave2","164","Right to Know","9.1"
"wave2","165","True Label","8.8"
"wave2","166","Nothing Missing","8.9"
"wave2","167","Exact Count","8.6"
"wave2","168","Full Declaration","8.5"
"wave2","169","Dissent","8.6"
"wave2","170","By Consent","8.5"
"wave2","171","Self Rule","8.8"
"wave2","172","State Your Case","8.6"
"wave2","173","Due Process","8.6"
"wave2","174","Fair Process","8.8"
"wave2","175","Public Trust","8.6"
"wave2","176","Wear Test","8.8"
"wave2","177","Tuneup","8.8"
"wave2","178","Fit and Finish","8.9"
"wave2","179","Fit Test","8.5"
"wave2","180","Stress Test","8.6"
"wave2","181","Trial Run","8.5"
"wave2","182","Road Test","8.5"
"wave2","183","Fine Tune","8.6"
"wave2","184","Tuned","8.5"
"wave2","185","True Gauge","8.5"
"wave2","186","Pressure Tested","8.6"
"wave2","187","Built Right","8.5"
"wave2","188","Made Right","8.6"
"wave2","189","Make Good","8.5"
"wave2","190","In Working Order","8.6"
"wave2","191","Working Order","8.5"
"wave2","192","Field Test","8.6"
"wave2","193","Steady State","8.6"
"wave2","194","Human Factors","8.9"
"wave2","195","Exact Spec","8.5"
"wave2","196","Purpose Fit","8.5"
"wave2","197","Made Sense","8.6"
"wave2","198","Working Model","8.8"
"wave2","199","Design Intent","8.8"
"wave2","200","High Utility","8.5"
"wave2","201","Signal to Noise","9.0"
"wave2","202","Noise Floor","8.8"
"wave2","203","Clear Signal","8.6"
"wave2","204","True Signal","8.6"
"wave2","205","Signal Path","8.6"
"wave2","206","Full Signal","8.4"
"wave2","207","Good Signal","8.5"
"wave2","208","Strong Signal","8.5"
"wave2","209","Skin in Its Own Words","8.8"
"wave2","210","In Tune","8.5"
"wave2","211","Skin Talks Back","8.7"
"wave2","212","Overtones","8.4"
"wave2","213","Full Tone","8.4"
"wave2","214","Tone Control","8.5"
"wave2","215","Clear Note","8.4"
"wave2","216","True Note","8.6"
"wave2","217","Note Well","8.5"
"wave2","218","Open Channel","8.5"
"wave2","219","Voiceprint","8.5"
"wave2","220","Plain Voice","8.6"
"wave2","221","Speaking Terms","8.6"
"wave2","222","Wayfinding","8.8"
"wave2","223","Reference Point","8.6"
"wave2","224","Fixed Point","8.5"
"wave2","225","Standpoint","8.8"
"wave2","226","Fair Label","8.4"
"wave2","227","Enough Said","8.8"
"wave2","228","No Hype Skin Co","9.0"
"wave2","229","Adult Skin Club","8.9"
"wave2","230","Formula Facts Co","8.9"
"wave2","231","Label Readers Club","8.8"
"wave2","232","The Adult in the Room","8.9"
"wave2","233","Hypeless","8.9"
"wave2","234","Factfinder","9.0"
"wave2","235","Label Literate","8.8"
"wave2","236","The Decider","8.8"
"wave2","237","The Editor","8.7"
"wave2","238","The Questioner","8.6"
"wave2","239","The Skeptic","8.7"
"wave2","240","The Realist","8.6"
"wave2","241","Factmade","8.8"
"wave2","242","Claimclear","8.7"
"wave2","243","Mattermade","8.6"
"wave2","244","Plainform","8.6"
"wave2","245","Skin Not Shame","8.8"
"wave2","246","Care Not Correction","8.8"
"wave2","247","Factful","8.6"
"wave2","248","Secretless","8.7"
"wave2","249","Worthmark","8.8"
"wave2","250","Sensemade","8.8"
