"Rank","Name","Score","Territory","Top20","Rationale"
"1","One of One","9.2","recognizable-self","yes","A premium uniqueness code that centers the person rather than an age ideal."
"2","Portrait Mode","9.2","recognizable-self","yes","A familiar modern setting that makes the person—not an age ideal—the subject."
"3","Human Scale","9.2","recognizable-self","yes","A warm design term for sophisticated skincare built around real people."
"4","Deciding Factor","9.2","sovereignty","yes","Puts informed choice and visible product difference into one fluent phrase."
"5","Choice Architecture","9.2","sovereignty","yes","Authentic behavioral-science language for making better decisions easier."
"6","Present Tense","9.1","mature-aliveness","yes","A grammatical term that frames maturity as vividly current, not past."
"7","Daily Driver","9.1","competent-care","yes","Authentic enthusiast language for the dependable product used every day."
"8","Course Made Good","9.1","technical-adjacent","yes","A real navigation measure for actual progress toward the intended destination."
"9","Dynamic Range","9.1","adaptive-capacity","yes","Authentic performance language for breadth, responsiveness, and retained capability."
"10","Job Well Done","9.1","competent-care","yes","A warm, decisive verdict that formulation and daily care have delivered."
"11","First Article","9.0","technical-adjacent","yes","Manufacturing language for the first unit formally approved against design intent."
"12","Readymode","9.0","adaptive-capacity","yes","A crisp compound that makes responsiveness feel like a useful operating state."
"13","Entirely Yours","9.0","recognizable-self","yes","Warm ownership language that protects identity from prescriptive beauty ideals."
"14","Still You","9.0","recognizable-self","yes","An immediate continuity-of-self idea with unusual emotional efficiency."
"15","Your Authority","9.0","sovereignty","yes","Directly gives the informed customer final authority without an anti-aging posture."
"16","Headroom","9.0","adaptive-capacity","yes","A strong real word for reserve capacity and room to keep performing."
"17","Surface Finish","9.0","technical-adjacent","yes","An exact manufacturing term with immediate tactile and cosmetic relevance."
"18","Wide Awake","9.0","mature-aliveness","yes","Names alert, engaged presence without borrowing youth or glow language."
"19","Your Prerogative","9.0","sovereignty","yes","A memorable assertion that the customer's judgment is final."
"20","Systems Go","9.0","technical-adjacent","yes","Energetic readiness language that suggests coordinated function, not one miracle ingredient."
"21","You Exactly","8.8","recognizable-self","no","Keeps continuous identity—not correction—as the center of the brand."
"22","Undeniably You","8.8","recognizable-self","no","Keeps continuous identity—not correction—as the center of the brand."
"23","You as Ever","8.8","recognizable-self","no","Keeps continuous identity—not correction—as the center of the brand."
"24","Seen as You Are","8.8","recognizable-self","no","Keeps continuous identity—not correction—as the center of the brand."
"25","All Your Own","8.8","recognizable-self","no","Keeps continuous identity—not correction—as the center of the brand."
"26","Your Signature","8.8","recognizable-self","no","Keeps continuous identity—not correction—as the center of the brand."
"27","Personal Record","8.8","recognizable-self","no","Keeps continuous identity—not correction—as the center of the brand."
"28","Personally Speaking","8.8","recognizable-self","no","Keeps continuous identity—not correction—as the center of the brand."
"29","Signed Yours","8.8","recognizable-self","no","Keeps continuous identity—not correction—as the center of the brand."
"30","Fully Yourself","8.8","recognizable-self","no","Keeps continuous identity—not correction—as the center of the brand."
"31","In Your Name","8.8","recognizable-self","no","Keeps continuous identity—not correction—as the center of the brand."
"32","Personal View","8.8","recognizable-self","no","Keeps continuous identity—not correction—as the center of the brand."
"33","By Name","8.8","recognizable-self","no","Keeps continuous identity—not correction—as the center of the brand."
"34","Given Name","8.8","recognizable-self","no","Keeps continuous identity—not correction—as the center of the brand."
"35","Chosen by You","8.8","recognizable-self","no","Keeps continuous identity—not correction—as the center of the brand."
"36","It Suits You","8.8","recognizable-self","no","Keeps continuous identity—not correction—as the center of the brand."
"37","In Your Image","8.8","recognizable-self","no","Keeps continuous identity—not correction—as the center of the brand."
"38","Present Self","8.8","recognizable-self","no","Keeps continuous identity—not correction—as the center of the brand."
"39","Current Self","8.8","recognizable-self","no","Keeps continuous identity—not correction—as the center of the brand."
"40","Self Portrait","8.8","recognizable-self","no","Keeps continuous identity—not correction—as the center of the brand."
"41","Your Edition","8.8","recognizable-self","no","Keeps continuous identity—not correction—as the center of the brand."
"42","Real Likeness","8.8","recognizable-self","no","Keeps continuous identity—not correction—as the center of the brand."
"43","True Likeness","8.8","recognizable-self","no","Keeps continuous identity—not correction—as the center of the brand."
"44","Outwardly","8.8","recognizable-self","no","Keeps continuous identity—not correction—as the center of the brand."
"45","Recognition","8.8","recognizable-self","no","Keeps continuous identity—not correction—as the center of the brand."
"46","Resemblance","8.8","recognizable-self","no","Keeps continuous identity—not correction—as the center of the brand."
"47","Looks Like You","8.8","recognizable-self","no","Keeps continuous identity—not correction—as the center of the brand."
"48","Known By","8.8","recognizable-self","no","Keeps continuous identity—not correction—as the center of the brand."
"49","Your Own Image","8.8","recognizable-self","no","Keeps continuous identity—not correction—as the center of the brand."
"50","Recognizably Yours","8.8","recognizable-self","no","Keeps continuous identity—not correction—as the center of the brand."
"51","Undeniably Yours","8.8","recognizable-self","no","Keeps continuous identity—not correction—as the center of the brand."
"52","Yourself Still","8.8","recognizable-self","no","Keeps continuous identity—not correction—as the center of the brand."
"53","Your Usual Self","8.8","recognizable-self","no","Keeps continuous identity—not correction—as the center of the brand."
"54","Yourself Entirely","8.8","recognizable-self","no","Keeps continuous identity—not correction—as the center of the brand."
"55","Personal Standard","8.8","recognizable-self","no","Keeps continuous identity—not correction—as the center of the brand."
"56","Decide Well","8.7","sovereignty","no","Makes the customer the active decision-maker in an informed-care relationship."
"57","Have Your Say","8.7","sovereignty","no","Makes the customer the active decision-maker in an informed-care relationship."
"58","Free Choice","8.7","sovereignty","no","Makes the customer the active decision-maker in an informed-care relationship."
"59","Chosen Freely","8.7","sovereignty","no","Makes the customer the active decision-maker in an informed-care relationship."
"60","Choose Again","8.7","sovereignty","no","Makes the customer the active decision-maker in an informed-care relationship."
"61","On Request","8.7","sovereignty","no","Makes the customer the active decision-maker in an informed-care relationship."
"62","At Will","8.7","sovereignty","no","Makes the customer the active decision-maker in an informed-care relationship."
"63","Free Will","8.7","sovereignty","no","Makes the customer the active decision-maker in an informed-care relationship."
"64","At Your Command","8.7","sovereignty","no","Makes the customer the active decision-maker in an informed-care relationship."
"65","Willingly","8.7","sovereignty","no","Makes the customer the active decision-maker in an informed-care relationship."
"66","Make Your Own","8.7","sovereignty","no","Makes the customer the active decision-maker in an informed-care relationship."
"67","By Intent","8.7","sovereignty","no","Makes the customer the active decision-maker in an informed-care relationship."
"68","Intentional","8.7","sovereignty","no","Makes the customer the active decision-maker in an informed-care relationship."
"69","Intention Known","8.7","sovereignty","no","Makes the customer the active decision-maker in an informed-care relationship."
"70","Take Charge","8.7","sovereignty","no","Makes the customer the active decision-maker in an informed-care relationship."
"71","In Charge","8.7","sovereignty","no","Makes the customer the active decision-maker in an informed-care relationship."
"72","Self Command","8.7","sovereignty","no","Makes the customer the active decision-maker in an informed-care relationship."
"73","Rightfully","8.7","sovereignty","no","Makes the customer the active decision-maker in an informed-care relationship."
"74","Of Your Own","8.7","sovereignty","no","Makes the customer the active decision-maker in an informed-care relationship."
"75","Options Open","8.7","sovereignty","no","Makes the customer the active decision-maker in an informed-care relationship."
"76","Asked and Answered","8.7","sovereignty","no","Makes the customer the active decision-maker in an informed-care relationship."
"77","Prerogative","8.7","sovereignty","no","Makes the customer the active decision-maker in an informed-care relationship."
"78","At Your Discretion","8.7","sovereignty","no","Makes the customer the active decision-maker in an informed-care relationship."
"79","Discretion","8.7","sovereignty","no","Makes the customer the active decision-maker in an informed-care relationship."
"80","Own Discretion","8.7","sovereignty","no","Makes the customer the active decision-maker in an informed-care relationship."
"81","Decided","8.7","sovereignty","no","Makes the customer the active decision-maker in an informed-care relationship."
"82","Self Appointed","8.7","sovereignty","no","Makes the customer the active decision-maker in an informed-care relationship."
"83","Independently Chosen","8.7","sovereignty","no","Makes the customer the active decision-maker in an informed-care relationship."
"84","Volition","8.7","sovereignty","no","Makes the customer the active decision-maker in an informed-care relationship."
"85","Agentive","8.7","sovereignty","no","Makes the customer the active decision-maker in an informed-care relationship."
"86","Personal Agency","8.7","sovereignty","no","Makes the customer the active decision-maker in an informed-care relationship."
"87","Authorship","8.7","sovereignty","no","Makes the customer the active decision-maker in an informed-care relationship."
"88","Self Authored","8.7","sovereignty","no","Makes the customer the active decision-maker in an informed-care relationship."
"89","By You","8.7","sovereignty","no","Makes the customer the active decision-maker in an informed-care relationship."
"90","Yours to Make","8.7","sovereignty","no","Makes the customer the active decision-maker in an informed-care relationship."
"91","Take Your Pick","8.7","sovereignty","no","Makes the customer the active decision-maker in an informed-care relationship."
"92","Pick Well","8.7","sovereignty","no","Makes the customer the active decision-maker in an informed-care relationship."
"93","Call It","8.7","sovereignty","no","Makes the customer the active decision-maker in an informed-care relationship."
"94","Decision Made","8.7","sovereignty","no","Makes the customer the active decision-maker in an informed-care relationship."
"95","Your Better Judgment","8.7","sovereignty","no","Makes the customer the active decision-maker in an informed-care relationship."
"96","At Your Option","8.7","sovereignty","no","Makes the customer the active decision-maker in an informed-care relationship."
"97","Maneuver","8.6","adaptive-capacity","no","Names retained range and responsiveness instead of age reversal."
"98","Flexion","8.6","adaptive-capacity","no","Names retained range and responsiveness instead of age reversal."
"99","Rebound","8.6","adaptive-capacity","no","Names retained range and responsiveness instead of age reversal."
"100","Both Ways","8.6","adaptive-capacity","no","Names retained range and responsiveness instead of age reversal."
"101","Multiform","8.6","adaptive-capacity","no","Names retained range and responsiveness instead of age reversal."
"102","Variable","8.6","adaptive-capacity","no","Names retained range and responsiveness instead of age reversal."
"103","Adjusted","8.6","adaptive-capacity","no","Names retained range and responsiveness instead of age reversal."
"104","Self Adjusting","8.6","adaptive-capacity","no","Names retained range and responsiveness instead of age reversal."
"105","Fine Tuning","8.6","adaptive-capacity","no","Names retained range and responsiveness instead of age reversal."
"106","Range Finder","8.6","adaptive-capacity","no","Names retained range and responsiveness instead of age reversal."
"107","Capacity","8.6","adaptive-capacity","no","Names retained range and responsiveness instead of age reversal."
"108","Second Wind","8.6","adaptive-capacity","no","Names retained range and responsiveness instead of age reversal."
"109","Breathing Room","8.6","adaptive-capacity","no","Names retained range and responsiveness instead of age reversal."
"110","Moving Room","8.6","adaptive-capacity","no","Names retained range and responsiveness instead of age reversal."
"111","Free Movement","8.6","adaptive-capacity","no","Names retained range and responsiveness instead of age reversal."
"112","Give and Take","8.6","adaptive-capacity","no","Names retained range and responsiveness instead of age reversal."
"113","Pliable","8.6","adaptive-capacity","no","Names retained range and responsiveness instead of age reversal."
"114","Yield","8.6","adaptive-capacity","no","Names retained range and responsiveness instead of age reversal."
"115","Well Rounded","8.6","adaptive-capacity","no","Names retained range and responsiveness instead of age reversal."
"116","On Demand","8.6","adaptive-capacity","no","Names retained range and responsiveness instead of age reversal."
"117","Ready Set","8.6","adaptive-capacity","no","Names retained range and responsiveness instead of age reversal."
"118","In Readiness","8.6","adaptive-capacity","no","Names retained range and responsiveness instead of age reversal."
"119","Mode Shift","8.6","adaptive-capacity","no","Names retained range and responsiveness instead of age reversal."
"120","Switchable","8.6","adaptive-capacity","no","Names retained range and responsiveness instead of age reversal."
"121","Within Reach","8.6","adaptive-capacity","no","Names retained range and responsiveness instead of age reversal."
"122","Moves Well","8.6","adaptive-capacity","no","Names retained range and responsiveness instead of age reversal."
"123","Pace Yourself","8.6","adaptive-capacity","no","Names retained range and responsiveness instead of age reversal."
"124","Your Pace","8.6","adaptive-capacity","no","Names retained range and responsiveness instead of age reversal."
"125","Step Change","8.6","adaptive-capacity","no","Names retained range and responsiveness instead of age reversal."
"126","Enable","8.6","adaptive-capacity","no","Names retained range and responsiveness instead of age reversal."
"127","Readily","8.6","adaptive-capacity","no","Names retained range and responsiveness instead of age reversal."
"128","Ready Both Ways","8.6","adaptive-capacity","no","Names retained range and responsiveness instead of age reversal."
"129","All Directions","8.6","adaptive-capacity","no","Names retained range and responsiveness instead of age reversal."
"130","Rebalance","8.6","adaptive-capacity","no","Names retained range and responsiveness instead of age reversal."
"131","Fit to Change","8.6","adaptive-capacity","no","Names retained range and responsiveness instead of age reversal."
"132","Built to Adapt","8.6","adaptive-capacity","no","Names retained range and responsiveness instead of age reversal."
"133","In Reserve","8.6","adaptive-capacity","no","Names retained range and responsiveness instead of age reversal."
"134","Wakeful","8.5","mature-aliveness","no","Expresses mature presence and engagement without youth coding."
"135","Switched On","8.5","mature-aliveness","no","Expresses mature presence and engagement without youth coding."
"136","In the Moment","8.5","mature-aliveness","no","Expresses mature presence and engagement without youth coding."
"137","Right Now","8.5","mature-aliveness","no","Expresses mature presence and engagement without youth coding."
"138","Here Now","8.5","mature-aliveness","no","Expresses mature presence and engagement without youth coding."
"139","Here for It","8.5","mature-aliveness","no","Expresses mature presence and engagement without youth coding."
"140","All Here","8.5","mature-aliveness","no","Expresses mature presence and engagement without youth coding."
"141","Now You","8.5","mature-aliveness","no","Expresses mature presence and engagement without youth coding."
"142","Now Showing","8.5","mature-aliveness","no","Expresses mature presence and engagement without youth coding."
"143","Showing Up","8.5","mature-aliveness","no","Expresses mature presence and engagement without youth coding."
"144","Appear","8.5","mature-aliveness","no","Expresses mature presence and engagement without youth coding."
"145","Very Present","8.5","mature-aliveness","no","Expresses mature presence and engagement without youth coding."
"146","Express","8.5","mature-aliveness","no","Expresses mature presence and engagement without youth coding."
"147","Expressly","8.5","mature-aliveness","no","Expresses mature presence and engagement without youth coding."
"148","In Expression","8.5","mature-aliveness","no","Expresses mature presence and engagement without youth coding."
"149","Full Expression","8.5","mature-aliveness","no","Expresses mature presence and engagement without youth coding."
"150","Animated","8.5","mature-aliveness","no","Expresses mature presence and engagement without youth coding."
"151","Live Wire","8.5","mature-aliveness","no","Expresses mature presence and engagement without youth coding."
"152","Current","8.5","mature-aliveness","no","Expresses mature presence and engagement without youth coding."
"153","Current Mood","8.5","mature-aliveness","no","Expresses mature presence and engagement without youth coding."
"154","In the Room","8.5","mature-aliveness","no","Expresses mature presence and engagement without youth coding."
"155","Engaged","8.5","mature-aliveness","no","Expresses mature presence and engagement without youth coding."
"156","Involved","8.5","mature-aliveness","no","Expresses mature presence and engagement without youth coding."
"157","Outward","8.5","mature-aliveness","no","Expresses mature presence and engagement without youth coding."
"158","Viewable","8.5","mature-aliveness","no","Expresses mature presence and engagement without youth coding."
"159","Be Seen","8.5","mature-aliveness","no","Expresses mature presence and engagement without youth coding."
"160","Living It","8.5","mature-aliveness","no","Expresses mature presence and engagement without youth coding."
"161","At Present","8.5","mature-aliveness","no","Expresses mature presence and engagement without youth coding."
"162","Entirely Here","8.5","mature-aliveness","no","Expresses mature presence and engagement without youth coding."
"163","In Real Time","8.5","mature-aliveness","no","Expresses mature presence and engagement without youth coding."
"164","Look Forward","8.5","mature-aliveness","no","Expresses mature presence and engagement without youth coding."
"165","Current Edition","8.5","mature-aliveness","no","Expresses mature presence and engagement without youth coding."
"166","At Full Voice","8.5","mature-aliveness","no","Expresses mature presence and engagement without youth coding."
"167","No Drama","8.4","competent-care","no","Plain-language competence makes care feel useful, adult, and low-drama."
"168","No Nonsense","8.4","competent-care","no","Plain-language competence makes care feel useful, adult, and low-drama."
"169","Easy Does It","8.4","competent-care","no","Plain-language competence makes care feel useful, adult, and low-drama."
"170","Do It Right","8.4","competent-care","no","Plain-language competence makes care feel useful, adult, and low-drama."
"171","Rightly","8.4","competent-care","no","Plain-language competence makes care feel useful, adult, and low-drama."
"172","Correctly","8.4","competent-care","no","Plain-language competence makes care feel useful, adult, and low-drama."
"173","Properly","8.4","competent-care","no","Plain-language competence makes care feel useful, adult, and low-drama."
"174","Works as It Should","8.4","competent-care","no","Plain-language competence makes care feel useful, adult, and low-drama."
"175","Capable Hands","8.4","competent-care","no","Plain-language competence makes care feel useful, adult, and low-drama."
"176","Sure Hand","8.4","competent-care","no","Plain-language competence makes care feel useful, adult, and low-drama."
"177","Deft","8.4","competent-care","no","Plain-language competence makes care feel useful, adult, and low-drama."
"178","Deftly","8.4","competent-care","no","Plain-language competence makes care feel useful, adult, and low-drama."
"179","Practiced","8.4","competent-care","no","Plain-language competence makes care feel useful, adult, and low-drama."
"180","Expertly","8.4","competent-care","no","Plain-language competence makes care feel useful, adult, and low-drama."
"181","Matter in Hand","8.4","competent-care","no","Plain-language competence makes care feel useful, adult, and low-drama."
"182","Good Sort","8.4","competent-care","no","Plain-language competence makes care feel useful, adult, and low-drama."
"183","Made for It","8.4","competent-care","no","Plain-language competence makes care feel useful, adult, and low-drama."
"184","Done Well","8.4","competent-care","no","Plain-language competence makes care feel useful, adult, and low-drama."
"185","Fitting","8.4","competent-care","no","Plain-language competence makes care feel useful, adult, and low-drama."
"186","Suitably","8.4","competent-care","no","Plain-language competence makes care feel useful, adult, and low-drama."
"187","Built for It","8.4","competent-care","no","Plain-language competence makes care feel useful, adult, and low-drama."
"188","Up to It","8.4","competent-care","no","Plain-language competence makes care feel useful, adult, and low-drama."
"189","Equal to It","8.4","competent-care","no","Plain-language competence makes care feel useful, adult, and low-drama."
"190","Ready for It","8.4","competent-care","no","Plain-language competence makes care feel useful, adult, and low-drama."
"191","Actually Useful","8.4","competent-care","no","Plain-language competence makes care feel useful, adult, and low-drama."
"192","Handy","8.4","competent-care","no","Plain-language competence makes care feel useful, adult, and low-drama."
"193","Works Hard","8.4","competent-care","no","Plain-language competence makes care feel useful, adult, and low-drama."
"194","Worth Using","8.4","competent-care","no","Plain-language competence makes care feel useful, adult, and low-drama."
"195","Easy Work","8.4","competent-care","no","Plain-language competence makes care feel useful, adult, and low-drama."
"196","Worth the Work","8.4","competent-care","no","Plain-language competence makes care feel useful, adult, and low-drama."
"197","Workhorse","8.4","competent-care","no","Plain-language competence makes care feel useful, adult, and low-drama."
"198","Workday","8.4","competent-care","no","Plain-language competence makes care feel useful, adult, and low-drama."
"199","Day In Day Out","8.4","competent-care","no","Plain-language competence makes care feel useful, adult, and low-drama."
"200","Trustworthy","8.4","competent-care","no","Plain-language competence makes care feel useful, adult, and low-drama."
"201","For Certain","8.4","competent-care","no","Plain-language competence makes care feel useful, adult, and low-drama."
"202","Certainty","8.4","competent-care","no","Plain-language competence makes care feel useful, adult, and low-drama."
"203","Count On It","8.4","competent-care","no","Plain-language competence makes care feel useful, adult, and low-drama."
"204","In Good Order","8.4","competent-care","no","Plain-language competence makes care feel useful, adult, and low-drama."
"205","Utility First","8.4","competent-care","no","Plain-language competence makes care feel useful, adult, and low-drama."
"206","Built to Serve","8.4","competent-care","no","Plain-language competence makes care feel useful, adult, and low-drama."
"207","At Your Service","8.4","competent-care","no","Plain-language competence makes care feel useful, adult, and low-drama."
"208","Made Useful","8.4","competent-care","no","Plain-language competence makes care feel useful, adult, and low-drama."
"209","Matter at Hand","8.4","competent-care","no","Plain-language competence makes care feel useful, adult, and low-drama."
"210","Glide","8.3","micro-gesture","no","Turns a familiar application motion into an ownable daily ritual."
"211","Soft Touch","8.3","micro-gesture","no","Turns a familiar application motion into an ownable daily ritual."
"212","Blend","8.3","micro-gesture","no","Turns a familiar application motion into an ownable daily ritual."
"213","Melt","8.3","micro-gesture","no","Turns a familiar application motion into an ownable daily ritual."
"214","Even Pressure","8.3","micro-gesture","no","Turns a familiar application motion into an ownable daily ritual."
"215","Firm Touch","8.3","micro-gesture","no","Turns a familiar application motion into an ownable daily ritual."
"216","Touch and Go","8.3","micro-gesture","no","Turns a familiar application motion into an ownable daily ritual."
"217","Tap On","8.3","micro-gesture","no","Turns a familiar application motion into an ownable daily ritual."
"218","Pat On","8.3","micro-gesture","no","Turns a familiar application motion into an ownable daily ritual."
"219","Press In","8.3","micro-gesture","no","Turns a familiar application motion into an ownable daily ritual."
"220","Work In","8.3","micro-gesture","no","Turns a familiar application motion into an ownable daily ritual."
"221","One Smooth Move","8.3","micro-gesture","no","Turns a familiar application motion into an ownable daily ritual."
"222","Final Pass","8.3","micro-gesture","no","Turns a familiar application motion into an ownable daily ritual."
"223","Even Layer","8.3","micro-gesture","no","Turns a familiar application motion into an ownable daily ritual."
"224","Underlayer","8.3","micro-gesture","no","Turns a familiar application motion into an ownable daily ritual."
"225","Between","8.3","micro-gesture","no","Turns a familiar application motion into an ownable daily ritual."
"226","Sink In","8.3","micro-gesture","no","Turns a familiar application motion into an ownable daily ritual."
"227","Takes Hold","8.3","micro-gesture","no","Turns a familiar application motion into an ownable daily ritual."
"228","Contact Point","8.3","micro-gesture","no","Turns a familiar application motion into an ownable daily ritual."
"229","Draw In","8.3","micro-gesture","no","Turns a familiar application motion into an ownable daily ritual."
"230","On Contact","8.3","micro-gesture","no","Turns a familiar application motion into an ownable daily ritual."
"231","One Pass","8.3","micro-gesture","no","Turns a familiar application motion into an ownable daily ritual."
"232","Crosswise","8.3","micro-gesture","no","Turns a familiar application motion into an ownable daily ritual."
"233","Clockwise","8.3","micro-gesture","no","Turns a familiar application motion into an ownable daily ritual."
"234","Circular","8.3","micro-gesture","no","Turns a familiar application motion into an ownable daily ritual."
"235","Palm Press","8.3","micro-gesture","no","Turns a familiar application motion into an ownable daily ritual."
"236","Fingertip","8.3","micro-gesture","no","Turns a familiar application motion into an ownable daily ritual."
"237","Glidepath","8.3","micro-gesture","no","Turns a familiar application motion into an ownable daily ritual."
"238","Touchwise","8.3","micro-gesture","no","Turns a familiar application motion into an ownable daily ritual."
"239","Evenly","8.3","micro-gesture","no","Turns a familiar application motion into an ownable daily ritual."
"240","Golden Sample","8.2","technical-adjacent","no","An authentic adjacent-field term supplies rigor and a built-in brand story."
"241","Design Freeze","8.2","technical-adjacent","no","An authentic adjacent-field term supplies rigor and a built-in brand story."
"242","Safety Factor","8.2","technical-adjacent","no","An authentic adjacent-field term supplies rigor and a built-in brand story."
"243","Reference Standard","8.2","technical-adjacent","no","An authentic adjacent-field term supplies rigor and a built-in brand story."
"244","Service Life","8.2","technical-adjacent","no","An authentic adjacent-field term supplies rigor and a built-in brand story."
"245","Operating Window","8.2","technical-adjacent","no","An authentic adjacent-field term supplies rigor and a built-in brand story."
"246","Ergonomic","8.2","technical-adjacent","no","An authentic adjacent-field term supplies rigor and a built-in brand story."
"247","Workmanship","8.2","technical-adjacent","no","An authentic adjacent-field term supplies rigor and a built-in brand story."
"248","Checkpoint","8.2","technical-adjacent","no","An authentic adjacent-field term supplies rigor and a built-in brand story."
"249","Witness Point","8.2","technical-adjacent","no","An authentic adjacent-field term supplies rigor and a built-in brand story."
"250","Commissioned","8.2","technical-adjacent","no","An authentic adjacent-field term supplies rigor and a built-in brand story."
"251","Solid State","8.2","technical-adjacent","no","An authentic adjacent-field term supplies rigor and a built-in brand story."
"252","Phase Change","8.2","technical-adjacent","no","An authentic adjacent-field term supplies rigor and a built-in brand story."
"253","Mode Switch","8.2","technical-adjacent","no","An authentic adjacent-field term supplies rigor and a built-in brand story."
"254","Human Mode","8.2","technical-adjacent","no","An authentic adjacent-field term supplies rigor and a built-in brand story."
"255","Built In","8.2","technical-adjacent","no","An authentic adjacent-field term supplies rigor and a built-in brand story."
"256","Salience","8.2","technical-adjacent","no","An authentic adjacent-field term supplies rigor and a built-in brand story."
"257","Fluency","8.2","technical-adjacent","no","An authentic adjacent-field term supplies rigor and a built-in brand story."
"258","Reference Class","8.2","technical-adjacent","no","An authentic adjacent-field term supplies rigor and a built-in brand story."
"259","Calibration","8.2","technical-adjacent","no","An authentic adjacent-field term supplies rigor and a built-in brand story."
"260","Decision Rule","8.2","technical-adjacent","no","An authentic adjacent-field term supplies rigor and a built-in brand story."
"261","Heuristic","8.2","technical-adjacent","no","An authentic adjacent-field term supplies rigor and a built-in brand story."
"262","Threshold","8.2","technical-adjacent","no","An authentic adjacent-field term supplies rigor and a built-in brand story."
"263","Recallable","8.2","technical-adjacent","no","An authentic adjacent-field term supplies rigor and a built-in brand story."
"264","Plainly Understood","8.2","technical-adjacent","no","An authentic adjacent-field term supplies rigor and a built-in brand story."
"265","Cognitive Ease","8.2","technical-adjacent","no","An authentic adjacent-field term supplies rigor and a built-in brand story."
"266","Usability","8.2","technical-adjacent","no","An authentic adjacent-field term supplies rigor and a built-in brand story."
"267","Marginal Utility","8.2","technical-adjacent","no","An authentic adjacent-field term supplies rigor and a built-in brand story."
"268","Trim Tab","8.2","technical-adjacent","no","An authentic adjacent-field term supplies rigor and a built-in brand story."
"269","Airworthy","8.2","technical-adjacent","no","An authentic adjacent-field term supplies rigor and a built-in brand story."
"270","Straight and Level","8.2","technical-adjacent","no","An authentic adjacent-field term supplies rigor and a built-in brand story."
"271","Pattern Work","8.1","technical-adjacent","no","An authentic adjacent-field term supplies rigor and a built-in brand story."
"272","All Systems","8.1","technical-adjacent","no","An authentic adjacent-field term supplies rigor and a built-in brand story."
"273","Best Glide","8.1","technical-adjacent","no","An authentic adjacent-field term supplies rigor and a built-in brand story."
"274","Cruise Control","8.1","technical-adjacent","no","An authentic adjacent-field term supplies rigor and a built-in brand story."
"275","Roadworthy","8.1","technical-adjacent","no","An authentic adjacent-field term supplies rigor and a built-in brand story."
"276","Ride Quality","8.1","technical-adjacent","no","An authentic adjacent-field term supplies rigor and a built-in brand story."
"277","Road Feel","8.1","technical-adjacent","no","An authentic adjacent-field term supplies rigor and a built-in brand story."
"278","Power Band","8.1","technical-adjacent","no","An authentic adjacent-field term supplies rigor and a built-in brand story."
"279","Green Light","8.1","technical-adjacent","no","An authentic adjacent-field term supplies rigor and a built-in brand story."
"280","Clear Lane","8.1","technical-adjacent","no","An authentic adjacent-field term supplies rigor and a built-in brand story."
"281","Build Quality","8.1","technical-adjacent","no","An authentic adjacent-field term supplies rigor and a built-in brand story."
"282","Manual","8.1","technical-adjacent","no","An authentic adjacent-field term supplies rigor and a built-in brand story."
"283","Direct Drive","8.1","technical-adjacent","no","An authentic adjacent-field term supplies rigor and a built-in brand story."
"284","Overdrive","8.1","technical-adjacent","no","An authentic adjacent-field term supplies rigor and a built-in brand story."
"285","Service Interval","8.1","technical-adjacent","no","An authentic adjacent-field term supplies rigor and a built-in brand story."
"286","Running Order","8.1","technical-adjacent","no","An authentic adjacent-field term supplies rigor and a built-in brand story."
"287","In Gear","8.1","technical-adjacent","no","An authentic adjacent-field term supplies rigor and a built-in brand story."
"288","Shift Point","8.1","technical-adjacent","no","An authentic adjacent-field term supplies rigor and a built-in brand story."
"289","Centered","8.1","technical-adjacent","no","An authentic adjacent-field term supplies rigor and a built-in brand story."
"290","Helm","8.1","technical-adjacent","no","An authentic adjacent-field term supplies rigor and a built-in brand story."
"291","On Cue","8.1","technical-adjacent","no","An authentic adjacent-field term supplies rigor and a built-in brand story."
"292","On Mark","8.1","technical-adjacent","no","An authentic adjacent-field term supplies rigor and a built-in brand story."
"293","Stage Ready","8.1","technical-adjacent","no","An authentic adjacent-field term supplies rigor and a built-in brand story."
"294","Center Stage","8.1","technical-adjacent","no","An authentic adjacent-field term supplies rigor and a built-in brand story."
"295","Audience of One","8.1","technical-adjacent","no","An authentic adjacent-field term supplies rigor and a built-in brand story."
"296","First Act","8.1","technical-adjacent","no","An authentic adjacent-field term supplies rigor and a built-in brand story."
"297","Leading Role","8.1","technical-adjacent","no","An authentic adjacent-field term supplies rigor and a built-in brand story."
"298","Cast Well","8.1","technical-adjacent","no","An authentic adjacent-field term supplies rigor and a built-in brand story."
"299","Ensemble","8.1","technical-adjacent","no","An authentic adjacent-field term supplies rigor and a built-in brand story."
"300","Repertory","8.1","technical-adjacent","no","An authentic adjacent-field term supplies rigor and a built-in brand story."
