DiscussionRank,Name,World,Exercise,Form,CreativeRating,CreativeDecision,TrademarkDecision,EditorialStatus,WhyItRemains,MarketplaceNote
1,Continuous Form,Time and Skin Longevity,Compound: one plus one equals three,Category-relevant compound,8.9,ADVANCE,PROVISIONAL PASS,ADVANCE,"A composed, premium way to hold continuity and physical form in one name; it can stretch from preservation to capability without saying anti-aging.",No obvious exact skincare operator surfaced in the limited targeted web check; this is not clearance.
2,Durable Present,Time and Skin Longevity,Reframe the question / name the future,Direct conceptual reframe,8.7,ADVANCE,PROVISIONAL PASS,ADVANCE,"Turns longevity away from forever and toward remaining fully in the present; intelligent, optimistic, and less claim-like.",No obvious exact skincare operator surfaced in the limited targeted web check; this is not clearance.
3,Present Continuous,Time and Skin Longevity,Scientific borrowing,Authentic scientific terminology,8.8,ADVANCE,PROVISIONAL PASS,ADVANCE,A familiar grammatical form becomes an elegant model of ongoing change; editorial rather than medical.,No obvious exact skincare operator surfaced in the limited targeted web check; this is not clearance.
4,Return Again,Time and Skin Longevity,Name the audacity / worldview,Short stance phrase,8.8,ADVANCE,PROVISIONAL PASS,REACTION TEST,"Warm, circular continuation with ritual potential; the redundancy is either memorable or irritating, which makes it worth founder testing.",No obvious exact skincare operator surfaced in the limited targeted web check; this is not clearance.
5,Inspectably,Nothing Hidden and Transparency,Deconstruct / reconstruct,Transparent spelling modification,8.9,ADVANCE,PROVISIONAL PASS,ADVANCE,"A strange but legible adverb that makes openness an operating behavior, not a clean-beauty adjective.",No obvious exact skincare operator surfaced in the limited targeted web check; this is not clearance.
6,Uncurtained,Nothing Hidden and Transparency,Anti-descriptor,Bold contradiction or anti-descriptor,8.6,ADVANCE,PROVISIONAL PASS,ADVANCE,"Human, visual transparency with no compliance language; slightly literary and unusually tactile.",No obvious exact skincare operator surfaced in the limited targeted web check; this is not clearance.
7,Visible Join,Nothing Hidden and Transparency,Compound: one plus one equals three,Category-relevant compound,8.6,ADVANCE,PROVISIONAL PASS,REACTION TEST,"Says the construction is allowed to show, a strong metaphor for formula and sourcing transparency; feels design-led.",No obvious exact skincare operator surfaced in the limited targeted web check; this is not clearance.
8,Source Open,Nothing Hidden and Transparency,Compound: one plus one equals three,Category-relevant compound,8.6,ADVANCE,PROVISIONAL PASS,REACTION TEST,Puts provenance before polish in a compact reversal; technical syntax may be a feature or a flaw.,No obvious exact skincare operator surfaced in the limited targeted web check; this is not clearance.
9,Stillself,Bare Face and Recognizable Self,Morpheme engine,English-native compound or compression,9.0,ADVANCE,PROVISIONAL PASS,HOLD — MARKET USE,"The cleanest expression of identity continuity in the round, but fresh exact marketplace use means it is not presently clean enough to advance without counsel.","Exact StillSelf Etsy shop active in 2026; small/non-beauty use, but a current common-law flag."
10,In Full Face,Bare Face and Recognizable Self,Real-word metaphor or eponym,Unexpected real word or metaphor,8.9,ADVANCE,PROVISIONAL PASS,ADVANCE,Reclaims a makeup expression to mean fully oneself and fully visible; category-relevant with productive tension.,Full face is ordinary makeup language; the phrase carries useful category tension but likely narrower exclusivity.
11,Feature Signature,Bare Face and Recognizable Self,Compound: one plus one equals three,Category-relevant compound,8.9,ADVANCE,PROVISIONAL PASS,ADVANCE,"Treats recognizable features as a personal signature instead of defects; premium and extensible, though two-word.",No obvious exact skincare operator surfaced in the limited targeted web check; this is not clearance.
12,Portrait Continuity,Bare Face and Recognizable Self,Synchronicity / source-library raid,Authentic insider terminology,8.8,ADVANCE,PROVISIONAL PASS,REACTION TEST,"Precisely names recognizable identity through time; more editorial platform than compact mark, but strategically exact.",No obvious exact skincare operator surfaced in the limited targeted web check; this is not clearance.
13,Well Practiced,Skin Capability and Training,Three-team decoy,Decoy-world import,8.6,ADVANCE,PROVISIONAL PASS,ADVANCE,"Makes results the product of an intelligent repeatable practice; mature, calm, and non-gym.",No obvious exact skincare operator surfaced in the limited targeted web check; this is not clearance.
14,Skillful Skin,Skin Capability and Training,Reframe the question / name the future,Direct conceptual reframe,8.6,ADVANCE,PROVISIONAL PASS,REACTION TEST,"A direct capability reframe with alliteration; clear enough to teach the world, but close to a positioning line.",No obvious exact skincare operator surfaced in the limited targeted web check; this is not clearance.
15,Coachmark,Skin Capability and Training,Morpheme engine,English-native compound or compression,8.5,ADVANCE,PROVISIONAL PASS,REACTION TEST,"Compact coaching language with a useful mark/result echo; also an established UX term, which adds technical baggage.",Coach mark is established UX/onboarding terminology; no obvious beauty operator surfaced in the targeted check.
16,Gentle Progression,Skin Capability and Training,Anti-descriptor,Bold contradiction or anti-descriptor,8.5,ADVANCE,PROVISIONAL PASS,REACTION TEST,The best contradiction inside training: increase capacity without punishment; more regimen or method than masterbrand.,No obvious exact skincare operator surfaced in the limited targeted web check; this is not clearance.
17,Understated Output,Visible Performance,Anti-descriptor,Bold contradiction or anti-descriptor,8.5,ADVANCE,PROVISIONAL PASS,ADVANCE,"A premium performance contradiction—quiet tone, observable result; strongest as a sophisticated efficacy brand.",No obvious exact skincare operator surfaced in the limited targeted web check; this is not clearance.
18,Plain Result,Visible Performance,Three-team decoy,Decoy-world import,8.6,ADVANCE,PROVISIONAL PASS,REACTION TEST,Refreshingly anti-hype and easy to understand; its plainness may also make it hard to own.,No obvious exact skincare operator surfaced in the limited targeted web check; this is not clearance.
19,Notice Mark,Visible Performance,Three-team decoy,Decoy-world import,8.5,ADVANCE,PROVISIONAL PASS,REACTION TEST,Compresses visible change into a crisp constructed form; meaning needs a beat but the shape feels like a mark.,No obvious exact skincare operator surfaced in the limited targeted web check; this is not clearance.
20,Result Window,Visible Performance,Make the intangible tangible,"Authentic object, tool, gesture, or process",8.5,ADVANCE,PROVISIONAL PASS,PLATFORM CANDIDATE,A concrete place where progress becomes visible; better for a measurement system or content property than a house.,No obvious exact skincare operator surfaced in the limited targeted web check; this is not clearance.
21,Adaptive Margin,Barrier Strength and Adaptive Capacity,Three-team decoy,Decoy-world import,8.6,ADVANCE,PROVISIONAL PASS,ADVANCE,"Names the extra capacity to handle variability, an excellent scientific story with less fortress language.",No obvious exact skincare operator surfaced in the limited targeted web check; this is not clearance.
22,Elastic Reserve,Barrier Strength and Adaptive Capacity,Three-team decoy,Decoy-world import,8.6,ADVANCE,PROVISIONAL PASS,REACTION TEST,"Communicates give plus stored capacity; credible and tactile, though it may sound like a technology platform.",No obvious exact skincare operator surfaced in the limited targeted web check; this is not clearance.
23,Controlled Give,Barrier Strength and Adaptive Capacity,Anti-descriptor,Bold contradiction or anti-descriptor,8.5,ADVANCE,PROVISIONAL PASS,ADVANCE,A productive barrier contradiction: strength that yields intelligently rather than hardening.,No obvious exact skincare operator surfaced in the limited targeted web check; this is not clearance.
24,Response Margin,Barrier Strength and Adaptive Capacity,Win by contrast,Unexpected imported term,8.6,ADVANCE,PROVISIONAL PASS,PLATFORM CANDIDATE,Authentic control-system language for skin headroom; strategically rich but technical for a masterbrand.,No obvious exact skincare operator surfaced in the limited targeted web check; this is not clearance.
25,Factchecked,Evidence and Proof,Deconstruct / reconstruct,Transparent spelling modification,8.5,ADVANCE,PROVISIONAL PASS,REACTION TEST,A familiar proof behavior in a compact form; current journalism meaning may overpower beauty and narrow protection.,Ordinary journalism and verification language; federal pass does not make it inherently distinctive.
26,Error Bar,Evidence and Proof,Win by contrast,Unexpected imported term,8.3,HOLD,PROVISIONAL PASS,ADVANCE,"Evidence with honesty built in: proof that includes uncertainty. Distinctive worldview, though deliberately cerebral.",No obvious exact skincare operator surfaced in the limited targeted web check; this is not clearance.
27,Measured Doubt,Evidence and Proof,Anti-descriptor,Bold contradiction or anti-descriptor,8.2,HOLD,PROVISIONAL PASS,REACTION TEST,An excellent evidence contradiction that rejects false certainty; likely stronger as a principle or campaign.,No obvious exact skincare operator surfaced in the limited targeted web check; this is not clearance.
28,Open Assay,Evidence and Proof,Three-team decoy,Decoy-world import,8.3,HOLD,PROVISIONAL PASS,REACTION TEST,"Makes product testing visible and inspectable; attractive scientific form, more lab/platform than lifestyle.",No obvious exact skincare operator surfaced in the limited targeted web check; this is not clearance.
29,Knowingly,Better Informed and Customer Agency,Real-word metaphor or eponym,Unexpected real word or metaphor,8.4,ADVANCE,PROVISIONAL PASS,HOLD — RELATED FILING,"Warm agency in a real adverb, but KNOWINGLY HEALTHY has a current relevant filing and broader uses make the territory less clean.",KNOWINGLY HEALTHY has a 2025 filing in Classes 005 and 044; counsel should assess scope before any advance.
30,Sense First,Better Informed and Customer Agency,Three-team decoy,Decoy-world import,8.2,HOLD,PROVISIONAL PASS,ADVANCE,"Puts customer judgment before authority in a short, human stance; can also imply sensoriality in beauty.",No obvious exact skincare operator surfaced in the limited targeted web check; this is not clearance.
31,Question Ready,Better Informed and Customer Agency,Three-team decoy,Decoy-world import,8.2,HOLD,PROVISIONAL PASS,REACTION TEST,Frames informed customers as prepared to challenge claims; energetic but more attitude than luxury.,No obvious exact skincare operator surfaced in the limited targeted web check; this is not clearance.
32,Clearheaded Beauty,Better Informed and Customer Agency,Anti-descriptor,Bold contradiction or anti-descriptor,8.1,HOLD,PROVISIONAL PASS,REACTION TEST,The strategy is immediately legible and culturally useful; likely a positioning line or editorial property rather than a strong mark.,No obvious exact skincare operator surfaced in the limited targeted web check; this is not clearance.
