master_rank,name,cohesive_rating_10,rating_tier,trademark_screen_required,straightup_attitude,brand_thesis_fit,verbal_strength,distinctiveness_proxy,product_system_fit,story_headroom,source_quality,strengths,risks,source_count,sources,source_score_count,source_score_mean,source_score_max,source_contexts,normalized,source_files,raw_composite,federal_screen_scope,federal_decision,federal_reason,live_exact_count,live_near_count,dead_or_unknown_exact_count,all_hit_count,representative_hits,deeper_screen_status,deeper_screen_note,decision_readout
2,No Asterisk,9.69,A+ — exceptional,YES,8.05,7.4,8.1,5.65,6.2,6.6,6.6,StraightUp-like attitude; strong verbal usability,no major creative penalty in rubric,1,StraightUp Exploration,0,,,conversation,noasterisk,straightup-exploration-2026-07-16/candidate-pool.csv,7.1715,U.S. normalized exact + edit-distance-one; local corpus through 2026-07-06,PROVISIONAL PASS,No exact or edit-distance-one federal record found,0,0,0,0,,AMBER — broader federal component conflicts,"Live ASTERISK-family records surfaced, including Classes 010 and 035/042.",DO NOT TREAT AS CLEAR; resolve the identified issue before advancing
3,No Footnote,9.68,A+ — exceptional,YES,8.05,7.4,8.1,5.65,6.2,6.6,6.6,StraightUp-like attitude; strong verbal usability,no major creative penalty in rubric,1,StraightUp Exploration,0,,,focused_mutation,nofootnote,straightup-exploration-2026-07-16/candidate-pool.csv,7.1715,U.S. normalized exact + edit-distance-one; local corpus through 2026-07-06,PROVISIONAL PASS,No exact or edit-distance-one federal record found,0,0,0,0,,AMBER — beauty-category phrase use found,"INIKA Organic has used 'no footnotes, no asterisks' descriptively in beauty copy.",DO NOT TREAT AS CLEAR; resolve the identified issue before advancing
4,No Mystery,9.67,A+ — exceptional,YES,8.05,7.4,8.1,5.65,6.2,6.6,6.6,StraightUp-like attitude; strong verbal usability,no major creative penalty in rubric,1,StraightUp Exploration,0,,,peer_intelligence,nomystery,straightup-exploration-2026-07-16/candidate-pool.csv,7.1715,U.S. normalized exact + edit-distance-one; local corpus through 2026-07-06,PROVISIONAL PASS,No exact or edit-distance-one federal record found,0,0,0,0,,PRELIMINARY GREEN — broader federal pass,"No broader relevant federal conflict surfaced, though the phrase is used descriptively in skincare/wellness copy.",ADVANCEABLE TO COMPREHENSIVE COUNSEL SEARCH; not legally cleared
5,No Small Print,9.66,A+ — exceptional,YES,8.05,7.4,7.6,5.0,6.2,5.5,9.55,StraightUp-like attitude; strong verbal usability,no major creative penalty in rubric,2,Net-New Federal 1000; StraightUp Exploration,1,8.800,8.800,Wave 1 / #174; focused_mutation,nosmallprint,basic-trademark-knockout-1000-2026-07-16.md; straightup-exploration-2026-07-16/candidate-pool.csv,7.16995,U.S. normalized exact + edit-distance-one; local corpus through 2026-07-06,PROVISIONAL PASS,No exact or edit-distance-one federal record found,0,0,0,0,,AMBER — skincare-category phrase use found,Made Simple Skincare has used the phrase descriptively; strength and common-law context need review.,DO NOT TREAT AS CLEAR; resolve the identified issue before advancing
10,Put Plainly,9.61,A+ — exceptional,YES,7.3,6.5,8.1,6.05,6.45,6.85,6.6,strong verbal usability,no major creative penalty in rubric,1,StraightUp Exploration,0,,,plain_candor,putplainly,straightup-exploration-2026-07-16/candidate-pool.csv,6.8725,U.S. normalized exact + edit-distance-one; local corpus through 2026-07-06,PROVISIONAL PASS,No exact or edit-distance-one federal record found,0,0,0,0,,AMBER — broader federal dominant-word conflict,"PLAINLY EARTH is live in Class 003, creating a material category/dominant-word issue.",DO NOT TREAT AS CLEAR; resolve the identified issue before advancing
13,Plain to See,9.57,A+ — exceptional,YES,7.14,7.15,8.1,5.4,6.15,5.54,7.52,strong verbal usability,no major creative penalty in rubric,2,Core Worlds Round 1; StraightUp Exploration,1,8.100,8.100,Nothing Hidden and Transparency / Benefit ladder / ultimate feeling / Explicit benefit or proposition / HOLD / low structural risk; plain_candor,plaintosee,core-worlds-depth-2026-07-16/deduped-rated-pool.csv; straightup-exploration-2026-07-16/candidate-pool.csv,6.84486,U.S. normalized exact + edit-distance-one; local corpus through 2026-07-06,PROVISIONAL PASS,No exact or edit-distance-one federal record found,0,0,0,0,,PRELIMINARY GREEN — broader federal pass,No broader relevant federal conflict surfaced; ordinary/descriptive phrase strength still needs counsel review.,ADVANCEABLE TO COMPREHENSIVE COUNSEL SEARCH; not legally cleared
18,Sure Enough,9.52,A+ — exceptional,YES,7.85,5.2,8.1,5.65,6.45,7.1,6.6,StraightUp-like attitude; strong verbal usability,no major creative penalty in rubric,1,StraightUp Exploration,0,,,conversation,sureenough,straightup-exploration-2026-07-16/candidate-pool.csv,6.6605,U.S. normalized exact + edit-distance-one; local corpus through 2026-07-06,PROVISIONAL PASS,No exact or edit-distance-one federal record found,0,0,0,0,,PRELIMINARY GREEN — broader federal pass,No broader relevant federal conflict surfaced; one unrelated SHO'NUFF popcorn record appeared.,ADVANCEABLE TO COMPREHENSIVE COUNSEL SEARCH; not legally cleared
19,In Writing,9.51,A+ — exceptional,YES,7.1,5.95,8.1,5.65,6.2,6.85,6.6,strong verbal usability,no major creative penalty in rubric,1,StraightUp Exploration,0,,,conversation,inwriting,straightup-exploration-2026-07-16/candidate-pool.csv,6.6155,U.S. normalized exact + edit-distance-one; local corpus through 2026-07-06,PROVISIONAL PASS,No exact or edit-distance-one federal record found,0,0,0,0,,PRELIMINARY GREEN — broader federal pass,No broader relevant federal conflict surfaced; ordinary-phrase strength still needs counsel review.,ADVANCEABLE TO COMPREHENSIVE COUNSEL SEARCH; not legally cleared
24,No Footnotes,9.46,A+ — exceptional,YES,6.85,5.6,8.1,5.65,6.2,6.6,7.85,strong verbal usability,no major creative penalty in rubric,2,Final Blind Pool; StraightUp Exploration,0,,,Blind pool #429; focused_mutation,nofootnotes,final-exercise-2026-07-16/03-blind-pool.md; straightup-exploration-2026-07-16/candidate-pool.csv,6.5515,U.S. normalized exact + edit-distance-one; local corpus through 2026-07-06,PROVISIONAL PASS,No exact or edit-distance-one federal record found,0,0,0,0,,AMBER — beauty-category phrase use found,"INIKA Organic has used 'no footnotes, no asterisks' descriptively in beauty copy.",DO NOT TREAT AS CLEAR; resolve the identified issue before advancing
26,Show the Work,9.44,A+ — exceptional,YES,7.1,6.6,7.6,5.0,6.2,5.75,6.6,strong verbal usability,no major creative penalty in rubric,1,StraightUp Exploration,0,,,proof_motion,showthework,straightup-exploration-2026-07-16/candidate-pool.csv,6.534,U.S. normalized exact + edit-distance-one; local corpus through 2026-07-06,PROVISIONAL PASS,No exact or edit-distance-one federal record found,0,0,0,0,,AMBER — common/category phrase use found,The phrase appears in category and explanatory copy; exclusivity and common-law use need review.,DO NOT TREAT AS CLEAR; resolve the identified issue before advancing
27,Plain Proof,9.43,A+ — exceptional,YES,6.1,5.55,8.1,6.05,6.45,6.85,8.78,strong verbal usability,no major creative penalty in rubric,2,Net-New Federal 1000; StraightUp Exploration,1,8.500,8.500,Wave 1 / #55; proof_motion,plainproof,basic-trademark-knockout-1000-2026-07-16.md; straightup-exploration-2026-07-16/candidate-pool.csv,6.53104,U.S. normalized exact + edit-distance-one; local corpus through 2026-07-06,PROVISIONAL PASS,Only dead/unknown one-edit records found,0,0,0,2,"PAINPROOF (SN 98310995; dead/unknown; near-1; classes 035); PLANPROOF (SN 90858849; dead/unknown; near-1; classes 009,042)",RED — active exact common-law use found,An active PlainProof health-analytics business was found outside the federal exact-mark knockout.,DO NOT TREAT AS CLEAR; resolve the identified issue before advancing
42,Stand By It,9.27,A+ — exceptional,YES,7.1,5.15,8.1,5.0,6.45,6.0,7.85,strong verbal usability,no major creative penalty in rubric,2,Final Blind Pool; StraightUp Exploration,0,,,Blind pool #744; focused_mutation,standbyit,final-exercise-2026-07-16/03-blind-pool.md; straightup-exploration-2026-07-16/candidate-pool.csv,6.396,U.S. normalized exact + edit-distance-one; local corpus through 2026-07-06,PROVISIONAL PASS,No exact or edit-distance-one federal record found,0,0,0,0,,AMBER — broader federal phrase-family conflicts,"STAND BY / STANDBY records surfaced in relevant classes, including WE STAND BY OUR PRODUCTS in Classes 003/005/010.",DO NOT TREAT AS CLEAR; resolve the identified issue before advancing
83,Spelled Out,8.95,A — priority,YES,5.3,6.15,8.1,5.65,6.2,6.6,6.6,strong verbal usability,no major creative penalty in rubric,1,StraightUp Exploration,0,,,conversation,spelledout,straightup-exploration-2026-07-16/candidate-pool.csv,6.2115,U.S. normalized exact + edit-distance-one; local corpus through 2026-07-06,PROVISIONAL PASS,No exact or edit-distance-one federal record found,0,0,0,0,,PRELIMINARY GREEN — broader federal pass,No broader relevant federal conflict surfaced; ordinary-phrase strength still needs counsel review.,ADVANCEABLE TO COMPREHENSIVE COUNSEL SEARCH; not legally cleared
205,With Reason,8.59,A — priority,YES,5.35,4.55,8.1,5.65,6.2,6.6,9.37,strong verbal usability,no major creative penalty in rubric,2,Decoy Review; StraightUp Exploration,1,8.700,8.700,Earned Confidence / Every formula and routine choice comes with an intelligible reason. / Campaign-like / Proposition / C; peer_intelligence,withreason,decoy-exercise-2026-07-16/reviewed-pool-screen.csv; straightup-exploration-2026-07-16/candidate-pool.csv,6.06131,U.S. normalized exact + edit-distance-one; local corpus through 2026-07-06,PROVISIONAL PASS,No exact or edit-distance-one federal record found,0,0,0,0,,PRELIMINARY GREEN — broader federal pass,No broader relevant federal conflict surfaced; ordinary-phrase strength still needs counsel review.,ADVANCEABLE TO COMPREHENSIVE COUNSEL SEARCH; not legally cleared
