FinalRank,Name,CuratorScore,CuratorRationale,Direction,CreativeScore,Hook,TrademarkDecision,TrademarkReason,RepresentativeHits,MarketplaceDecision,MarketplaceReason,TopExactSearchResult,EvidenceURL
1,Ricercar,9.3,"A musical form whose name carries the idea of seeking: constant research expressed as culture, not laboratory language.",The Cultural Mononym,8.5,Ricercar imports cultural texture into skincare without describing the category.,PROVISIONAL PASS,No exact or edit-distance-one federal record found,,PROVISIONAL - NO OBVIOUS EXACT,No obvious exact active beauty/skincare master-brand conflict in a basic exact-name web scan,No relevant exact-name result,
2,Anvorel,9.2,"Immediate house-name authority; it can make rigorous skincare feel established, desirable, and expansive.",The Invented House,8.9,Anvorel behaves like an established beauty house: desirable first and rigorous underneath.,PROVISIONAL PASS,Only dead/unknown one-edit records found,ANGOREL (SN 73623125; RN 1479675; dead/unknown; near-1),CAUTION - ACTIVE OTHER USE,Exact personal/user-handle use,Bungie Profile,https://www.bungie.net/7/en/User/Profile/3/4611686018555014390
3,Calvere,9.1,"Controlled, elegant, and intellectually cool; a strong vessel for confidence without youth language.",The Invented House,8.9,Calvere behaves like an established beauty house: desirable first and rigorous underneath.,AMBER - LIVE NEAR / RELEVANT,One-edit live hit in a relevant active class,"CALVÉRN (SN 99330498; live; near-1; classes 003); CALVERT (SN 97658887; RN 7284084; live; near-1; classes 035,036); CALVERT (SN 97658935; RN 7395561; live; near-1; classes 035,036)",PROVISIONAL - NO OBVIOUS EXACT,No obvious exact active beauty/skincare master-brand conflict in a basic exact-name web scan,calvēre (Latin verb),https://www.wordsense.eu/calvere/
4,Corvenne,9.0,A darker couture cadence that feels decisive and memorable on a very simple bottle.,The Invented House,8.9,Corvenne behaves like an established beauty house: desirable first and rigorous underneath.,YELLOW - LIVE NEAR,One-edit live hit outside the core active-class set,ORVENNE (SN 99859365; live; near-1; classes 014); TORVENNE (SN 99792244; live; near-1; classes 011); CORIENNE (SN 99630318; live; near-1; classes 025),CAUTION - ACTIVE OTHER USE,Exact fictional-character/product-page use,[Ghost Hotel] Corvenne - Character Shop,https://ghosthotel1.cafe24.com/product/ghost-hotel-corvenne/601/
5,Brivune,9.0,Compact invented sound with energy and restraint; meaning can be built entirely around the brand's behavior.,The Pure Sound Lab,8.5,"Brivune is a meaning-free verbal vessel that can accumulate authority, pleasure, and trust.",YELLOW - LIVE NEAR,One-edit live hit outside the core active-class set,BRITUNE (SN 87769604; RN 5554755; live; near-1; classes 011),PROVISIONAL - NO OBVIOUS EXACT,No obvious exact active beauty/skincare master-brand conflict in a basic exact-name web scan,Beyond the Covenants,https://brill.com/display/book/9789004405480/BP000020.xml
6,Dorevan,8.9,"Familiar enough to pronounce instantly, unfamiliar enough to feel like a founderless European house.",The Invented House,8.9,Dorevan behaves like an established beauty house: desirable first and rigorous underneath.,YELLOW - LIVE NEAR,One-edit live hit outside the core active-class set,DOREAN_ (SN 99859045; live; near-1; classes 004); DREVAN (SN 90418920; RN 6536260; live; near-1; classes 028); DOREHAN (SN 90111179; live; near-1; classes 009),CAUTION - ACTIVE OTHER USE,Exact fashion-company use,Paris Styles Enterprise Corporation,https://www.parisstyles.com.tw/en/index.php
7,Elverin,8.9,Precise and stately rather than soft or spa-like; it gives technical credibility a human surface.,The Invented House,8.9,Elverin behaves like an established beauty house: desirable first and rigorous underneath.,YELLOW - LIVE NEAR,One-edit live hit outside the core active-class set,EVERIN (SN 90059847; RN 6281287; live; near-1; classes 028); EVERIN (SN 88586665; dead/unknown; near-1; classes 036); ELUVERIN (SN 85518133; dead/unknown; near-1),CAUTION - ACTIVE OTHER USE,Exact registered-company use,Elverin Group,https://aleo.com/int/company/elverin-group
8,Ferrore,8.8,"A strong, warm sound with a material undertone; confident without becoming aggressive or clinical.",The Invented House,8.6,Ferrore behaves like an established beauty house: desirable first and rigorous underneath.,PROVISIONAL PASS,Only dead/unknown one-edit records found,FERRARE (SN 73689638; dead/unknown; near-1); FERROREG (SN 73662928; RN 1471313; dead/unknown; near-1); FERRONE (SN 80335690; RN 0335690; dead/unknown; near-1),PROVISIONAL - NO OBVIOUS EXACT,No obvious exact active beauty/skincare master-brand conflict in a basic exact-name web scan,Ten FERRORE HOMMES,https://www.ten-online.com/en/article-ten/ferrore-hommes
9,Elvenne,8.8,"Quietly feminine and high-finish without fragility, fantasy language, or explicit category cues.",The Invented House,8.6,Elvenne behaves like an established beauty house: desirable first and rigorous underneath.,PROVISIONAL PASS,No exact or edit-distance-one federal record found,,PROVISIONAL - NO OBVIOUS EXACT,No obvious exact active beauty/skincare master-brand conflict in a basic exact-name web scan,The Petrichor,https://www.carolinaklaasen.com/artprints/p/the-petrichor
10,Partimento,8.8,A musical method that turns a reliable foundation into fluent performance—an unusually apt story for the standard routine.,The Cultural Mononym,8.3,Partimento imports cultural texture into skincare without describing the category.,PROVISIONAL PASS,No exact or edit-distance-one federal record found,,PROVISIONAL - NO OBVIOUS EXACT,No obvious exact active beauty/skincare master-brand conflict in a basic exact-name web scan,Partimento,https://en.wikipedia.org/wiki/Partimento
11,Hollismere,8.7,Creates a complete private world around the customer; expertise can feel intimate rather than institutional.,The Private World,8.3,Hollismere creates a private brand world where expertise feels intimate rather than clinical.,PROVISIONAL PASS,No exact or edit-distance-one federal record found,,PROVISIONAL - NO OBVIOUS EXACT,No obvious exact active beauty/skincare master-brand conflict in a basic exact-name web scan,No relevant exact-name result,
12,Fascicle,8.7,A small collected section or bundle; it can frame the line as a concise body of essential knowledge and products.,The Cultural Mononym,8.5,Fascicle imports cultural texture into skincare without describing the category.,PROVISIONAL PASS,Only dead/unknown one-edit records found,FASCYCLE (SN 74176209; RN 1724427; dead/unknown; near-1),PROVISIONAL - NO OBVIOUS EXACT,No obvious exact active beauty/skincare master-brand conflict in a basic exact-name web scan,Fascicle,https://en.wikipedia.org/wiki/Fascicle
13,Better Trouble,8.7,"Confident skepticism in two words: challenge beauty theater, keep the genuinely useful parts.",Beautiful Mischief,7.5,Better Trouble gives the brand enough wit and nerve to challenge beauty theater without becoming cynical.,PROVISIONAL PASS,No exact or edit-distance-one federal record found,,PROVISIONAL - NO OBVIOUS EXACT,No obvious exact active beauty/skincare master-brand conflict in a basic exact-name web scan,No relevant exact-name result,
14,Velvet Diversion,8.6,"Sensory pleasure collides with intelligent nonconformity; highly distinctive, editorial, and display-worthy.",Beautiful Mischief,8.0,Velvet Diversion gives the brand enough wit and nerve to challenge beauty theater without becoming cynical.,PROVISIONAL PASS,No exact or edit-distance-one federal record found,,PROVISIONAL - NO OBVIOUS EXACT,No obvious exact active beauty/skincare master-brand conflict in a basic exact-name web scan,No relevant exact-name result,
15,Polite Mischief,8.6,"The clearest expression of responsible rule-breaking: contrarian about claims, rigorous about products.",Beautiful Mischief,7.8,Polite Mischief gives the brand enough wit and nerve to challenge beauty theater without becoming cynical.,PROVISIONAL PASS,No exact or edit-distance-one federal record found,,PROVISIONAL - NO OBVIOUS EXACT,No obvious exact active beauty/skincare master-brand conflict in a basic exact-name web scan,Wyrd Skin Behance project,https://www.behance.net/
16,Tender Detour,8.6,An age-positive alternative path with warmth; it rejects correction language without rejecting performance.,Beautiful Mischief,8.0,Tender Detour gives the brand enough wit and nerve to challenge beauty theater without becoming cynical.,PROVISIONAL PASS,No exact or edit-distance-one federal record found,,PROVISIONAL - NO OBVIOUS EXACT,No obvious exact active beauty/skincare master-brand conflict in a basic exact-name web scan,No relevant exact-name result,
17,Asterel,8.5,"Poised, luminous house cadence with enough abstraction to support future research-led launches.",The Invented House,8.9,Asterel behaves like an established beauty house: desirable first and rigorous underneath.,AMBER - LIVE NEAR / RELEVANT,One-edit live hit in a relevant active class,"ASTERÉ (SN 79279044; RN 6187335; live; near-1; classes 003,020,024,027); ESTEREL (SN 79138611; RN 4496754; live; near-1; classes 003); ASTEEEL (SN 99834023; live; near-1; classes 006)",PROVISIONAL - NO OBVIOUS EXACT,No obvious exact active beauty/skincare master-brand conflict in a basic exact-name web scan,SPF 30 Tinted Sun Cream,https://patyka.com/products/tinted-face-sun-cream-spf30
18,Evrel,8.5,"Very short, fluent, and visually clean; a nearly empty vessel that can acquire trust through proof.",The Pure Sound Lab,8.8,"Evrel is a meaning-free verbal vessel that can accumulate authority, pleasure, and trust.",AMBER - LIVE NEAR / RELEVANT,One-edit live hit in a relevant active class,EVOREL (SN 99913549; live; near-1; classes 005); EVRE (SN 99713865; live; near-1; classes 005); EVREE (SN 98821660; RN 7826441; live; near-1; classes 005),CAUTION - ACTIVE OTHER USE,Exact personal-name use,Evrel HOPKINS,https://www.prabook.com/web/evrel.hopkins/1031452
19,Brevier,8.5,"Suggests a concise compendium: a small, edited routine containing only what earns its place.",The Cultural Mononym,8.5,Brevier imports cultural texture into skincare without describing the category.,YELLOW - DEAD EXACT,Exact federal record exists but is coded dead/unknown,BREVIER (SN 77610360; dead/unknown; exact; classes 009); BREVIÉR (SN 77141926; dead/unknown; exact; classes 009); BREVER (SN 87960958; dead/unknown; near-1; classes 008),PROVISIONAL - NO OBVIOUS EXACT,No obvious exact active beauty/skincare master-brand conflict in a basic exact-name web scan,Brevier,https://www.biblio.com/book/brevier/d/1234567890
20,Layerwork,8.5,Makes consistency and accumulation the hero—exactly the bridge between a standard routine and emerging technology.,Deep Time,8.1,Layerwork frames continued existence as accumulation and character rather than decline.,PROVISIONAL PASS,Only dead/unknown one-edit records found,LAYERWORKS (SN 98678163; dead/unknown; near-1; classes 009); LASERWORK (SN 74464376; RN 1924598; dead/unknown; near-1),PROVISIONAL - NO OBVIOUS EXACT,No obvious exact active beauty/skincare master-brand conflict in a basic exact-name web scan,Layerwork marketplace reference,https://www.etsy.com/
