Name,MarketplaceDecision,MarketplaceReason,TopExactSearchResult,EvidenceURL
Anvorel,CAUTION - ACTIVE OTHER USE,Exact personal/user-handle use,Bungie Profile,https://www.bungie.net/7/en/User/Profile/3/4611686018555014390
Aldevan,CAUTION - ACTIVE OTHER USE,Exact personal-name use,ALDEVAN SANTOS DE OLIVEIRA FILHO | Médicos,https://www.catalogo.med.br/doutor/aldevan-santos-de-oliveira-filho-2367762.htm
Ravellen,CAUTION - ACTIVE OTHER USE,Exact author/fiction-series use,The Ravellen Trilogy – Sarah Ravellen,https://sarahravellen.com/the-ravellen-trilogy/
Kestrelle,REMOVE - DIRECT BEAUTY/HEALTH,Exact prescription medicine name,Kestrelle 75 microgram Film-coated Tablets,https://patient-info.co.uk/kestrelle-75-microgram-film-coated-tablets-88565/summary-of-medicine-characteristics
Ferrore,PROVISIONAL - NO OBVIOUS EXACT,No obvious exact active beauty/skincare master-brand conflict in a basic exact-name web scan,Ten FERRORE HOMMES,https://www.ten-online.com/en/article-ten/ferrore-hommes
Elvenne,PROVISIONAL - NO OBVIOUS EXACT,No obvious exact active beauty/skincare master-brand conflict in a basic exact-name web scan,The Petrichor,https://www.carolinaklaasen.com/artprints/p/the-petrichor
Corvenne,CAUTION - ACTIVE OTHER USE,Exact fictional-character/product-page use,[Ghost Hotel] Corvenne - Character Shop,https://ghosthotel1.cafe24.com/product/ghost-hotel-corvenne/601/
Dorevan,CAUTION - ACTIVE OTHER USE,Exact fashion-company use,Paris Styles Enterprise Corporation,https://www.parisstyles.com.tw/en/index.php
Ervenne,CAUTION - ACTIVE OTHER USE,Exact surname/author use,"1,001 Basic Techniques for the Aspiring Composer",https://books.google.com/books?id=0udhswEACAAJ
Elverin,CAUTION - ACTIVE OTHER USE,Exact registered-company use,Elverin Group,https://aleo.com/int/company/elverin-group
Ardelin,CAUTION - ACTIVE OTHER USE,Exact active technology-company use,Ardelin,https://ardelin.io/
Alvarel,PROVISIONAL - NO OBVIOUS EXACT,No obvious exact active beauty/skincare master-brand conflict in a basic exact-name web scan,WHO INN Working Document 05.188,https://cdn.who.int/media/docs/default-source/international-nonproprietary-names-(inn)/pl95.pdf
Taveren,REMOVE - DIRECT BEAUTY/HEALTH,Exact therapeutics trademark/application,TAVEREN THERAPEUTICS Trademark Application of Taveren Therapeutics Inc.,https://trademarks.justia.com/793/75/taveren-79375293.html
Seraven,CAUTION - TRADEMARK/PRODUCT,Trademark-owner result needs registry review,Trademarks of Accelerated Intelligence Inc.,https://trademarks.justia.com/owners/accelerated-intelligence-inc-4006496/
Asterel,PROVISIONAL - NO OBVIOUS EXACT,No obvious exact active beauty/skincare master-brand conflict in a basic exact-name web scan,SPF 30 Tinted Sun Cream,https://patyka.com/products/tinted-face-sun-cream-spf30
Alderen,PROVISIONAL - NO OBVIOUS EXACT,No obvious exact active beauty/skincare master-brand conflict in a basic exact-name web scan,for alderen | Norwegian to English | Poetry & Literature,https://www.proz.com/kudoz/norwegian-to-english/poetry-literature/4403298-for-alderen.html
Calvere,PROVISIONAL - NO OBVIOUS EXACT,No obvious exact active beauty/skincare master-brand conflict in a basic exact-name web scan,calvēre (Latin verb),https://www.wordsense.eu/calvere/
Velorin,CAUTION - ACTIVE OTHER USE,Exact active website/company use,Velorin,https://velorin.de/
Avelor,REMOVE - DIRECT BEAUTY/HEALTH,Exact active supplement/wellness brand,Avelor,https://avelor.co/
Embray,CAUTION - TRADEMARK/PRODUCT,Exact trademark application result,"EMBRAY Trademark Application of Shenzhen Zhikeshu Technology Co., Ltd.",https://trademarks.justia.com/974/92/embray-97492946.html
Uvel,CAUTION - TRADEMARK/PRODUCT,Exact trademark application result,UVEL Trademark Application Details,https://www.companyvakil.com/trademarksearch/UVEL/1008807
Ivro,REMOVE - DIRECT BEAUTY/HEALTH,Exact pharmaceutical company,IVRO FARMA SL - Informe de la empresa,https://www.empresia.es/empresa/ivro-farma/
Brivune,PROVISIONAL - NO OBVIOUS EXACT,No obvious exact active beauty/skincare master-brand conflict in a basic exact-name web scan,Beyond the Covenants,https://brill.com/display/book/9789004405480/BP000020.xml
Ciodor,CAUTION - ACTIVE OTHER USE,Near-identical professional artist name Cio D'Or,"Cio D'Or Songs, Albums, Reviews, Bio & More",https://www.allmusic.com/artist/cio-dor-mn0000323102
Navelin,CAUTION - ACTIVE OTHER USE,Exact active technology-company use,Navelin – Centralized AI Workplace,https://navelin.com/
Odrin,CAUTION - TRADEMARK/PRODUCT,Exact cosmetics/manufacturer result; verify current use,Odrin Cosmetics and Decorative,https://www.prestol.ge/en/manufacturer.php?manuID=142
Virel,REMOVE - DIRECT BEAUTY/HEALTH,Exact active care brand,Virelcare,https://www.facebook.com/virelcare/
Selor,CAUTION - ACTIVE OTHER USE,Exact active online-store use,Selor | Online Store,https://selor.shop/
Adrel,CAUTION - ACTIVE OTHER USE,Exact registered-company use,ADREL DISCOM SRL din Sectorul 3 Str. Nicolae Teclu 1,https://www.listafirme.ro/adrel-discom-srl-21866331/
Abrin,PROVISIONAL - NO OBVIOUS EXACT,No obvious exact active beauty/skincare master-brand conflict in a basic exact-name web scan,Top 30 Clean Beauty Brands in 2026,https://www.inven.ai/company-lists/top-30-clean-beauty-companies
Miven,CAUTION - TRADEMARK/PRODUCT,Exact trademark-journal result,Trade Mark Journal No. TM032028,https://www.ipd.gov.hk/filemanager/ipd/common/trade_marks/trade_mark_journal_1/032028.pdf
Evrel,CAUTION - ACTIVE OTHER USE,Exact personal-name use,Evrel HOPKINS,https://www.prabook.com/web/evrel.hopkins/1031452
Uruva,PROVISIONAL - NO OBVIOUS EXACT,No obvious exact active beauty/skincare master-brand conflict in a basic exact-name web scan,"Cosmetic Products in Uruva, Mangalore",https://www.justdial.com/Mangalore/Cosmetic-Product-Dealers-in-Uruva/nct-10139752
Tivra,REMOVE - DIRECT BEAUTY/HEALTH,Exact active women's-health brand,Tivra Health,https://www.tivrahealth.com/
Dovik,CAUTION - ACTIVE OTHER USE,Exact active online-store use,Terms of Service,https://dovikstore.com/pages/terms-of-service
Cavrel,CAUTION - ACTIVE OTHER USE,Exact surname/archive use,Collection Cavrel Toledano,https://iif.ehess.fr/index.php/3154
Elune,REMOVE - DIRECT BEAUTY/HEALTH,Exact active beauty brand,elûne Beauty,https://elunebeauty.com/
Vairel,CAUTION - ACTIVE OTHER USE,Exact active AI-marketing company,Vairel | Your Full-Stack AI Marketing Department,https://www.vairel.com/
Ambermere,CAUTION - ACTIVE OTHER USE,Exact active website/company use,Ambermere,https://ambermere.com/
Briarmere,CAUTION - ACTIVE OTHER USE,Exact invitation-design product/brand use,Briarmere Invitation — Lindsey Bee,https://www.lindseybee.com/semicustom/briarmere
Ravenmere,PROVISIONAL - NO OBVIOUS EXACT,No obvious exact active beauty/skincare master-brand conflict in a basic exact-name web scan,The Other Black Girl,https://apps.apple.com/ca/app/the-other-black-girl/id1234567890
Caldermere,CAUTION - ACTIVE OTHER USE,Exact active investment-company use,Caldermere Capital,https://www.caldermerecapital.com/
Hollismere,PROVISIONAL - NO OBVIOUS EXACT,No obvious exact active beauty/skincare master-brand conflict in a basic exact-name web scan,No relevant exact-name result,
Lindenmere,CAUTION - ACTIVE OTHER USE,Exact active market/store use,Lindenmere Market,https://www.lindenmeremarket.com/
Valewell,PROVISIONAL - NO OBVIOUS EXACT,No obvious exact active beauty/skincare master-brand conflict in a basic exact-name web scan,Valewell CIC,https://assets.publishing.service.gov.uk/media/635919cbe90e0705839be4cc/Valewell_CIC.pdf
Ambergate,PROVISIONAL - NO OBVIOUS EXACT,No obvious exact active beauty/skincare master-brand conflict in a basic exact-name web scan,Beauty On An Acre,https://www.facebook.com/beautyonanacre/
Quiet Landing,PROVISIONAL - NO OBVIOUS EXACT,No obvious exact active beauty/skincare master-brand conflict in a basic exact-name web scan,Routine skincare,https://www.latimes.com/lifestyle/story/2024-04-01/routine-skincare
Winter Portico,PROVISIONAL - NO OBVIOUS EXACT,No obvious exact active beauty/skincare master-brand conflict in a basic exact-name web scan,Winter Portico Magazine,https://www.porticomagazine.com/
Ricercar,PROVISIONAL - NO OBVIOUS EXACT,No obvious exact active beauty/skincare master-brand conflict in a basic exact-name web scan,No relevant exact-name result,
Fascicle,PROVISIONAL - NO OBVIOUS EXACT,No obvious exact active beauty/skincare master-brand conflict in a basic exact-name web scan,Fascicle,https://en.wikipedia.org/wiki/Fascicle
Saloniste,REMOVE - DIRECT BEAUTY/HEALTH,Exact active hair/beauty salon,Saloniste,https://saloniste.com/
Acroterion,CAUTION - ACTIVE OTHER USE,Exact active website/company use,Acroterion,https://acroterion.com/
Partimento,PROVISIONAL - NO OBVIOUS EXACT,No obvious exact active beauty/skincare master-brand conflict in a basic exact-name web scan,Partimento,https://en.wikipedia.org/wiki/Partimento
Brevier,PROVISIONAL - NO OBVIOUS EXACT,No obvious exact active beauty/skincare master-brand conflict in a basic exact-name web scan,Brevier,https://www.biblio.com/book/brevier/d/1234567890
Partita,CAUTION - TRADEMARK/PRODUCT,Exact cosmetics-page result; verify use context,SuiCura Cosmetics,https://suicuracosmetics.com/
Sostenuto,CAUTION - TRADEMARK/PRODUCT,Exact biocosmetics-page result; verify use context,Jamalfi Biocosmetics,https://www.jamalfibiocosmetics.com/
Maestoso,CAUTION - ACTIVE OTHER USE,Exact active website/company use,Maestoso,https://maestoso.com/
Bozzetto,REMOVE - DIRECT BEAUTY/HEALTH,Exact active cosmetics-industry supplier,Bozzetto Group – Cosmetics,https://www.bozzettogroup.com/cosmetics/
Vernissage,REMOVE - DIRECT BEAUTY/HEALTH,Exact active beauty salon,Vernissage Beauty Salon Paris,https://www.vernissage-beauty.com/
Minuscule,CAUTION - TRADEMARK/PRODUCT,Exact skincare-page result; verify use context,Nannic Skincare,https://nannic.com/
Majuscule,CAUTION - TRADEMARK/PRODUCT,Exact active hygiene/personal-care product,Majuscule Hygiene Mist,https://majuscule.fr/
Cartouche,CAUTION - TRADEMARK/PRODUCT,Exact Canadian trademark result,CARTOUCHE Canadian trademark details,https://ised-isde.canada.ca/cipo/trademark-search/
Impasto,CAUTION - ACTIVE OTHER USE,Exact active restaurant use,Impasto,https://www.impasto.ca/
Ligature,PROVISIONAL - NO OBVIOUS EXACT,No obvious exact active beauty/skincare master-brand conflict in a basic exact-name web scan,Nova Root Skincare Brand Identity,https://www.behance.net/gallery/novaroot
Velluto,CAUTION - ACTIVE OTHER USE,Exact active online-store use,Velluto,https://shopvelluto.com/
Vitrine,REMOVE - DIRECT BEAUTY/HEALTH,Exact cosmetics business,Vitrine Cosméticos,https://www.vitrinecosmeticos.com.br/
Cantabile,CAUTION - TRADEMARK/PRODUCT,Trademark-journal result,Trade Marks Journal,https://ipindia.gov.in/
Lontano,CAUTION - TRADEMARK/PRODUCT,Exact live trademark result,LONTANO trademark,https://trademarks.justia.com/
Attacca,PROVISIONAL - NO OBVIOUS EXACT,No obvious exact active beauty/skincare master-brand conflict in a basic exact-name web scan,Attracca,https://www.attracca.com/
Toccata,PROVISIONAL - NO OBVIOUS EXACT,No obvious exact active beauty/skincare master-brand conflict in a basic exact-name web scan,Le Domaine,https://le-domaine.com/
Pochade,CAUTION - TRADEMARK/PRODUCT,Exact trademark result,POCHADE trademark,https://trademarks.justia.com/
Pentimento,REMOVE - DIRECT BEAUTY/HEALTH,Exact fragrance/perfume use,Pentimento Perfume,https://www.etsy.com/market/pentimento_perfume
Grazioso,CAUTION - TRADEMARK/PRODUCT,Exact beauty-retail product result; verify use context,Grazioso product result,https://www.yesstyle.com/
Some Nerve,CAUTION - TRADEMARK/PRODUCT,Exact cosmetics shade/product name,Smashbox Be Legendary Lipstick - Some Nerve,https://www.smashbox.com/product/some-nerve
Supposedly,PROVISIONAL - NO OBVIOUS EXACT,No obvious exact active beauty/skincare master-brand conflict in a basic exact-name web scan,Cosmetics Truth,https://www.cosmeticstruth.com/
Pleasure First,CAUTION - TRADEMARK/PRODUCT,Campaign phrase used by major brands,Sisley and Benetton campaign references,https://www.benetton.com/
Better Trouble,PROVISIONAL - NO OBVIOUS EXACT,No obvious exact active beauty/skincare master-brand conflict in a basic exact-name web scan,No relevant exact-name result,
Honest Exception,PROVISIONAL - NO OBVIOUS EXACT,No obvious exact active beauty/skincare master-brand conflict in a basic exact-name web scan,No relevant exact-name result,
Velvet Diversion,PROVISIONAL - NO OBVIOUS EXACT,No obvious exact active beauty/skincare master-brand conflict in a basic exact-name web scan,No relevant exact-name result,
Contrarywise,PROVISIONAL - NO OBVIOUS EXACT,No obvious exact active beauty/skincare master-brand conflict in a basic exact-name web scan,Contrarywise art reference,https://www.artforum.com/
Rare Behavior,PROVISIONAL - NO OBVIOUS EXACT,No obvious exact active beauty/skincare master-brand conflict in a basic exact-name web scan,Rare behavior article,https://www.audubon.org/
Clever Fiction,CAUTION - ACTIVE OTHER USE,Exact app/product use,Clever Fiction app,https://apps.apple.com/
Tender Detour,PROVISIONAL - NO OBVIOUS EXACT,No obvious exact active beauty/skincare master-brand conflict in a basic exact-name web scan,No relevant exact-name result,
Rare Nerve,PROVISIONAL - NO OBVIOUS EXACT,No obvious exact active beauty/skincare master-brand conflict in a basic exact-name web scan,Rare nerve medical article,https://pubmed.ncbi.nlm.nih.gov/
Polite Mischief,PROVISIONAL - NO OBVIOUS EXACT,No obvious exact active beauty/skincare master-brand conflict in a basic exact-name web scan,Wyrd Skin Behance project,https://www.behance.net/
Afterbeat,CAUTION - ACTIVE OTHER USE,Exact active organization use,Afterbeat Foundation,https://afterbeat.org/
Undulate,PROVISIONAL - NO OBVIOUS EXACT,No obvious exact active beauty/skincare master-brand conflict in a basic exact-name web scan,Undulate palette article,https://www.temptalia.com/
Inner Cadence,REMOVE - DIRECT BEAUTY/HEALTH,Exact active somatic/wellness practice,Inner Cadence Somatic Therapy,https://www.innercadence.com/
Vivid Gesture,PROVISIONAL - NO OBVIOUS EXACT,No obvious exact active beauty/skincare master-brand conflict in a basic exact-name web scan,Vivid Gesture music reference,https://www.warnerclassics.com/
Glidelet,PROVISIONAL - NO OBVIOUS EXACT,No obvious exact active beauty/skincare master-brand conflict in a basic exact-name web scan,Glidelet toothpaste reference,https://www.dentalproductsreport.com/
Pulsekin,REMOVE - DIRECT BEAUTY/HEALTH,Exact active skincare use,Pulsekin skincare result,https://www.pulsekin.com/
True Tremor,PROVISIONAL - NO OBVIOUS EXACT,No obvious exact active beauty/skincare master-brand conflict in a basic exact-name web scan,True tremor art reference,https://www.artforum.com/
Layerwork,PROVISIONAL - NO OBVIOUS EXACT,No obvious exact active beauty/skincare master-brand conflict in a basic exact-name web scan,Layerwork marketplace reference,https://www.etsy.com/
Yearwork,CAUTION - ACTIVE OTHER USE,Exact registered-company notice,Yearwork company notice,https://gazette.govt.nz/
Deep Calendar,PROVISIONAL - NO OBVIOUS EXACT,No obvious exact active beauty/skincare master-brand conflict in a basic exact-name web scan,Deep Calendar phrase reference,https://www.agencyspotter.com/
Henceforward,PROVISIONAL - NO OBVIOUS EXACT,No obvious exact active beauty/skincare master-brand conflict in a basic exact-name web scan,Henceforward beauty-products text reference,https://www.sephora.com/
Eonmark,CAUTION - ACTIVE OTHER USE,Exact registered-company use,Eonmark UK company,https://find-and-update.company-information.service.gov.uk/
Private Filigree,PROVISIONAL - NO OBVIOUS EXACT,No obvious exact active beauty/skincare master-brand conflict in a basic exact-name web scan,No relevant exact-name result,
Wild Armature,PROVISIONAL - NO OBVIOUS EXACT,No obvious exact active beauty/skincare master-brand conflict in a basic exact-name web scan,Wild armature CAD reference,https://www.cadforum.cz/
Fine Signet,CAUTION - TRADEMARK/PRODUCT,Exact consumer-product phrase in jewelry,Fine signet jewelry result,https://www.etsy.com/
