Top200Rank,CurationScore,PoolNumber,Name,Direction,DirectionRank,Method,SourceWorld,RawOrder,StructuralScore,Normalized,Desire,Distinctiveness,Fluency,Stretch,BottlePresence,StoryIgnition,CreativeScore,RevealDecision,Hook,CreativeRisk,TrademarkDecision,TrademarkReason,LiveExact,LiveNear1,DeadOrUnknownExact,AllHitCount,RepresentativeHits
1,12.9000,13,Anvorel,The Invented House,1,Eponym / curated mononym,Founderless fashion house,43,14.38143,anvorel,8.5,9.0,9.4,9.0,8.8,8.5,8.9,ADVANCE,Anvorel behaves like an established beauty house: desirable first and rigorous underneath.,Pronunciation / invented word,PROVISIONAL PASS,Only dead/unknown one-edit records found,0,0,0,1,ANGOREL (SN 73623125; RN 1479675; dead/unknown; near-1)
2,12.9000,22,Aldevan,The Invented House,1,Eponym / curated mononym,Founderless fashion house,40,14.03143,aldevan,8.5,9.0,9.4,9.0,8.8,8.5,8.9,ADVANCE,Aldevan behaves like an established beauty house: desirable first and rigorous underneath.,Pronunciation / invented word,PROVISIONAL PASS,Only dead/unknown one-edit records found,0,0,0,2,"AL-DEWAN (SN 90336457; dead/unknown; near-1; classes 029,030,032); ANDEVAN (SN 78475527; dead/unknown; near-1; classes 006)"
3,12.8000,47,Ravellen,The Invented House,1,Eponym / curated mononym,Founderless fashion house,31,13.37000,ravellen,8.5,9.0,9.1,9.0,8.8,8.5,8.8,ADVANCE,Ravellen behaves like an established beauty house: desirable first and rigorous underneath.,Pronunciation / invented word,PROVISIONAL PASS,Only dead/unknown one-edit records found,0,0,0,3,RAVELLE (SN 88645847; RN 6047238; dead/unknown; near-1); RAVELLE (SN 77936802; RN 3892377; dead/unknown; near-1); RAVELLE (SN 78096375; RN 2607721; dead/unknown; near-1)
4,12.6000,65,Kestrelle,The Invented House,1,Eponym / curated mononym,Founderless fashion house,24,11.66667,kestrelle,8.5,9.0,7.7,9.0,8.8,8.5,8.6,ADVANCE,Kestrelle behaves like an established beauty house: desirable first and rigorous underneath.,Pronunciation / invented word,PROVISIONAL PASS,Only dead/unknown one-edit records found,0,0,0,3,ESTRELLE (SN 78727892; dead/unknown; near-1; classes 005); ESTRELLE (SN 78076142; dead/unknown; near-1; classes 005); ESTRELLE (SN 75324971; dead/unknown; near-1; classes 005)
5,12.6000,125,Ferrore,The Invented House,1,World-language-shaped coinage,Fashion-house phonology,461,9.73143,ferrore,8.5,9.0,7.8,9.0,8.8,8.5,8.6,ADVANCE,Ferrore behaves like an established beauty house: desirable first and rigorous underneath.,Pronunciation / invented word,PROVISIONAL PASS,Only dead/unknown one-edit records found,0,0,0,3,FERRARE (SN 73689638; dead/unknown; near-1); FERROREG (SN 73662928; RN 1471313; dead/unknown; near-1); FERRONE (SN 80335690; RN 0335690; dead/unknown; near-1)
6,12.6000,121,Elvenne,The Invented House,1,World-language-shaped coinage,Fashion-house phonology,452,9.73143,elvenne,8.5,9.0,7.8,9.0,8.8,8.5,8.6,ADVANCE,Elvenne behaves like an established beauty house: desirable first and rigorous underneath.,Pronunciation / invented word,PROVISIONAL PASS,No exact or edit-distance-one federal record found,0,0,0,0,
7,11.6000,44,Corvenne,The Invented House,1,Eponym / curated mononym,Founderless fashion house,51,13.52000,corvenne,8.5,9.0,9.2,9.0,8.8,8.5,8.9,ADVANCE,Corvenne behaves like an established beauty house: desirable first and rigorous underneath.,Pronunciation / invented word,YELLOW - LIVE NEAR,One-edit live hit outside the core active-class set,0,3,0,3,ORVENNE (SN 99859365; live; near-1; classes 014); TORVENNE (SN 99792244; live; near-1; classes 011); CORIENNE (SN 99630318; live; near-1; classes 025)
8,11.6000,24,Dorevan,The Invented House,1,Eponym / curated mononym,Founderless fashion house,54,14.03143,dorevan,8.5,9.0,9.4,9.0,8.8,8.5,8.9,ADVANCE,Dorevan behaves like an established beauty house: desirable first and rigorous underneath.,Pronunciation / invented word,YELLOW - LIVE NEAR,One-edit live hit outside the core active-class set,0,4,0,7,DOREAN_ (SN 99859045; live; near-1; classes 004); DREVAN (SN 90418920; RN 6536260; live; near-1; classes 028); DOREHAN (SN 90111179; live; near-1; classes 009)
9,11.6000,25,Ervenne,The Invented House,1,Eponym / curated mononym,Founderless fashion house,57,14.03143,ervenne,8.5,9.0,9.4,9.0,8.8,8.5,8.9,ADVANCE,Ervenne behaves like an established beauty house: desirable first and rigorous underneath.,Pronunciation / invented word,YELLOW - LIVE NEAR,One-edit live hit outside the core active-class set,0,1,0,1,ORVENNE (SN 99859365; live; near-1; classes 014)
10,11.6000,15,Elverin,The Invented House,1,Eponym / curated mononym,Founderless fashion house,55,14.38143,elverin,8.5,9.0,9.4,9.0,8.8,8.5,8.9,ADVANCE,Elverin behaves like an established beauty house: desirable first and rigorous underneath.,Pronunciation / invented word,YELLOW - LIVE NEAR,One-edit live hit outside the core active-class set,0,1,0,5,EVERIN (SN 90059847; RN 6281287; live; near-1; classes 028); EVERIN (SN 88586665; dead/unknown; near-1; classes 036); ELUVERIN (SN 85518133; dead/unknown; near-1)
11,11.6000,4,Ardelin,The Invented House,1,Eponym / curated mononym,Founderless fashion house,5,14.38143,ardelin,8.5,9.0,9.4,9.0,8.8,8.5,8.9,ADVANCE,Ardelin behaves like an established beauty house: desirable first and rigorous underneath.,Pronunciation / invented word,YELLOW - LIVE NEAR,One-edit live hit outside the core active-class set,0,5,0,12,ARDLIN (SN 99629636; live; near-1; classes 020); ARELIN (SN 97514851; RN 7150264; live; near-1; classes 025); ADELIN (SN 88188471; RN 5780340; live; near-1; classes 012)
12,10.4500,12,Alvarel,The Invented House,1,Eponym / curated mononym,Founderless fashion house,41,14.38143,alvarel,8.5,9.0,9.4,9.0,8.8,8.5,8.9,ADVANCE,Alvarel behaves like an established beauty house: desirable first and rigorous underneath.,Pronunciation / invented word,AMBER - LIVE NEAR / RELEVANT,One-edit live hit in a relevant active class,0,3,0,4,"ALVAREZ (SN 87038577; RN 5211110; live; near-1; classes 035); ALTAREL (SN 99163292; live; near-1; classes 025); ALVAREZ (SN 72399063; RN 0962778; live; near-1; classes 009,015)"
13,10.4500,10,Taveren,The Invented House,1,Eponym / curated mononym,Founderless fashion house,34,14.38143,taveren,8.5,9.0,9.4,9.0,8.8,8.5,8.9,ADVANCE,Taveren behaves like an established beauty house: desirable first and rigorous underneath.,Pronunciation / invented word,AMBER - LIVE NEAR / RELEVANT,One-edit live hit in a relevant active class,0,6,1,14,TAVERN (SN 97814220; RN 7892533; live; near-1; classes 035); VAVEREN (SN 90395210; RN 6470790; live; near-1; classes 021); TAVERN (SN 90979703; RN 7081695; live; near-1; classes 025)
14,10.4500,9,Seraven,The Invented House,1,Eponym / curated mononym,Founderless fashion house,33,14.38143,seraven,8.5,9.0,9.4,9.0,8.8,8.5,8.9,ADVANCE,Seraven behaves like an established beauty house: desirable first and rigorous underneath.,Pronunciation / invented word,AMBER - LIVE NEAR / RELEVANT,One-edit live hit in a relevant active class,0,8,1,22,SERAVYN (SN 99895873; live; near-1; classes 035); SERAPEN (SN 97687720; live; near-1; classes 010); SERAVENA (SN 86554069; RN 4831356; live; near-1; classes 003)
15,10.4500,5,Asterel,The Invented House,1,Eponym / curated mononym,Founderless fashion house,6,14.38143,asterel,8.5,9.0,9.4,9.0,8.8,8.5,8.9,ADVANCE,Asterel behaves like an established beauty house: desirable first and rigorous underneath.,Pronunciation / invented word,AMBER - LIVE NEAR / RELEVANT,One-edit live hit in a relevant active class,0,5,0,16,"ASTERÉ (SN 79279044; RN 6187335; live; near-1; classes 003,020,024,027); ESTEREL (SN 79138611; RN 4496754; live; near-1; classes 003); ASTEEEL (SN 99834023; live; near-1; classes 006)"
16,10.4500,1,Alderen,The Invented House,1,Eponym / curated mononym,Founderless fashion house,1,14.38143,alderen,8.5,9.0,9.4,9.0,8.8,8.5,8.9,ADVANCE,Alderen behaves like an established beauty house: desirable first and rigorous underneath.,Pronunciation / invented word,AMBER - LIVE NEAR / RELEVANT,One-edit live hit in a relevant active class,0,3,0,6,ALDERED (SN 79178928; RN 4962160; live; near-1; classes 005); ALDREN (SN 99189470; live; near-1; classes 018); BLDEREN (SN 98965988; live; near-1; classes 008)
17,10.4500,20,Calvere,The Invented House,1,Eponym / curated mononym,Founderless fashion house,10,14.03143,calvere,8.5,9.0,9.4,9.0,8.8,8.5,8.9,ADVANCE,Calvere behaves like an established beauty house: desirable first and rigorous underneath.,Pronunciation / invented word,AMBER - LIVE NEAR / RELEVANT,One-edit live hit in a relevant active class,0,10,0,24,"CALVÉRN (SN 99330498; live; near-1; classes 003); CALVERT (SN 97658887; RN 7284084; live; near-1; classes 035,036); CALVERT (SN 97658935; RN 7395561; live; near-1; classes 035,036)"
18,10.4500,19,Velorin,The Invented House,1,Eponym / curated mononym,Founderless fashion house,75,14.38143,velorin,8.5,9.0,9.4,9.0,8.8,8.5,8.9,ADVANCE,Velorin behaves like an established beauty house: desirable first and rigorous underneath.,Pronunciation / invented word,AMBER - LIVE NEAR / RELEVANT,One-edit live hit in a relevant active class,0,25,0,34,VELTORIN (SN 99880179; live; near-1; classes 005); VELORIEN (SN 99876526; live; near-1; classes 003); VELDRIN (SN 99872170; live; near-1; classes 021)
19,10.4500,30,Avelor,The Invented House,1,Eponym / curated mononym,Founderless fashion house,7,13.59000,avelor,8.5,9.0,9.2,9.0,8.8,8.5,8.9,ADVANCE,Avelor behaves like an established beauty house: desirable first and rigorous underneath.,Pronunciation / invented word,AMBER - LIVE NEAR / RELEVANT,One-edit live hit in a relevant active class,0,33,0,52,"AVELORA (SN 99870052; live; near-1; classes 025,035); AVENOR (SN 99868640; live; near-1; classes 010); AVENOR (SN 99826251; live; near-1; classes 005,021,025)"
20,10.2500,64,Embray,The Invented House,1,Eponym / curated mononym,Founderless fashion house,17,12.44000,embray,8.5,9.0,8.0,9.0,8.8,8.5,8.7,ADVANCE,Embray behaves like an established beauty house: desirable first and rigorous underneath.,Pronunciation / invented word,AMBER - LIVE NEAR / RELEVANT,One-edit live hit in a relevant active class,0,13,1,27,"EMBRAYA (SN 99860528; live; near-1; classes 003,005,044); EMBRA (SN 99724843; live; near-1; classes 041); EMBRY (SN 99669088; live; near-1; classes 025,028)"
21,11.7000,201,Uvel,The Pure Sound Lab,1,Sound-first curated coinage,No-semantic brief,582,13.15000,uvel,8.2,9.0,9.0,9.0,7.8,7.9,8.6,ADVANCE,"Uvel is a meaning-free verbal vessel that can accumulate authority, pleasure, and trust.",Pronunciation / invented word,YELLOW - DEAD EXACT,Exact federal record exists but is coded dead/unknown,0,0,1,1,"UVEL (SN 76197681; dead/unknown; exact; classes 001,002,005,010,016,017,019)"
22,11.6000,202,Ivro,The Pure Sound Lab,1,Sound-first curated coinage,No-semantic brief,559,12.80000,ivro,8.2,9.0,8.9,9.0,7.8,7.9,8.5,ADVANCE,"Ivro is a meaning-free verbal vessel that can accumulate authority, pleasure, and trust.",Pronunciation / invented word,YELLOW - DEAD EXACT,Exact federal record exists but is coded dead/unknown,0,0,1,1,IVRO (SN 74072737; dead/unknown; exact)
23,11.2000,308,Brivune,The Pure Sound Lab,1,Deconstruct / reconstruct,Mouthfeel variation,851,10.03143,brivune,8.2,9.0,7.9,9.0,8.8,7.9,8.5,ADVANCE,"Brivune is a meaning-free verbal vessel that can accumulate authority, pleasure, and trust.",Pronunciation / invented word,YELLOW - LIVE NEAR,One-edit live hit outside the core active-class set,0,1,0,1,BRITUNE (SN 87769604; RN 5554755; live; near-1; classes 011)
24,11.2000,288,Ciodor,The Pure Sound Lab,1,Sound-first coinage,Consonant-vowel texture matrix,630,10.04000,ciodor,8.2,9.0,7.9,9.0,8.8,7.9,8.5,ADVANCE,"Ciodor is a meaning-free verbal vessel that can accumulate authority, pleasure, and trust.",Pronunciation / invented word,YELLOW - LIVE NEAR,One-edit live hit outside the core active-class set,0,3,0,8,LIODOR (SN 97797348; RN 7322134; live; near-1; classes 027); CWODOR (SN 97618055; RN 7217386; live; near-1; classes 025); CIOSOR (SN 90093704; live; near-1; classes 028)
25,10.3500,161,Navelin,The Pure Sound Lab,1,Sound-first curated coinage,No-semantic brief,568,14.38143,navelin,8.2,9.0,9.4,9.0,8.8,7.9,8.8,ADVANCE,"Navelin is a meaning-free verbal vessel that can accumulate authority, pleasure, and trust.",Pronunciation / invented word,AMBER - LIVE NEAR / RELEVANT,One-edit live hit in a relevant active class,0,41,0,132,"JAVELIN (SN 98440920; live; near-1; classes 003,004); JAVELIN (SN 98436149; RN 7667898; live; near-1; classes 003,005); NAVLIN (SN 98124829; RN 7462908; live; near-1; classes 035,042)"
26,10.3500,177,Odrin,The Pure Sound Lab,1,Sound-first curated coinage,No-semantic brief,571,13.85000,odrin,8.2,9.0,9.3,9.0,8.8,7.9,8.8,ADVANCE,"Odrin is a meaning-free verbal vessel that can accumulate authority, pleasure, and trust.",Pronunciation / invented word,AMBER - LIVE NEAR / RELEVANT,One-edit live hit in a relevant active class,0,44,0,107,"ORIN (SN 99757659; live; near-1; classes 005); ODRIX (SN 99710999; live; near-1; classes 003); ODIN (SN 99554494; live; near-1; classes 005,029)"
27,10.3500,183,Virel,The Pure Sound Lab,1,Sound-first curated coinage,No-semantic brief,586,13.85000,virel,8.2,9.0,9.3,9.0,8.8,7.9,8.8,ADVANCE,"Virel is a meaning-free verbal vessel that can accumulate authority, pleasure, and trust.",Pronunciation / invented word,AMBER - LIVE NEAR / RELEVANT,One-edit live hit in a relevant active class,0,61,2,175,VINREL (SN 99859029; live; near-1; classes 021); VIRKL (SN 99831072; live; near-1; classes 003); VIRELO (SN 99387384; live; near-1; classes 021)
28,10.3500,180,Selor,The Pure Sound Lab,1,Sound-first curated coinage,No-semantic brief,579,13.85000,selor,8.2,9.0,9.3,9.0,8.8,7.9,8.8,ADVANCE,"Selor is a meaning-free verbal vessel that can accumulate authority, pleasure, and trust.",Pronunciation / invented word,AMBER - LIVE NEAR / RELEVANT,One-edit live hit in a relevant active class,0,54,0,130,SELORA (SN 99869998; live; near-1; classes 010); XELOR (SN 99849377; live; near-1; classes 044); ELOR (SN 99844848; live; near-1; classes 035)
29,10.3500,164,Adrel,The Pure Sound Lab,1,Sound-first curated coinage,No-semantic brief,542,13.85000,adrel,8.2,9.0,9.3,9.0,8.8,7.9,8.8,ADVANCE,"Adrel is a meaning-free verbal vessel that can accumulate authority, pleasure, and trust.",Pronunciation / invented word,AMBER - LIVE NEAR / RELEVANT,One-edit live hit in a relevant active class,0,34,0,94,"ANDREL (SN 99769524; live; near-1; classes 035,042); AURÉL (SN 99648225; live; near-1; classes 003); AREL (SN 99457414; live; near-1; classes 021)"
30,10.3500,163,Abrin,The Pure Sound Lab,1,Sound-first curated coinage,No-semantic brief,541,13.85000,abrin,8.2,9.0,9.3,9.0,8.8,7.9,8.8,ADVANCE,"Abrin is a meaning-free verbal vessel that can accumulate authority, pleasure, and trust.",Pronunciation / invented word,AMBER - LIVE NEAR / RELEVANT,One-edit live hit in a relevant active class,0,62,0,151,BRIN (SN 99853706; live; near-1; classes 005); AURIN (SN 99744811; live; near-1; classes 035); ABRIL. (SN 99611719; live; near-1; classes 003)
31,10.3500,174,Miven,The Pure Sound Lab,1,Sound-first curated coinage,No-semantic brief,567,13.85000,miven,8.2,9.0,9.3,9.0,8.8,7.9,8.8,ADVANCE,"Miven is a meaning-free verbal vessel that can accumulate authority, pleasure, and trust.",Pronunciation / invented word,AMBER - LIVE NEAR / RELEVANT,One-edit live hit in a relevant active class,0,116,0,238,MIREN (SN 99781959; live; near-1; classes 005); GIVEN (SN 99741760; live; near-1; classes 005); MAVEN (SN 99689695; live; near-1; classes 035)
32,10.3500,167,Evrel,The Pure Sound Lab,1,Sound-first curated coinage,No-semantic brief,554,13.85000,evrel,8.2,9.0,9.3,9.0,8.8,7.9,8.8,ADVANCE,"Evrel is a meaning-free verbal vessel that can accumulate authority, pleasure, and trust.",Pronunciation / invented word,AMBER - LIVE NEAR / RELEVANT,One-edit live hit in a relevant active class,0,19,0,42,EVOREL (SN 99913549; live; near-1; classes 005); EVRE (SN 99713865; live; near-1; classes 005); EVREE (SN 98821660; RN 7826441; live; near-1; classes 005)
33,10.2500,212,Uruva,The Pure Sound Lab,1,Sound-first curated coinage,No-semantic brief,592,12.22000,uruva,8.2,9.0,8.7,9.0,8.8,7.9,8.7,ADVANCE,"Uruva is a meaning-free verbal vessel that can accumulate authority, pleasure, and trust.",Pronunciation / invented word,AMBER - LIVE NEAR / RELEVANT,One-edit live hit in a relevant active class,0,8,0,27,"TRUVA (SN 79440897; live; near-1; classes 037,044); TRUVA (SN 99208627; live; near-1; classes 009,010); DRUVA (SN 79242450; RN 6121019; live; near-1; classes 007,009,010,011,038,040,042)"
34,10.2500,198,Tivra,The Pure Sound Lab,1,Sound-first curated coinage,No-semantic brief,581,13.50000,tivra,8.2,9.0,9.2,9.0,8.8,7.9,8.7,ADVANCE,"Tivra is a meaning-free verbal vessel that can accumulate authority, pleasure, and trust.",Pronunciation / invented word,AMBER - LIVE NEAR / RELEVANT,One-edit live hit in a relevant active class,0,56,0,202,TAVRA (SN 99802455; live; near-1; classes 003); OTIVRA (SN 99766213; live; near-1; classes 010); TAVRA (SN 99688921; live; near-1; classes 005)
35,10.2500,193,Dovik,The Pure Sound Lab,1,Sound-first curated coinage,No-semantic brief,550,13.50000,dovik,8.2,9.0,9.2,9.0,8.8,7.9,8.7,ADVANCE,"Dovik is a meaning-free verbal vessel that can accumulate authority, pleasure, and trust.",Pronunciation / invented word,AMBER - LIVE NEAR / RELEVANT,One-edit live hit in a relevant active class,0,25,0,47,DOVI (SN 99311981; RN 8192928; live; near-1; classes 005); COVIK (SN 97387599; RN 7074784; live; near-1; classes 021); DOCIK (SN 88749813; RN 6107005; live; near-1; classes 021)
36,10.2500,191,Cavrel,The Pure Sound Lab,1,Sound-first curated coinage,No-semantic brief,548,13.53667,cavrel,8.2,9.0,9.2,9.0,8.8,7.9,8.7,ADVANCE,"Cavrel is a meaning-free verbal vessel that can accumulate authority, pleasure, and trust.",Pronunciation / invented word,AMBER - LIVE NEAR / RELEVANT,One-edit live hit in a relevant active class,0,19,0,58,"CARVEL (SN 97230794; RN 7634284; live; near-1; classes 029,030,032,035,043); CARVEL (SN 86715102; RN 4913535; live; near-1; classes 035,043); CARVEL (SN 86209182; RN 4823009; live; near-1; classes 030,032,035,043)"
37,10.2500,207,Elune,The Pure Sound Lab,1,Sound-first curated coinage,No-semantic brief,552,12.22000,elune,8.2,9.0,8.7,9.0,8.8,7.9,8.7,ADVANCE,"Elune is a meaning-free verbal vessel that can accumulate authority, pleasure, and trust.",Pronunciation / invented word,AMBER - LIVE NEAR / RELEVANT,One-edit live hit in a relevant active class,0,64,1,163,"VELUNE (SN 99919691; live; near-1; classes 005); VELUNE (SN 99868820; live; near-1; classes 003); ELUNEA (SN 99861055; live; near-1; classes 003,021)"
38,10.2500,186,Vairel,The Pure Sound Lab,1,Sound-first curated coinage,No-semantic brief,583,13.59000,vairel,8.2,9.0,9.2,9.0,8.8,7.9,8.7,ADVANCE,"Vairel is a meaning-free verbal vessel that can accumulate authority, pleasure, and trust.",Pronunciation / invented word,AMBER - LIVE NEAR / RELEVANT,One-edit live hit in a relevant active class,0,9,0,20,"VAIRAL (SN 99808244; live; near-1; classes 035,042); VAIREO (SN 88764828; RN 6160185; live; near-1; classes 003); VAIREO (SN 88430178; RN 5998505; live; near-1; classes 021)"
39,12.2000,547,Ambermere,The Private World,1,Invented place name,Geographic morpheme engine,1601,10.76444,ambermere,8.0,9.0,8.2,8.7,8.8,8.1,8.5,ADVANCE,Ambermere creates a private brand world where expertise feels intimate rather than clinical.,Pronunciation / invented word,PROVISIONAL PASS,No exact or edit-distance-one federal record found,0,0,0,0,
40,12.2000,551,Briarmere,The Private World,1,Invented place name,Geographic morpheme engine,1621,10.76444,briarmere,8.0,9.0,8.2,8.7,8.8,8.1,8.5,ADVANCE,Briarmere creates a private brand world where expertise feels intimate rather than clinical.,Pronunciation / invented word,PROVISIONAL PASS,Only dead/unknown one-edit records found,0,0,0,1,BRIARMEER (SN 72417832; RN 0961845; dead/unknown; near-1)
41,12.2000,557,Ravenmere,The Private World,1,Invented place name,Geographic morpheme engine,1691,10.76444,ravenmere,8.0,9.0,8.2,8.7,8.8,8.1,8.5,ADVANCE,Ravenmere creates a private brand world where expertise feels intimate rather than clinical.,Pronunciation / invented word,PROVISIONAL PASS,No exact or edit-distance-one federal record found,0,0,0,0,
42,12.0000,567,Caldermere,The Private World,1,Invented place name,Geographic morpheme engine,1631,10.58000,caldermere,8.0,9.0,7.9,8.7,7.8,8.1,8.3,ADVANCE,Caldermere creates a private brand world where expertise feels intimate rather than clinical.,Pronunciation / invented word,PROVISIONAL PASS,Only dead/unknown one-edit records found,0,0,0,1,ALDERMERE (SN 74431698; RN 1841987; dead/unknown; near-1)
43,12.0000,569,Hollismere,The Private World,1,Invented place name,Geographic morpheme engine,1651,10.58000,hollismere,8.0,9.0,7.9,8.7,7.8,8.1,8.3,ADVANCE,Hollismere creates a private brand world where expertise feels intimate rather than clinical.,Pronunciation / invented word,PROVISIONAL PASS,No exact or edit-distance-one federal record found,0,0,0,0,
44,12.0000,571,Lindenmere,The Private World,1,Invented place name,Geographic morpheme engine,1661,10.58000,lindenmere,8.0,9.0,7.9,8.7,7.8,8.1,8.3,ADVANCE,Lindenmere creates a private brand world where expertise feels intimate rather than clinical.,Pronunciation / invented word,PROVISIONAL PASS,No exact or edit-distance-one federal record found,0,0,0,0,
45,12.2000,542,Valewell,The Private World,1,Invented place name,Geographic morpheme engine,1700,10.82000,valewell,8.0,9.0,8.2,8.7,8.8,8.1,8.5,ADVANCE,Valewell creates a private brand world where expertise feels intimate rather than clinical.,Pronunciation / invented word,PROVISIONAL PASS,Only dead/unknown one-edit records found,0,0,0,5,ALEWELL (SN 97346512; dead/unknown; near-1); HALEWELL (SN 87191530; RN 5487350; dead/unknown; near-1); VAPEWELL (SN 86389158; dead/unknown; near-1; classes 030)
46,12.2000,546,Ambergate,The Private World,1,Invented place name,Geographic morpheme engine,1595,10.76444,ambergate,8.0,9.0,8.2,8.7,8.8,8.1,8.5,ADVANCE,Ambergate creates a private brand world where expertise feels intimate rather than clinical.,Pronunciation / invented word,PROVISIONAL PASS,No exact or edit-distance-one federal record found,0,0,0,0,
47,10.7000,607,Quiet Landing,The Private World,1,Place compound,Private-world collision,1562,9.40333,quietlanding,8.0,7.5,7.7,7.8,8.2,8.1,7.9,HOLD,Quiet Landing creates a private brand world where expertise feels intimate rather than clinical.,Low creative risk,PROVISIONAL PASS,No exact or edit-distance-one federal record found,0,0,0,0,
48,10.7000,610,Winter Portico,The Private World,1,Place compound,Private-world collision,1589,9.36692,winterportico,8.0,7.5,7.6,7.8,8.2,8.1,7.9,HOLD,Winter Portico creates a private brand world where expertise feels intimate rather than clinical.,Low creative risk,PROVISIONAL PASS,No exact or edit-distance-one federal record found,0,0,0,0,
49,12.5000,668,Ricercar,The Cultural Mononym,1,Far-field real-word raid,"Typography, theatre, music, visual art, architecture",1827,11.52000,ricercar,8.2,8.3,8.4,9.0,8.8,8.2,8.5,ADVANCE,Ricercar imports cultural texture into skincare without describing the category.,Low creative risk,PROVISIONAL PASS,No exact or edit-distance-one federal record found,0,0,0,0,
50,12.5000,670,Fascicle,The Cultural Mononym,1,Far-field real-word raid,"Book arts, couture, printmaking, stagecraft, architecture, music",1852,11.52000,fascicle,8.2,8.3,8.4,9.0,8.8,8.2,8.5,ADVANCE,Fascicle imports cultural texture into skincare without describing the category.,Low creative risk,PROVISIONAL PASS,Only dead/unknown one-edit records found,0,0,0,1,FASCYCLE (SN 74176209; RN 1724427; dead/unknown; near-1)
51,12.5000,691,Saloniste,The Cultural Mononym,1,Far-field real-word raid,"Typography, theatre, music, visual art, architecture",1794,11.46444,saloniste,8.2,8.3,8.4,9.0,8.8,8.2,8.5,ADVANCE,Saloniste imports cultural texture into skincare without describing the category.,Low creative risk,PROVISIONAL PASS,Only dead/unknown one-edit records found,0,0,0,2,SALONIST (SN 85926021; RN 4728190; dead/unknown; near-1); SALON SITE (SN 76198712; dead/unknown; near-1; classes 003)
52,12.3000,712,Acroterion,The Cultural Mononym,1,Far-field real-word raid,"Book arts, couture, printmaking, stagecraft, architecture, music",1981,11.30000,acroterion,8.2,8.3,8.4,9.0,7.8,8.2,8.3,ADVANCE,Acroterion imports cultural texture into skincare without describing the category.,Low creative risk,PROVISIONAL PASS,No exact or edit-distance-one federal record found,0,0,0,0,
53,12.3000,717,Partimento,The Cultural Mononym,1,Far-field real-word raid,"Book arts, couture, printmaking, stagecraft, architecture, music",2044,11.28000,partimento,8.2,8.3,8.4,9.0,7.8,8.2,8.3,ADVANCE,Partimento imports cultural texture into skincare without describing the category.,Low creative risk,PROVISIONAL PASS,No exact or edit-distance-one federal record found,0,0,0,0,
54,11.6000,641,Brevier,The Cultural Mononym,1,Far-field real-word raid,"Book arts, couture, printmaking, stagecraft, architecture, music",1862,12.03143,brevier,8.2,8.3,8.6,9.0,8.8,8.2,8.5,ADVANCE,Brevier imports cultural texture into skincare without describing the category.,Low creative risk,YELLOW - DEAD EXACT,Exact federal record exists but is coded dead/unknown,0,0,2,3,BREVIER (SN 77610360; dead/unknown; exact; classes 009); BREVIÉR (SN 77141926; dead/unknown; exact; classes 009); BREVER (SN 87960958; dead/unknown; near-1; classes 008)
55,11.2000,640,Partita,The Cultural Mononym,1,Far-field real-word raid,"Typography, theatre, music, visual art, architecture",1826,12.03143,partita,8.2,8.3,8.6,9.0,8.8,8.2,8.5,ADVANCE,Partita imports cultural texture into skincare without describing the category.,Low creative risk,YELLOW - LIVE NEAR,One-edit live hit outside the core active-class set,0,4,2,10,PARTIYA (SN 99388692; live; near-1; classes 012); PARTIDA (SN 77095422; RN 3373671; live; near-1; classes 030); PARTICA (SN 79009540; RN 3023934; live; near-1; classes 009)
56,11.6000,701,Sostenuto,The Cultural Mononym,1,Far-field real-word raid,"Book arts, couture, printmaking, stagecraft, architecture, music",2016,11.46444,sostenuto,8.2,8.3,8.4,9.0,8.8,8.2,8.5,ADVANCE,Sostenuto imports cultural texture into skincare without describing the category.,Low creative risk,YELLOW - DEAD EXACT,Exact federal record exists but is coded dead/unknown,0,0,1,1,SOSTENUTO (SN 78072639; RN 2649475; dead/unknown; exact)
57,11.6000,711,Maestoso,The Cultural Mononym,1,Far-field real-word raid,"Book arts, couture, printmaking, stagecraft, architecture, music",2022,11.39000,maestoso,8.2,8.3,8.4,9.0,8.8,8.2,8.5,ADVANCE,Maestoso imports cultural texture into skincare without describing the category.,Low creative risk,YELLOW - DEAD EXACT,Exact federal record exists but is coded dead/unknown,0,0,2,2,MAESTOSO (SN 86373741; RN 5253492; dead/unknown; exact); MAESTOSO (SN 79074256; RN 3850224; dead/unknown; exact)
58,11.2000,678,Bozzetto,The Cultural Mononym,1,Far-field real-word raid,"Book arts, couture, printmaking, stagecraft, architecture, music",1956,11.52000,bozzetto,8.2,8.3,8.4,9.0,8.8,8.2,8.5,ADVANCE,Bozzetto imports cultural texture into skincare without describing the category.,Low creative risk,YELLOW - LIVE NEAR,One-edit live hit outside the core active-class set,0,1,0,1,BOZETTO (SN 98490863; RN 7711135; live; near-1; classes 016)
59,11.4000,714,Vernissage,The Cultural Mononym,1,Far-field real-word raid,"Typography, theatre, music, visual art, architecture",1772,11.28000,vernissage,8.2,8.3,8.4,9.0,7.8,8.2,8.3,ADVANCE,Vernissage imports cultural texture into skincare without describing the category.,Low creative risk,YELLOW - DEAD EXACT,Exact federal record exists but is coded dead/unknown,0,0,4,4,VERNISSAGE (SN 79098694; RN 4259652; dead/unknown; exact); VERNISSAGE (SN 79088395; RN 4014579; dead/unknown; exact); VERNISSAGE (SN 78436303; dead/unknown; exact; classes 041)
60,10.4500,697,Minuscule,The Cultural Mononym,1,Far-field real-word raid,"Book arts, couture, printmaking, stagecraft, architecture, music",1875,11.46444,minuscule,8.2,8.3,8.4,9.0,8.8,8.2,8.5,ADVANCE,Minuscule imports cultural texture into skincare without describing the category.,Low creative risk,AMBER - LIVE EXACT,Exact live hit; active classes appear outside core set or are missing,1,0,2,4,MINUSCULE (SN 97455176; live; exact; classes 028); MINUSCULE (SN 78635995; RN 3343808; dead/unknown; exact); MINUSCULE (SN 78977220; RN 3409254; dead/unknown; exact)
61,10.4500,696,Majuscule,The Cultural Mononym,1,Far-field real-word raid,"Book arts, couture, printmaking, stagecraft, architecture, music",1874,11.46444,majuscule,8.2,8.3,8.4,9.0,8.8,8.2,8.5,ADVANCE,Majuscule imports cultural texture into skincare without describing the category.,Low creative risk,AMBER - LIVE EXACT,Exact live hit; active classes appear outside core set or are missing,1,0,1,2,MAJUSCULE (SN 88235124; RN 6070369; live; exact; classes 033); MAJUSCULE (SN 73596648; RN 1444008; dead/unknown; exact)
62,10.4500,690,Cartouche,The Cultural Mononym,1,Far-field real-word raid,"Typography, theatre, music, visual art, architecture",1782,11.46444,cartouche,8.2,8.3,8.4,9.0,8.8,8.2,8.5,ADVANCE,Cartouche imports cultural texture into skincare without describing the category.,Low creative risk,AMBER - LIVE EXACT,Exact live hit; active classes appear outside core set or are missing,1,1,12,18,CARTOUCHE (SN 97107235; RN 7128268; live; exact; classes 025); CARTOUCH (SN 99144674; live; near-1; classes 016); CARTOUCHE (SN 99282999; dead/unknown; exact)
63,10.4500,625,Impasto,The Cultural Mononym,1,Far-field real-word raid,"Typography, theatre, music, visual art, architecture",1754,12.03143,impasto,8.2,8.3,8.6,9.0,8.8,8.2,8.5,ADVANCE,Impasto imports cultural texture into skincare without describing the category.,Low creative risk,AMBER - LIVE EXACT,Exact live hit; active classes appear outside core set or are missing,1,5,2,23,"IMPASTO (SN 87259500; RN 5351918; live; exact; classes 027); IMPACTO (SN 87430666; RN 6714966; live; near-1; classes 007,009,010,025,035,040); IMPACT-O (SN 97700108; live; near-1; classes 042)"
64,10.4500,718,Ligature,The Cultural Mononym,1,Far-field real-word raid,"Typography, theatre, music, visual art, architecture",1715,11.24000,ligature,8.2,8.3,8.3,9.0,8.8,8.2,8.5,ADVANCE,Ligature imports cultural texture into skincare without describing the category.,Low creative risk,AMBER - LIVE EXACT,Exact live hit; active classes appear outside core set or are missing,1,3,1,8,LIGATURE (SN 97218545; RN 7614364; live; exact; classes 036); LIGASURE (SN 98064406; RN 7401777; live; near-1; classes 010); LIGASURE (SN 75779376; RN 2465084; live; near-1; classes 010)
65,10.0500,629,Velluto,The Cultural Mononym,1,Far-field real-word raid,"Typography, theatre, music, visual art, architecture",1768,12.03143,velluto,8.2,8.3,8.6,9.0,8.8,8.2,8.5,ADVANCE,Velluto imports cultural texture into skincare without describing the category.,Low creative risk,AMBER - LIVE NEAR / RELEVANT,One-edit live hit in a relevant active class,0,4,3,7,VELLUO (SN 99778868; live; near-1; classes 005); VELLUTH (SN 99747679; live; near-1; classes 030); VELLUT (SN 97444596; RN 7191090; live; near-1; classes 008)
66,10.0500,632,Vitrine,The Cultural Mononym,1,Far-field real-word raid,"Typography, theatre, music, visual art, architecture",1793,12.03143,vitrine,8.2,8.3,8.6,9.0,8.8,8.2,8.5,ADVANCE,Vitrine imports cultural texture into skincare without describing the category.,Low creative risk,AMBER - LIVE NEAR / RELEVANT,One-edit live hit in a relevant active class,0,13,1,57,"VIORINE (SN 99753872; live; near-1; classes 003); VIRINE (SN 90521080; RN 6597393; live; near-1; classes 021); CITRINE (SN 88754365; RN 6503089; live; near-1; classes 009,035,042)"
67,10.4500,689,Cantabile,The Cultural Mononym,1,Far-field real-word raid,"Typography, theatre, music, visual art, architecture",1767,11.46444,cantabile,8.2,8.3,8.4,9.0,8.8,8.2,8.5,ADVANCE,Cantabile imports cultural texture into skincare without describing the category.,Low creative risk,AMBER - LIVE EXACT,Exact live hit; active classes appear outside core set or are missing,1,0,6,7,CANTABILE (SN 77263705; RN 3640397; live; exact; classes 015); CANTABILE (SN 88359280; dead/unknown; exact; classes 021); CANTABILE (SN 87042395; RN 5393941; dead/unknown; exact)
68,10.4500,653,Lontano,The Cultural Mononym,1,Far-field real-word raid,"Book arts, couture, printmaking, stagecraft, architecture, music",2024,12.03143,lontano,8.2,8.3,8.6,9.0,8.8,8.2,8.5,ADVANCE,Lontano imports cultural texture into skincare without describing the category.,Low creative risk,AMBER - LIVE EXACT,Exact live hit; active classes appear outside core set or are missing,2,3,0,9,LONTANO (SN 90509291; RN 6618799; live; exact; classes 025); LONTANO (SN 88646041; RN 6225121; live; exact; classes 009); LNTANO (SN 97927204; RN 7399948; live; near-1; classes 021)
69,10.0500,654,Attacca,The Cultural Mononym,1,Far-field real-word raid,"Book arts, couture, printmaking, stagecraft, architecture, music",2027,12.03143,attacca,8.2,8.3,8.6,9.0,8.8,8.2,8.5,ADVANCE,Attacca imports cultural texture into skincare without describing the category.,Low creative risk,AMBER - LIVE NEAR / RELEVANT,One-edit live hit in a relevant active class,0,2,3,7,A.T.T.A.C.A. (SN 87814822; RN 5629506; live; near-1; classes 035); ATTACOA (SN 85688376; RN 4437351; live; near-1; classes 018); ATTACCA ° (SN 87710638; RN 5885990; dead/unknown; exact)
70,10.4500,638,Toccata,The Cultural Mononym,1,Far-field real-word raid,"Typography, theatre, music, visual art, architecture",1822,12.03143,toccata,8.2,8.3,8.6,9.0,8.8,8.2,8.5,ADVANCE,Toccata imports cultural texture into skincare without describing the category.,Low creative risk,AMBER - LIVE EXACT,Exact live hit; active classes appear outside core set or are missing,4,3,18,31,TOCCATA (SN 98944964; RN 7939263; live; exact; classes 041); TOCCATA (SN 79390201; RN 7636976; live; exact; classes 014); TOCCATA (SN 77636869; RN 3650760; live; exact; classes 033)
71,10.0500,649,Pochade,The Cultural Mononym,1,Far-field real-word raid,"Book arts, couture, printmaking, stagecraft, architecture, music",1958,12.03143,pochade,8.2,8.3,8.6,9.0,8.8,8.2,8.5,ADVANCE,Pochade imports cultural texture into skincare without describing the category.,Low creative risk,AMBER - LIVE NEAR / RELEVANT,One-edit live hit in a relevant active class,0,2,0,5,POOCHADE (SN 99269521; live; near-1; classes 005); ROCHADE (SN 77305853; RN 3435763; live; near-1; classes 009); PECHADE (SN 90467440; RN 6567411; dead/unknown; near-1)
72,10.2500,713,Pentimento,The Cultural Mononym,1,Far-field real-word raid,"Typography, theatre, music, visual art, architecture",1757,11.28000,pentimento,8.2,8.3,8.4,9.0,7.8,8.2,8.3,ADVANCE,Pentimento imports cultural texture into skincare without describing the category.,Low creative risk,AMBER - LIVE EXACT,Exact live hit; active classes appear outside core set or are missing,2,1,8,11,"PENTIMENTO (SN 88532540; RN 6022602; live; exact; classes 033); PENTIMENTO (SN 76363004; RN 2718761; live; exact; classes 016,041); PENTIMENT (SN 97453495; RN 7348064; live; near-1; classes 009,041)"
73,10.4500,710,Grazioso,The Cultural Mononym,1,Far-field real-word raid,"Book arts, couture, printmaking, stagecraft, architecture, music",2021,11.39000,grazioso,8.2,8.3,8.4,9.0,8.8,8.2,8.5,ADVANCE,Grazioso imports cultural texture into skincare without describing the category.,Low creative risk,AMBER - LIVE EXACT,Exact live hit; active classes appear outside core set or are missing,1,4,4,10,GRAZIOSO (SN 88931752; RN 6226593; live; exact; classes 025); GRAZIOSI (SN 77729721; RN 3697312; live; near-1; classes 035); GRACIOSO (SN 79447930; live; near-1; classes 033)
74,10.8000,732,Some Nerve,Beautiful Mischief,1,Audacity / proposition,Conversational retorts and social wit,2202,9.97444,somenerve,7.9,8.0,7.9,7.8,8.2,8.3,8.0,HOLD,Some Nerve gives the brand enough wit and nerve to challenge beauty theater without becoming cynical.,Low creative risk,PROVISIONAL PASS,No exact or edit-distance-one federal record found,0,0,0,0,
75,11.2000,730,Supposedly,Beautiful Mischief,1,Audacity / proposition,Conversational retorts and social wit,2196,10.08000,supposedly,7.9,8.3,7.1,8.7,7.8,8.3,8.0,HOLD,Supposedly gives the brand enough wit and nerve to challenge beauty theater without becoming cynical.,Low creative risk,PROVISIONAL PASS,No exact or edit-distance-one federal record found,0,0,0,0,
76,10.7000,733,Pleasure First,Beautiful Mischief,1,Audacity / proposition,Conversational retorts and social wit,2203,9.96692,pleasurefirst,7.9,8.0,7.1,7.8,8.2,8.3,7.9,HOLD,Pleasure First gives the brand enough wit and nerve to challenge beauty theater without becoming cynical.,Low creative risk,PROVISIONAL PASS,No exact or edit-distance-one federal record found,0,0,0,0,
77,10.3000,734,Better Trouble,Beautiful Mischief,1,Audacity / proposition,Conversational retorts and social wit,2205,9.96692,bettertrouble,7.8,8.0,7.1,7.8,8.2,8.2,7.5,CUT,Better Trouble gives the brand enough wit and nerve to challenge beauty theater without becoming cynical.,Negative semantic edge,PROVISIONAL PASS,No exact or edit-distance-one federal record found,0,0,0,0,
78,10.8000,735,Honest Exception,Beautiful Mischief,1,Contradictory compound,Manners colliding with rebellion,2082,9.85000,honestexception,7.9,8.0,7.8,7.8,8.2,8.3,8.0,HOLD,Honest Exception gives the brand enough wit and nerve to challenge beauty theater without becoming cynical.,Low creative risk,PROVISIONAL PASS,No exact or edit-distance-one federal record found,0,0,0,0,
79,10.8000,737,Velvet Diversion,Beautiful Mischief,1,Contradictory compound,Manners colliding with rebellion,2146,9.85000,velvetdiversion,7.9,8.0,7.8,7.8,8.2,8.3,8.0,HOLD,Velvet Diversion gives the brand enough wit and nerve to challenge beauty theater without becoming cynical.,Low creative risk,PROVISIONAL PASS,No exact or edit-distance-one federal record found,0,0,0,0,
80,10.3500,738,Contrarywise,Beautiful Mischief,1,Audacity / proposition,Conversational retorts and social wit,2199,9.77333,contrarywise,7.9,8.3,7.0,8.7,7.8,8.3,8.0,HOLD,Contrarywise gives the brand enough wit and nerve to challenge beauty theater without becoming cynical.,Low creative risk,PROVISIONAL PASS,No exact or edit-distance-one federal record found,0,0,0,0,
81,10.8000,723,Rare Behavior,Beautiful Mischief,1,Audacity / proposition,Conversational retorts and social wit,2216,10.69000,rarebehavior,7.9,8.0,8.1,7.8,8.2,8.3,8.0,HOLD,Rare Behavior gives the brand enough wit and nerve to challenge beauty theater without becoming cynical.,Low creative risk,PROVISIONAL PASS,No exact or edit-distance-one federal record found,0,0,0,0,
82,10.8000,727,Clever Fiction,Beautiful Mischief,1,Contradictory compound,Manners colliding with rebellion,2057,10.16692,cleverfiction,7.9,8.0,7.9,7.8,8.2,8.3,8.0,HOLD,Clever Fiction gives the brand enough wit and nerve to challenge beauty theater without becoming cynical.,Low creative risk,PROVISIONAL PASS,No exact or edit-distance-one federal record found,0,0,0,0,
83,10.8000,742,Tender Detour,Beautiful Mischief,1,Contradictory compound,Manners colliding with rebellion,2131,9.70333,tenderdetour,7.9,8.0,7.8,7.8,8.2,8.3,8.0,HOLD,Tender Detour gives the brand enough wit and nerve to challenge beauty theater without becoming cynical.,Low creative risk,PROVISIONAL PASS,No exact or edit-distance-one federal record found,0,0,0,0,
84,10.7000,785,Rare Nerve,Beautiful Mischief,1,Contradictory compound,Manners colliding with rebellion,2118,8.87444,rarenerve,7.9,8.0,7.5,7.8,8.2,8.3,7.9,HOLD,Rare Nerve gives the brand enough wit and nerve to challenge beauty theater without becoming cynical.,Low creative risk,PROVISIONAL PASS,No exact or edit-distance-one federal record found,0,0,0,0,
85,10.6000,787,Polite Mischief,Beautiful Mischief,1,Contradictory compound,Manners colliding with rebellion,2103,8.86143,politemischief,7.9,8.0,6.7,7.8,8.2,8.3,7.8,HOLD,Polite Mischief gives the brand enough wit and nerve to challenge beauty theater without becoming cynical.,Low creative risk,PROVISIONAL PASS,No exact or edit-distance-one federal record found,0,0,0,0,
86,11.3000,827,Afterbeat,Sensory Motion,1,Action and sensory metaphor,"Dance, gesture, sound, fluid dynamics",2270,9.96444,afterbeat,7.9,7.8,7.9,8.7,8.8,7.9,8.1,HOLD,"Afterbeat makes performance feel tactile, rhythmic, and alive before any product claim is made.",Generic real word,PROVISIONAL PASS,Only dead/unknown one-edit records found,0,0,0,2,AFTERBEAM (SN 87354526; dead/unknown; near-1; classes 003); AFTER EAT (SN 87322993; RN 5461841; dead/unknown; near-1)
87,11.3000,848,Undulate,Sensory Motion,1,Action and sensory metaphor,"Dance, gesture, sound, fluid dynamics",2264,9.74000,undulate,7.9,7.8,7.8,8.7,8.8,7.9,8.1,HOLD,"Undulate makes performance feel tactile, rhythmic, and alive before any product claim is made.",Generic real word,PROVISIONAL PASS,No exact or edit-distance-one federal record found,0,0,0,0,
88,10.6000,876,Inner Cadence,Sensory Motion,1,Sensory compound,Movement and temperament,2482,9.40333,innercadence,7.9,7.5,7.7,7.8,8.2,7.9,7.8,HOLD,"Inner Cadence makes performance feel tactile, rhythmic, and alive before any product claim is made.",Low creative risk,PROVISIONAL PASS,No exact or edit-distance-one federal record found,0,0,0,0,
89,10.6000,880,Vivid Gesture,Sensory Motion,1,Sensory compound,Movement and temperament,2543,9.40333,vividgesture,7.9,7.5,7.7,7.8,8.2,7.9,7.8,HOLD,"Vivid Gesture makes performance feel tactile, rhythmic, and alive before any product claim is made.",Low creative risk,PROVISIONAL PASS,No exact or edit-distance-one federal record found,0,0,0,0,
90,12.1000,871,Glidelet,Sensory Motion,1,Movement reconstruction,Kinetic morpheme matrix,2422,9.42000,glidelet,7.9,9.0,7.7,8.7,8.8,7.9,8.4,ADVANCE,"Glidelet makes performance feel tactile, rhythmic, and alive before any product claim is made.",Pronunciation / invented word,PROVISIONAL PASS,Only dead/unknown one-edit records found,0,0,0,2,SLIDELET (SN 77099191; RN 3554652; dead/unknown; near-1); GUIDELET (SN 75121426; dead/unknown; near-1)
91,12.1000,843,Pulsekin,Sensory Motion,1,Movement reconstruction,Kinetic morpheme matrix,2343,9.77000,pulsekin,7.9,9.0,7.8,8.7,8.8,7.9,8.4,ADVANCE,"Pulsekin makes performance feel tactile, rhythmic, and alive before any product claim is made.",Pronunciation / invented word,PROVISIONAL PASS,Only dead/unknown one-edit records found,0,0,0,2,PULSE KING (SN 73133783; RN 1137585; dead/unknown; near-1); PULSE-KIT (SN 72299861; RN 0874138; dead/unknown; near-1)
92,10.6000,890,True Tremor,Sensory Motion,1,Sensory compound,Movement and temperament,2538,9.33000,truetremor,7.9,7.5,7.6,7.8,8.2,7.9,7.8,HOLD,"True Tremor makes performance feel tactile, rhythmic, and alive before any product claim is made.",Low creative risk,PROVISIONAL PASS,No exact or edit-distance-one federal record found,0,0,0,0,
93,10.4500,965,Layerwork,Deep Time,1,Deep-time metaphor and future reframe,"Geology, calendars, inheritance, continuity",2818,9.86444,layerwork,7.8,7.8,7.8,8.7,8.8,8.0,8.1,HOLD,Layerwork frames continued existence as accumulation and character rather than decline.,Generic real word,PROVISIONAL PASS,Only dead/unknown one-edit records found,0,0,0,2,LAYERWORKS (SN 98678163; dead/unknown; near-1; classes 009); LASERWORK (SN 74464376; RN 1924598; dead/unknown; near-1)
94,10.4500,973,Yearwork,Deep Time,1,Deep-time metaphor and future reframe,"Geology, calendars, inheritance, continuity",2778,9.64000,yearwork,7.8,7.8,7.7,8.7,8.8,8.0,8.1,HOLD,Yearwork frames continued existence as accumulation and character rather than decline.,Generic real word,PROVISIONAL PASS,No exact or edit-distance-one federal record found,0,0,0,0,
95,10.6000,976,Deep Calendar,Deep Time,1,Deep-time metaphor and future reframe,"Geology, calendars, inheritance, continuity",2782,9.60333,deepcalendar,7.8,7.5,7.7,7.8,8.2,8.0,7.8,HOLD,Deep Calendar frames continued existence as accumulation and character rather than decline.,Low creative risk,PROVISIONAL PASS,No exact or edit-distance-one federal record found,0,0,0,0,
96,11.1000,998,Henceforward,Deep Time,1,Deep-time metaphor and future reframe,"Geology, calendars, inheritance, continuity",2804,8.70667,henceforward,7.8,7.8,7.4,8.7,7.8,8.0,7.9,HOLD,Henceforward frames continued existence as accumulation and character rather than decline.,Generic real word,PROVISIONAL PASS,No exact or edit-distance-one federal record found,0,0,0,0,
97,8.6000,951,Eonmark,Deep Time,1,Deep-time metaphor and future reframe,"Geology, calendars, inheritance, continuity",2820,10.58143,eonmark,7.8,7.8,8.1,8.7,8.8,8.0,8.2,ADVANCE,Eonmark frames continued existence as accumulation and character rather than decline.,Generic real word,AMBER - LIVE NEAR / RELEVANT,One-edit live hit in a relevant active class,0,8,0,28,ESONMARK (SN 98048027; RN 7645602; live; near-1; classes 003); ONMARK (SN 97592226; RN 7244658; live; near-1; classes 005); ONMARK (SN 78535970; RN 3184619; live; near-1; classes 035)
98,10.6000,426,Private Filigree,The Beautiful Object,1,Compound 1+1=3,Modern-heirloom collision,1102,8.93667,privatefiligree,8.0,7.5,7.5,7.8,8.2,8.2,7.8,HOLD,Private Filigree makes the daily routine feel like owning and using a considered object.,Low creative risk,PROVISIONAL PASS,No exact or edit-distance-one federal record found,0,0,0,0,
99,10.7000,376,Wild Armature,The Beautiful Object,1,Compound 1+1=3,Modern-heirloom collision,1117,9.50333,wildarmature,8.0,7.5,7.7,7.8,8.2,8.2,7.9,HOLD,Wild Armature makes the daily routine feel like owning and using a considered object.,Low creative risk,PROVISIONAL PASS,No exact or edit-distance-one federal record found,0,0,0,0,
100,10.6000,428,Fine Signet,The Beautiful Object,1,Compound 1+1=3,Modern-heirloom collision,1068,8.93000,finesignet,8.0,7.5,7.5,7.8,7.9,8.2,7.8,HOLD,Fine Signet makes the daily routine feel like owning and using a considered object.,Campaign-like,PROVISIONAL PASS,No exact or edit-distance-one federal record found,0,0,0,0,
101,12.9000,27,Farrenel,The Invented House,1,Eponym / curated mononym,Founderless fashion house,19,13.87000,farrenel,8.5,9.0,9.3,9.0,8.8,8.5,8.9,ADVANCE,Farrenel behaves like an established beauty house: desirable first and rigorous underneath.,Pronunciation / invented word,PROVISIONAL PASS,No exact or edit-distance-one federal record found,0,0,0,0,
102,12.9000,29,Werrenor,The Invented House,1,Eponym / curated mononym,Founderless fashion house,77,13.87000,werrenor,8.5,9.0,9.3,9.0,8.8,8.5,8.9,ADVANCE,Werrenor behaves like an established beauty house: desirable first and rigorous underneath.,Pronunciation / invented word,PROVISIONAL PASS,No exact or edit-distance-one federal record found,0,0,0,0,
103,12.6000,75,Iverard,The Invented House,1,Morpheme engine,Invented surname matrix,266,9.93143,iverard,8.5,9.0,7.9,9.0,8.8,8.5,8.6,ADVANCE,Iverard behaves like an established beauty house: desirable first and rigorous underneath.,Pronunciation / invented word,PROVISIONAL PASS,Only dead/unknown one-edit records found,0,0,0,4,EVERARD (SN 85039227; dead/unknown; near-1; classes 038); EVERARD (SN 85039262; dead/unknown; near-1; classes 045); EVERARD (SN 85039263; dead/unknown; near-1; classes 042)
104,12.6000,215,Braemel,The Pure Sound Lab,1,Sound-first coinage,Consonant-vowel texture matrix,615,10.83143,braemel,8.2,9.0,8.2,9.0,8.8,7.9,8.6,ADVANCE,"Braemel is a meaning-free verbal vessel that can accumulate authority, pleasure, and trust.",Pronunciation / invented word,PROVISIONAL PASS,Only dead/unknown one-edit records found,0,0,0,1,BRAEMUL (SN 71627788; RN 0570377; dead/unknown; near-1)
105,12.6000,219,Brueven,The Pure Sound Lab,1,Sound-first coinage,Consonant-vowel texture matrix,621,10.83143,brueven,8.2,9.0,8.2,9.0,8.8,7.9,8.6,ADVANCE,"Brueven is a meaning-free verbal vessel that can accumulate authority, pleasure, and trust.",Pronunciation / invented word,PROVISIONAL PASS,No exact or edit-distance-one federal record found,0,0,0,0,
106,12.6000,221,Gleomel,The Pure Sound Lab,1,Sound-first coinage,Consonant-vowel texture matrix,675,10.83143,gleomel,8.2,9.0,8.2,9.0,8.8,7.9,8.6,ADVANCE,"Gleomel is a meaning-free verbal vessel that can accumulate authority, pleasure, and trust.",Pronunciation / invented word,PROVISIONAL PASS,No exact or edit-distance-one federal record found,0,0,0,0,
107,12.6000,225,Glailin,The Pure Sound Lab,1,Sound-first coinage,Consonant-vowel texture matrix,674,10.68143,glailin,8.2,9.0,8.1,9.0,8.8,7.9,8.6,ADVANCE,"Glailin is a meaning-free verbal vessel that can accumulate authority, pleasure, and trust.",Pronunciation / invented word,PROVISIONAL PASS,No exact or edit-distance-one federal record found,0,0,0,0,
108,12.5000,228,Braital,The Pure Sound Lab,1,Sound-first coinage,Consonant-vowel texture matrix,616,10.33143,braital,8.2,9.0,8.0,9.0,8.8,7.9,8.5,ADVANCE,"Braital is a meaning-free verbal vessel that can accumulate authority, pleasure, and trust.",Pronunciation / invented word,PROVISIONAL PASS,Only dead/unknown one-edit records found,0,0,0,1,PRAITAL (SN 75490187; RN 2232388; dead/unknown; near-1)
109,12.2000,536,Orenhall,The Private World,1,Invented place name,Geographic morpheme engine,1676,10.82000,orenhall,8.0,9.0,8.2,8.7,8.8,8.1,8.5,ADVANCE,Orenhall creates a private brand world where expertise feels intimate rather than clinical.,Pronunciation / invented word,PROVISIONAL PASS,No exact or edit-distance-one federal record found,0,0,0,0,
110,12.2000,537,Orenward,The Private World,1,Invented place name,Geographic morpheme engine,1679,10.82000,orenward,8.0,9.0,8.2,8.7,8.8,8.1,8.5,ADVANCE,Orenward creates a private brand world where expertise feels intimate rather than clinical.,Pronunciation / invented word,PROVISIONAL PASS,No exact or edit-distance-one federal record found,0,0,0,0,
111,12.2000,539,Orenmont,The Private World,1,Invented place name,Geographic morpheme engine,1682,10.82000,orenmont,8.0,9.0,8.2,8.7,8.8,8.1,8.5,ADVANCE,Orenmont creates a private brand world where expertise feels intimate rather than clinical.,Pronunciation / invented word,PROVISIONAL PASS,No exact or edit-distance-one federal record found,0,0,0,0,
112,12.2000,541,Valeward,The Private World,1,Invented place name,Geographic morpheme engine,1699,10.82000,valeward,8.0,9.0,8.2,8.7,8.8,8.1,8.5,ADVANCE,Valeward creates a private brand world where expertise feels intimate rather than clinical.,Pronunciation / invented word,PROVISIONAL PASS,No exact or edit-distance-one federal record found,0,0,0,0,
113,12.2000,579,Velhall,The Private World,1,Invented place name,Geographic morpheme engine,1706,10.32571,velhall,8.0,9.0,8.0,8.7,8.8,8.1,8.5,ADVANCE,Velhall creates a private brand world where expertise feels intimate rather than clinical.,Pronunciation / invented word,PROVISIONAL PASS,No exact or edit-distance-one federal record found,0,0,0,0,
114,12.1000,583,Amberward,The Private World,1,Invented place name,Geographic morpheme engine,1599,10.26667,amberward,8.0,9.0,8.0,8.7,8.8,8.1,8.4,ADVANCE,Amberward creates a private brand world where expertise feels intimate rather than clinical.,Pronunciation / invented word,PROVISIONAL PASS,Only dead/unknown one-edit records found,0,0,0,5,AMBERGARD (SN 78764713; dead/unknown; near-1; classes 001); AMBERWARE (SN 74561494; RN 1946489; dead/unknown; near-1); AMBERWARE (SN 73806517; RN 1609473; dead/unknown; near-1)
115,12.1000,585,Ambermont,The Private World,1,Invented place name,Geographic morpheme engine,1602,10.26667,ambermont,8.0,9.0,8.0,8.7,8.8,8.1,8.4,ADVANCE,Ambermont creates a private brand world where expertise feels intimate rather than clinical.,Pronunciation / invented word,PROVISIONAL PASS,No exact or edit-distance-one federal record found,0,0,0,0,
116,12.1000,844,Orbitkin,Sensory Motion,1,Movement reconstruction,Kinetic morpheme matrix,2433,9.77000,orbitkin,7.9,9.0,7.8,8.7,8.8,7.9,8.4,ADVANCE,"Orbitkin makes performance feel tactile, rhythmic, and alive before any product claim is made.",Pronunciation / invented word,PROVISIONAL PASS,No exact or edit-distance-one federal record found,0,0,0,0,
117,12.0000,563,Ardenfield,The Private World,1,Invented place name,Geographic morpheme engine,1608,10.58000,ardenfield,8.0,9.0,7.9,8.7,7.8,8.1,8.3,ADVANCE,Ardenfield creates a private brand world where expertise feels intimate rather than clinical.,Pronunciation / invented word,PROVISIONAL PASS,No exact or edit-distance-one federal record found,0,0,0,0,
118,12.0000,564,Briarcourt,The Private World,1,Invented place name,Geographic morpheme engine,1617,10.58000,briarcourt,8.0,9.0,7.9,8.7,7.8,8.1,8.3,ADVANCE,Briarcourt creates a private brand world where expertise feels intimate rather than clinical.,Pronunciation / invented word,PROVISIONAL PASS,No exact or edit-distance-one federal record found,0,0,0,0,
119,12.0000,566,Caldergate,The Private World,1,Invented place name,Geographic morpheme engine,1625,10.58000,caldergate,8.0,9.0,7.9,8.7,7.8,8.1,8.3,ADVANCE,Caldergate creates a private brand world where expertise feels intimate rather than clinical.,Pronunciation / invented word,PROVISIONAL PASS,No exact or edit-distance-one federal record found,0,0,0,0,
120,12.0000,568,Hollisgate,The Private World,1,Invented place name,Geographic morpheme engine,1645,10.58000,hollisgate,8.0,9.0,7.9,8.7,7.8,8.1,8.3,ADVANCE,Hollisgate creates a private brand world where expertise feels intimate rather than clinical.,Pronunciation / invented word,PROVISIONAL PASS,Only dead/unknown one-edit records found,0,0,0,1,HOLLIN GATE (SN 75707110; RN 2407285; dead/unknown; near-1)
121,12.0000,570,Lindengate,The Private World,1,Invented place name,Geographic morpheme engine,1655,10.58000,lindengate,8.0,9.0,7.9,8.7,7.8,8.1,8.3,ADVANCE,Lindengate creates a private brand world where expertise feels intimate rather than clinical.,Pronunciation / invented word,PROVISIONAL PASS,No exact or edit-distance-one federal record found,0,0,0,0,
122,11.9000,593,Vestibule,The Private World,1,Real-word place metaphor,Architecture and private rooms,1476,9.96444,vestibule,8.0,7.8,7.9,8.7,8.8,8.1,8.2,ADVANCE,Vestibule creates a private brand world where expertise feels intimate rather than clinical.,Generic real word,PROVISIONAL PASS,Only dead/unknown one-edit records found,0,0,0,1,VESTIBULES (SN 73795193; RN 1588991; dead/unknown; near-1)
123,11.6000,17,Farenor,The Invented House,1,Eponym / curated mononym,Founderless fashion house,58,14.38143,farenor,8.5,9.0,9.4,9.0,8.8,8.5,8.9,ADVANCE,Farenor behaves like an established beauty house: desirable first and rigorous underneath.,Pronunciation / invented word,YELLOW - LIVE NEAR,One-edit live hit outside the core active-class set,0,1,0,1,FAJENOR (SN 99874235; live; near-1; classes 020)
124,11.6000,642,Taffeta,The Cultural Mononym,1,Far-field real-word raid,"Book arts, couture, printmaking, stagecraft, architecture, music",1895,12.03143,taffeta,8.2,8.3,8.6,9.0,8.8,8.2,8.5,ADVANCE,Taffeta imports cultural texture into skincare without describing the category.,Low creative risk,YELLOW - DEAD EXACT,Exact federal record exists but is coded dead/unknown,0,0,5,8,TAFFETA (SN 87947984; RN 5789359; dead/unknown; exact); TAFFETA (SN 77196976; RN 3603250; dead/unknown; exact); TAFFETA (SN 74555008; dead/unknown; exact)
125,11.6000,669,Headband,The Cultural Mononym,1,Far-field real-word raid,"Book arts, couture, printmaking, stagecraft, architecture, music",1843,11.52000,headband,8.2,8.3,8.4,9.0,8.8,8.2,8.5,ADVANCE,Headband imports cultural texture into skincare without describing the category.,Low creative risk,YELLOW - DEAD EXACT,Exact federal record exists but is coded dead/unknown,0,0,9,21,"HEADBAND (SN 90198962; dead/unknown; exact; classes 026); HEADBAND (SN 88572276; dead/unknown; exact; classes 003,004,025,029,030,031,034); HEADBAND (SN 87747259; RN 5651181; dead/unknown; exact)"
126,11.5000,46,Wrennor,The Invented House,1,Eponym / curated mononym,Founderless fashion house,38,13.37571,wrennor,8.5,9.0,9.1,9.0,8.8,8.5,8.8,ADVANCE,Wrennor behaves like an established beauty house: desirable first and rigorous underneath.,Pronunciation / invented word,YELLOW - LIVE NEAR,One-edit live hit outside the core active-class set,0,1,0,1,WRENMOR (SN 99492245; RN 8293251; live; near-1; classes 012)
127,11.4000,66,Avelsen,The Invented House,1,Morpheme engine,Invented surname matrix,137,10.28143,avelsen,8.5,9.0,8.0,9.0,8.8,8.5,8.7,ADVANCE,Avelsen behaves like an established beauty house: desirable first and rigorous underneath.,Pronunciation / invented word,YELLOW - LIVE NEAR,One-edit live hit outside the core active-class set,0,1,0,1,"AVELEN (SN 98201605; RN 7594371; live; near-1; classes 006,037)"
128,11.3000,148,Gavsen,The Invented House,1,Morpheme engine,Invented surname matrix,248,9.43667,gavsen,8.5,9.0,7.7,9.0,8.8,8.5,8.6,ADVANCE,Gavsen behaves like an established beauty house: desirable first and rigorous underneath.,Pronunciation / invented word,YELLOW - LIVE NEAR,One-edit live hit outside the core active-class set,0,6,0,8,GARSEN (SN 98480991; RN 7980471; live; near-1; classes 028); GAOSEN (SN 98477447; RN 7651631; live; near-1; classes 009); GASEN (SN 97913142; RN 7387781; live; near-1; classes 033)
129,11.3000,158,Wrenel,The Invented House,1,Morpheme engine,Invented surname matrix,406,9.43667,wrenel,8.5,9.0,7.7,9.0,8.8,8.5,8.6,ADVANCE,Wrenel behaves like an established beauty house: desirable first and rigorous underneath.,Pronunciation / invented word,YELLOW - LIVE NEAR,One-edit live hit outside the core active-class set,0,2,0,4,"PRENEL (SN 79435977; live; near-1; classes 012,020); TRENEL (SN 87143041; RN 5341920; live; near-1; classes 033); CRENEL (SN 79204160; RN 5409507; dead/unknown; near-1)"
130,11.3000,159,Wrenin,The Invented House,1,Morpheme engine,Invented surname matrix,409,9.43667,wrenin,8.5,9.0,7.7,9.0,8.8,8.5,8.6,ADVANCE,Wrenin behaves like an established beauty house: desirable first and rigorous underneath.,Pronunciation / invented word,YELLOW - LIVE NEAR,One-edit live hit outside the core active-class set,0,5,0,11,"WRENN (SN 99248406; RN 8259228; live; near-1; classes 009,025,041); WREIN (SN 97675700; RN 7877461; live; near-1; classes 041); WRININ (SN 90411987; RN 6518641; live; near-1; classes 011)"
131,11.3000,216,Breozel,The Pure Sound Lab,1,Sound-first coinage,Consonant-vowel texture matrix,617,10.83143,breozel,8.2,9.0,8.2,9.0,8.8,7.9,8.6,ADVANCE,"Breozel is a meaning-free verbal vessel that can accumulate authority, pleasure, and trust.",Pronunciation / invented word,YELLOW - LIVE NEAR,One-edit live hit outside the core active-class set,0,1,0,2,BREZEL (SN 79367550; RN 7477139; live; near-1; classes 009); BREEZEL (SN 86009112; dead/unknown; near-1; classes 017)
132,11.3000,220,Glaevon,The Pure Sound Lab,1,Sound-first coinage,Consonant-vowel texture matrix,673,10.83143,glaevon,8.2,9.0,8.2,9.0,8.8,7.9,8.6,ADVANCE,"Glaevon is a meaning-free verbal vessel that can accumulate authority, pleasure, and trust.",Pronunciation / invented word,YELLOW - LIVE NEAR,One-edit live hit outside the core active-class set,0,1,0,1,LAEVON (SN 99566110; live; near-1; classes 042)
133,11.2500,362,Cameowork,The Beautiful Object,1,Deconstruct / reconstruct,Object-to-house coinage,1169,9.61444,cameowork,8.0,9.0,7.7,8.7,8.8,8.2,8.4,ADVANCE,Cameowork makes the daily routine feel like owning and using a considered object.,Pronunciation / invented word,PROVISIONAL PASS,Only dead/unknown one-edit records found,0,0,0,1,CAMEO EWORK (SN 85199586; RN 4268779; dead/unknown; near-1)
134,11.2500,363,Cameomark,The Beautiful Object,1,Deconstruct / reconstruct,Object-to-house coinage,1172,9.61444,cameomark,8.0,9.0,7.7,8.7,8.8,8.2,8.4,ADVANCE,Cameomark makes the daily routine feel like owning and using a considered object.,Pronunciation / invented word,PROVISIONAL PASS,No exact or edit-distance-one federal record found,0,0,0,0,
135,11.2500,365,Cameokind,The Beautiful Object,1,Deconstruct / reconstruct,Object-to-house coinage,1174,9.61444,cameokind,8.0,9.0,7.7,8.7,8.8,8.2,8.4,ADVANCE,Cameokind makes the daily routine feel like owning and using a considered object.,Pronunciation / invented word,PROVISIONAL PASS,No exact or edit-distance-one federal record found,0,0,0,0,
136,11.2500,366,Foliowork,The Beautiful Object,1,Deconstruct / reconstruct,Object-to-house coinage,1183,9.61444,foliowork,8.0,9.0,7.7,8.7,8.8,8.2,8.4,ADVANCE,Foliowork makes the daily routine feel like owning and using a considered object.,Pronunciation / invented word,PROVISIONAL PASS,Only dead/unknown one-edit records found,0,0,0,2,FOLIOWONK (SN 86161997; RN 4607352; dead/unknown; near-1); FOLIOWONK (SN 86161999; RN 4607353; dead/unknown; near-1)
137,11.2500,367,Foliomark,The Beautiful Object,1,Deconstruct / reconstruct,Object-to-house coinage,1186,9.61444,foliomark,8.0,9.0,7.7,8.7,8.8,8.2,8.4,ADVANCE,Foliomark makes the daily routine feel like owning and using a considered object.,Pronunciation / invented word,PROVISIONAL PASS,No exact or edit-distance-one federal record found,0,0,0,0,
138,11.2500,368,Folioform,The Beautiful Object,1,Deconstruct / reconstruct,Object-to-house coinage,1187,9.61444,folioform,8.0,9.0,7.7,8.7,8.8,8.2,8.4,ADVANCE,Folioform makes the daily routine feel like owning and using a considered object.,Pronunciation / invented word,PROVISIONAL PASS,No exact or edit-distance-one federal record found,0,0,0,0,
139,11.2500,369,Foliokind,The Beautiful Object,1,Deconstruct / reconstruct,Object-to-house coinage,1188,9.61444,foliokind,8.0,9.0,7.7,8.7,8.8,8.2,8.4,ADVANCE,Foliokind makes the daily routine feel like owning and using a considered object.,Pronunciation / invented word,PROVISIONAL PASS,No exact or edit-distance-one federal record found,0,0,0,0,
140,11.2500,370,Curiowork,The Beautiful Object,1,Deconstruct / reconstruct,Object-to-house coinage,1239,9.61444,curiowork,8.0,9.0,7.7,8.7,8.8,8.2,8.4,ADVANCE,Curiowork makes the daily routine feel like owning and using a considered object.,Pronunciation / invented word,PROVISIONAL PASS,No exact or edit-distance-one federal record found,0,0,0,0,
141,11.2500,372,Curioform,The Beautiful Object,1,Deconstruct / reconstruct,Object-to-house coinage,1243,9.61444,curioform,8.0,9.0,7.7,8.7,8.8,8.2,8.4,ADVANCE,Curioform makes the daily routine feel like owning and using a considered object.,Pronunciation / invented word,PROVISIONAL PASS,No exact or edit-distance-one federal record found,0,0,0,0,
142,11.2500,378,Bezelmade,The Beautiful Object,1,Deconstruct / reconstruct,Object-to-house coinage,1206,9.46444,bezelmade,8.0,9.0,7.7,8.7,8.8,8.2,8.4,ADVANCE,Bezelmade makes the daily routine feel like owning and using a considered object.,Pronunciation / invented word,PROVISIONAL PASS,No exact or edit-distance-one federal record found,0,0,0,0,
143,11.2500,379,Bezelwise,The Beautiful Object,1,Deconstruct / reconstruct,Object-to-house coinage,1210,9.46444,bezelwise,8.0,9.0,7.7,8.7,8.8,8.2,8.4,ADVANCE,Bezelwise makes the daily routine feel like owning and using a considered object.,Pronunciation / invented word,PROVISIONAL PASS,No exact or edit-distance-one federal record found,0,0,0,0,
144,11.2500,380,Inlaywork,The Beautiful Object,1,Deconstruct / reconstruct,Object-to-house coinage,1211,9.46444,inlaywork,8.0,9.0,7.7,8.7,8.8,8.2,8.4,ADVANCE,Inlaywork makes the daily routine feel like owning and using a considered object.,Pronunciation / invented word,PROVISIONAL PASS,No exact or edit-distance-one federal record found,0,0,0,0,
145,11.2500,381,Inlaymark,The Beautiful Object,1,Deconstruct / reconstruct,Object-to-house coinage,1214,9.46444,inlaymark,8.0,9.0,7.7,8.7,8.8,8.2,8.4,ADVANCE,Inlaymark makes the daily routine feel like owning and using a considered object.,Pronunciation / invented word,PROVISIONAL PASS,No exact or edit-distance-one federal record found,0,0,0,0,
146,11.2500,382,Inlayform,The Beautiful Object,1,Deconstruct / reconstruct,Object-to-house coinage,1215,9.46444,inlayform,8.0,9.0,7.7,8.7,8.8,8.2,8.4,ADVANCE,Inlayform makes the daily routine feel like owning and using a considered object.,Pronunciation / invented word,PROVISIONAL PASS,No exact or edit-distance-one federal record found,0,0,0,0,
147,11.2500,383,Inlaykind,The Beautiful Object,1,Deconstruct / reconstruct,Object-to-house coinage,1216,9.46444,inlaykind,8.0,9.0,7.7,8.7,8.8,8.2,8.4,ADVANCE,Inlaykind makes the daily routine feel like owning and using a considered object.,Pronunciation / invented word,PROVISIONAL PASS,No exact or edit-distance-one federal record found,0,0,0,0,
148,11.2500,385,Tokenwise,The Beautiful Object,1,Deconstruct / reconstruct,Object-to-house coinage,1238,9.46444,tokenwise,8.0,9.0,7.7,8.7,8.8,8.2,8.4,ADVANCE,Tokenwise makes the daily routine feel like owning and using a considered object.,Pronunciation / invented word,PROVISIONAL PASS,Only dead/unknown one-edit records found,0,0,0,1,"TOKENISE (SN 79265841; dead/unknown; near-1; classes 009,035,036,038)"
149,11.2500,386,Gessomade,The Beautiful Object,1,Deconstruct / reconstruct,Object-to-house coinage,1262,9.46444,gessomade,8.0,9.0,7.7,8.7,8.8,8.2,8.4,ADVANCE,Gessomade makes the daily routine feel like owning and using a considered object.,Pronunciation / invented word,PROVISIONAL PASS,No exact or edit-distance-one federal record found,0,0,0,0,
150,11.2500,387,Gessowise,The Beautiful Object,1,Deconstruct / reconstruct,Object-to-house coinage,1266,9.46444,gessowise,8.0,9.0,7.7,8.7,8.8,8.2,8.4,ADVANCE,Gessowise makes the daily routine feel like owning and using a considered object.,Pronunciation / invented word,PROVISIONAL PASS,No exact or edit-distance-one federal record found,0,0,0,0,
151,11.2500,388,Relicmade,The Beautiful Object,1,Deconstruct / reconstruct,Object-to-house coinage,1269,9.46444,relicmade,8.0,9.0,7.7,8.7,8.8,8.2,8.4,ADVANCE,Relicmade makes the daily routine feel like owning and using a considered object.,Pronunciation / invented word,PROVISIONAL PASS,No exact or edit-distance-one federal record found,0,0,0,0,
152,11.2500,389,Relicwise,The Beautiful Object,1,Deconstruct / reconstruct,Object-to-house coinage,1273,9.46444,relicwise,8.0,9.0,7.7,8.7,8.8,8.2,8.4,ADVANCE,Relicwise makes the daily routine feel like owning and using a considered object.,Pronunciation / invented word,PROVISIONAL PASS,No exact or edit-distance-one federal record found,0,0,0,0,
153,11.2500,411,Bezelwork,The Beautiful Object,1,Deconstruct / reconstruct,Object-to-house coinage,1204,8.96667,bezelwork,8.0,9.0,7.5,8.7,8.8,8.2,8.4,ADVANCE,Bezelwork makes the daily routine feel like owning and using a considered object.,Pronunciation / invented word,PROVISIONAL PASS,No exact or edit-distance-one federal record found,0,0,0,0,
154,11.2500,412,Bezelmark,The Beautiful Object,1,Deconstruct / reconstruct,Object-to-house coinage,1207,8.96667,bezelmark,8.0,9.0,7.5,8.7,8.8,8.2,8.4,ADVANCE,Bezelmark makes the daily routine feel like owning and using a considered object.,Pronunciation / invented word,PROVISIONAL PASS,No exact or edit-distance-one federal record found,0,0,0,0,
155,11.2500,413,Bezelform,The Beautiful Object,1,Deconstruct / reconstruct,Object-to-house coinage,1208,8.96667,bezelform,8.0,9.0,7.5,8.7,8.8,8.2,8.4,ADVANCE,Bezelform makes the daily routine feel like owning and using a considered object.,Pronunciation / invented word,PROVISIONAL PASS,No exact or edit-distance-one federal record found,0,0,0,0,
156,11.2500,414,Bezelkind,The Beautiful Object,1,Deconstruct / reconstruct,Object-to-house coinage,1209,8.96667,bezelkind,8.0,9.0,7.5,8.7,8.8,8.2,8.4,ADVANCE,Bezelkind makes the daily routine feel like owning and using a considered object.,Pronunciation / invented word,PROVISIONAL PASS,No exact or edit-distance-one federal record found,0,0,0,0,
157,11.2500,418,Tokenkind,The Beautiful Object,1,Deconstruct / reconstruct,Object-to-house coinage,1237,8.96667,tokenkind,8.0,9.0,7.5,8.7,8.8,8.2,8.4,ADVANCE,Tokenkind makes the daily routine feel like owning and using a considered object.,Pronunciation / invented word,PROVISIONAL PASS,No exact or edit-distance-one federal record found,0,0,0,0,
158,11.2500,419,Gessowork,The Beautiful Object,1,Deconstruct / reconstruct,Object-to-house coinage,1260,8.96667,gessowork,8.0,9.0,7.5,8.7,8.8,8.2,8.4,ADVANCE,Gessowork makes the daily routine feel like owning and using a considered object.,Pronunciation / invented word,PROVISIONAL PASS,No exact or edit-distance-one federal record found,0,0,0,0,
159,11.2500,420,Gessomark,The Beautiful Object,1,Deconstruct / reconstruct,Object-to-house coinage,1263,8.96667,gessomark,8.0,9.0,7.5,8.7,8.8,8.2,8.4,ADVANCE,Gessomark makes the daily routine feel like owning and using a considered object.,Pronunciation / invented word,PROVISIONAL PASS,No exact or edit-distance-one federal record found,0,0,0,0,
160,11.2500,421,Gessoform,The Beautiful Object,1,Deconstruct / reconstruct,Object-to-house coinage,1264,8.96667,gessoform,8.0,9.0,7.5,8.7,8.8,8.2,8.4,ADVANCE,Gessoform makes the daily routine feel like owning and using a considered object.,Pronunciation / invented word,PROVISIONAL PASS,No exact or edit-distance-one federal record found,0,0,0,0,
161,11.2500,422,Gessokind,The Beautiful Object,1,Deconstruct / reconstruct,Object-to-house coinage,1265,8.96667,gessokind,8.0,9.0,7.5,8.7,8.8,8.2,8.4,ADVANCE,Gessokind makes the daily routine feel like owning and using a considered object.,Pronunciation / invented word,PROVISIONAL PASS,No exact or edit-distance-one federal record found,0,0,0,0,
162,11.2500,865,Swaywork,Sensory Motion,1,Movement reconstruction,Kinetic morpheme matrix,2306,9.42000,swaywork,7.9,9.0,7.7,8.7,8.8,7.9,8.4,ADVANCE,"Swaywork makes performance feel tactile, rhythmic, and alive before any product claim is made.",Pronunciation / invented word,PROVISIONAL PASS,Only dead/unknown one-edit records found,0,0,0,1,STAY@WORK (SN 76386092; dead/unknown; near-1; classes 042)
163,11.2000,283,Beomon,The Pure Sound Lab,1,Sound-first coinage,Consonant-vowel texture matrix,606,10.04000,beomon,8.2,9.0,7.9,9.0,8.8,7.9,8.5,ADVANCE,"Beomon is a meaning-free verbal vessel that can accumulate authority, pleasure, and trust.",Pronunciation / invented word,YELLOW - LIVE NEAR,One-edit live hit outside the core active-class set,0,5,0,12,"BEOFON (SN 99808618; live; near-1; classes 025); BEAM ON (SN 98953407; live; near-1; classes 039,042); BIOMON (SN 98098332; RN 7401866; live; near-1; classes 020)"
164,11.2000,298,Fuemel,The Pure Sound Lab,1,Sound-first coinage,Consonant-vowel texture matrix,655,10.04000,fuemel,8.2,9.0,7.9,9.0,8.8,7.9,8.5,ADVANCE,"Fuemel is a meaning-free verbal vessel that can accumulate authority, pleasure, and trust.",Pronunciation / invented word,YELLOW - LIVE NEAR,One-edit live hit outside the core active-class set,0,1,0,4,"JUEMEL (SN 88484485; RN 6078108; live; near-1; classes 007,008,009); FEMEL (SN 86749006; RN 4936695; dead/unknown; near-1); FUEZEL (SN 78567387; RN 3055171; dead/unknown; near-1)"
165,11.2000,302,Kuedor,The Pure Sound Lab,1,Sound-first coinage,Consonant-vowel texture matrix,690,10.04000,kuedor,8.2,9.0,7.9,9.0,8.8,7.9,8.5,ADVANCE,"Kuedor is a meaning-free verbal vessel that can accumulate authority, pleasure, and trust.",Pronunciation / invented word,YELLOW - LIVE NEAR,One-edit live hit outside the core active-class set,0,2,0,4,KUBEDOR (SN 97624065; RN 7280936; live; near-1; classes 007); KUELOR (SN 87290246; RN 5251114; live; near-1; classes 009); KAEDOR (SN 90110576; dead/unknown; near-1; classes 025)
166,11.2000,587,Ardenward,The Private World,1,Invented place name,Geographic morpheme engine,1609,10.26667,ardenward,8.0,9.0,8.0,8.7,8.8,8.1,8.4,ADVANCE,Ardenward creates a private brand world where expertise feels intimate rather than clinical.,Pronunciation / invented word,YELLOW - DEAD EXACT,Exact federal record exists but is coded dead/unknown,0,0,1,1,ARDEN WARD (SN 86043167; RN 4536527; dead/unknown; exact)
167,11.2000,656,Voicing,The Cultural Mononym,1,Far-field real-word raid,"Book arts, couture, printmaking, stagecraft, architecture, music",2048,12.03143,voicing,8.2,8.3,8.6,9.0,8.8,8.2,8.5,ADVANCE,Voicing imports cultural texture into skincare without describing the category.,Low creative risk,YELLOW - LIVE NEAR,One-edit live hit outside the core active-class set,0,1,0,4,VORCING (SN 90107706; RN 6306913; live; near-1; classes 009); OICING (SN 90552009; dead/unknown; near-1; classes 028); VOICIN (SN 85420966; dead/unknown; near-1; classes 042)
168,11.2000,674,Bastarda,The Cultural Mononym,1,Far-field real-word raid,"Book arts, couture, printmaking, stagecraft, architecture, music",1876,11.52000,bastarda,8.2,8.3,8.4,9.0,8.8,8.2,8.5,ADVANCE,Bastarda imports cultural texture into skincare without describing the category.,Low creative risk,YELLOW - LIVE NEAR,One-edit live hit outside the core active-class set,0,2,0,11,BASTARD (SN 87566515; RN 5740523; live; near-1; classes 025); BASTARD (SN 78222999; RN 3007786; live; near-1; classes 032); ASTARDA (SN 90075108; dead/unknown; near-1)
169,11.2000,830,Pulsely,Sensory Motion,1,Movement reconstruction,Kinetic morpheme matrix,2338,9.93143,pulsely,7.9,9.0,7.9,8.7,8.8,7.9,8.4,ADVANCE,"Pulsely makes performance feel tactile, rhythmic, and alive before any product claim is made.",Pronunciation / invented word,YELLOW - DEAD EXACT,Exact federal record exists but is coded dead/unknown,0,0,1,2,"PULSELY (SN 79302248; dead/unknown; exact; classes 010,042,044); PULSEFY (SN 88252025; dead/unknown; near-1; classes 041)"
170,11.1000,565,Briarfield,The Private World,1,Invented place name,Geographic morpheme engine,1618,10.58000,briarfield,8.0,9.0,7.9,8.7,7.8,8.1,8.3,ADVANCE,Briarfield creates a private brand world where expertise feels intimate rather than clinical.,Pronunciation / invented word,YELLOW - DEAD EXACT,Exact federal record exists but is coded dead/unknown,0,0,1,1,BRIARFIELD (SN 72415646; RN 0950464; dead/unknown; exact)
171,11.0500,394,Signetmade,The Beautiful Object,1,Deconstruct / reconstruct,Object-to-house coinage,1178,9.28000,signetmade,8.0,9.0,7.4,8.7,7.8,8.2,8.2,ADVANCE,Signetmade makes the daily routine feel like owning and using a considered object.,Pronunciation / invented word,PROVISIONAL PASS,No exact or edit-distance-one federal record found,0,0,0,0,
172,11.0500,395,Signetwise,The Beautiful Object,1,Deconstruct / reconstruct,Object-to-house coinage,1182,9.28000,signetwise,8.0,9.0,7.4,8.7,7.8,8.2,8.2,ADVANCE,Signetwise makes the daily routine feel like owning and using a considered object.,Pronunciation / invented word,PROVISIONAL PASS,No exact or edit-distance-one federal record found,0,0,0,0,
173,11.0500,396,Vellummade,The Beautiful Object,1,Deconstruct / reconstruct,Object-to-house coinage,1192,9.28000,vellummade,8.0,9.0,7.4,8.7,7.8,8.2,8.2,ADVANCE,Vellummade makes the daily routine feel like owning and using a considered object.,Pronunciation / invented word,PROVISIONAL PASS,No exact or edit-distance-one federal record found,0,0,0,0,
174,11.0500,397,Vellumwise,The Beautiful Object,1,Deconstruct / reconstruct,Object-to-house coinage,1196,9.28000,vellumwise,8.0,9.0,7.4,8.7,7.8,8.2,8.2,ADVANCE,Vellumwise makes the daily routine feel like owning and using a considered object.,Pronunciation / invented word,PROVISIONAL PASS,No exact or edit-distance-one federal record found,0,0,0,0,
175,11.0500,398,Locketmade,The Beautiful Object,1,Deconstruct / reconstruct,Object-to-house coinage,1199,9.28000,locketmade,8.0,9.0,7.4,8.7,7.8,8.2,8.2,ADVANCE,Locketmade makes the daily routine feel like owning and using a considered object.,Pronunciation / invented word,PROVISIONAL PASS,No exact or edit-distance-one federal record found,0,0,0,0,
176,11.0500,401,Mosaicmark,The Beautiful Object,1,Deconstruct / reconstruct,Object-to-house coinage,1256,9.28000,mosaicmark,8.0,9.0,7.4,8.7,7.8,8.2,8.2,ADVANCE,Mosaicmark makes the daily routine feel like owning and using a considered object.,Pronunciation / invented word,PROVISIONAL PASS,No exact or edit-distance-one federal record found,0,0,0,0,
177,11.0500,402,Mosaicform,The Beautiful Object,1,Deconstruct / reconstruct,Object-to-house coinage,1257,9.28000,mosaicform,8.0,9.0,7.4,8.7,7.8,8.2,8.2,ADVANCE,Mosaicform makes the daily routine feel like owning and using a considered object.,Pronunciation / invented word,PROVISIONAL PASS,No exact or edit-distance-one federal record found,0,0,0,0,
178,11.0500,403,Mosaickind,The Beautiful Object,1,Deconstruct / reconstruct,Object-to-house coinage,1258,9.28000,mosaickind,8.0,9.0,7.4,8.7,7.8,8.2,8.2,ADVANCE,Mosaickind makes the daily routine feel like owning and using a considered object.,Pronunciation / invented word,PROVISIONAL PASS,No exact or edit-distance-one federal record found,0,0,0,0,
179,11.0500,423,Signethouse,The Beautiful Object,1,Deconstruct / reconstruct,Object-to-house coinage,1177,8.94364,signethouse,8.0,9.0,7.1,8.7,7.8,8.2,8.2,ADVANCE,Signethouse makes the daily routine feel like owning and using a considered object.,Pronunciation / invented word,PROVISIONAL PASS,No exact or edit-distance-one federal record found,0,0,0,0,
180,11.0500,424,Vellumhouse,The Beautiful Object,1,Deconstruct / reconstruct,Object-to-house coinage,1191,8.94364,vellumhouse,8.0,9.0,7.1,8.7,7.8,8.2,8.2,ADVANCE,Vellumhouse makes the daily routine feel like owning and using a considered object.,Pronunciation / invented word,PROVISIONAL PASS,No exact or edit-distance-one federal record found,0,0,0,0,
181,10.9000,157,Wrenen,The Invented House,1,Morpheme engine,Invented surname matrix,405,9.43667,wrenen,8.4,9.0,6.9,9.0,8.8,8.5,8.2,ADVANCE,Wrenen behaves like an established beauty house: desirable first and rigorous underneath.,Pronunciation / invented word,YELLOW - LIVE NEAR,One-edit live hit outside the core active-class set,0,6,0,11,"WRENN (SN 99248406; RN 8259228; live; near-1; classes 009,025,041); WENEN (SN 97213023; RN 6973602; live; near-1; classes 011); WRENBEN (SN 90332361; RN 6462502; live; near-1; classes 016)"
182,10.9000,531,Velgate,The Private World,1,Invented place name,Geographic morpheme engine,1705,11.33143,velgate,8.0,9.0,8.4,8.7,8.8,8.1,8.5,ADVANCE,Velgate creates a private brand world where expertise feels intimate rather than clinical.,Pronunciation / invented word,YELLOW - LIVE NEAR,One-edit live hit outside the core active-class set,0,4,0,9,"VELSGATE (SN 99839560; live; near-1; classes 011); VEGATE (SN 98637103; RN 7791406; live; near-1; classes 030); XELGATE (SN 98080347; live; near-1; classes 009,042)"
183,10.9000,533,Everhall,The Private World,1,Invented place name,Geographic morpheme engine,1636,10.82000,everhall,8.0,9.0,8.2,8.7,8.8,8.1,8.5,ADVANCE,Everhall creates a private brand world where expertise feels intimate rather than clinical.,Pronunciation / invented word,YELLOW - LIVE NEAR,One-edit live hit outside the core active-class set,0,6,0,12,"EVERALL (SN 99920446; live; near-1; classes 025); EVER-WALL (SN 99455058; live; near-1; classes 019); EVERCALL (SN 98887702; live; near-1; classes 016,041)"
184,10.9000,544,Velcourt,The Private World,1,Invented place name,Geographic morpheme engine,1707,10.82000,velcourt,8.0,9.0,8.2,8.7,8.8,8.1,8.5,ADVANCE,Velcourt creates a private brand world where expertise feels intimate rather than clinical.,Pronunciation / invented word,YELLOW - LIVE NEAR,One-edit live hit outside the core active-class set,0,3,0,6,BELCOURT (SN 99333743; live; near-1; classes 033); BELCOURT (SN 97780092; RN 7531668; live; near-1; classes 014); VALCOURT (SN 77482143; RN 4027382; live; near-1; classes 011)
185,10.9000,545,Velfield,The Private World,1,Invented place name,Geographic morpheme engine,1708,10.82000,velfield,8.0,9.0,8.2,8.7,8.8,8.1,8.5,ADVANCE,Velfield creates a private brand world where expertise feels intimate rather than clinical.,Pronunciation / invented word,YELLOW - LIVE NEAR,One-edit live hit outside the core active-class set,0,1,0,3,DELFIELD (SN 76562388; RN 2982655; live; near-1; classes 011); BELFIELD (SN 86739444; dead/unknown; near-1; classes 011); DELFIELD (SN 72385065; RN 0974598; dead/unknown; near-1)
186,10.9000,548,Ardengate,The Private World,1,Invented place name,Geographic morpheme engine,1605,10.76444,ardengate,8.0,9.0,8.2,8.7,8.8,8.1,8.5,ADVANCE,Ardengate creates a private brand world where expertise feels intimate rather than clinical.,Pronunciation / invented word,YELLOW - LIVE NEAR,One-edit live hit outside the core active-class set,0,4,0,7,GARDEN GATE (SN 99770435; live; near-1; classes 033); GARDEN GATE (SN 85606070; RN 4257300; live; near-1; classes 041); GARDEN GATE (SN 78751907; RN 3162333; live; near-1; classes 016)
187,10.9000,554,Orencourt,The Private World,1,Invented place name,Geographic morpheme engine,1677,10.76444,orencourt,8.0,9.0,8.2,8.7,8.8,8.1,8.5,ADVANCE,Orencourt creates a private brand world where expertise feels intimate rather than clinical.,Pronunciation / invented word,YELLOW - LIVE NEAR,One-edit live hit outside the core active-class set,0,4,0,12,"OPENCOURT (SN 99101440; RN 8279520; live; near-1; classes 041); OPENCOURT (SN 98798654; RN 7893865; live; near-1; classes 009,042); OPEN COURT (SN 86164084; RN 4580049; live; near-1; classes 041)"
188,10.9000,556,Ravengate,The Private World,1,Invented place name,Geographic morpheme engine,1685,10.76444,ravengate,8.0,9.0,8.2,8.7,8.8,8.1,8.5,ADVANCE,Ravengate creates a private brand world where expertise feels intimate rather than clinical.,Pronunciation / invented word,YELLOW - LIVE NEAR,One-edit live hit outside the core active-class set,0,1,0,1,"RAVE GATE (SN 99853449; live; near-1; classes 025,041)"
189,10.9000,558,Valecourt,The Private World,1,Invented place name,Geographic morpheme engine,1697,10.76444,valecourt,8.0,9.0,8.2,8.7,8.8,8.1,8.5,ADVANCE,Valecourt creates a private brand world where expertise feels intimate rather than clinical.,Pronunciation / invented word,YELLOW - LIVE NEAR,One-edit live hit outside the core active-class set,0,1,0,2,VALCOURT (SN 77482143; RN 4027382; live; near-1; classes 011); VALCOURT (SN 73364676; RN 1260811; dead/unknown; near-1)
190,10.9000,559,Valefield,The Private World,1,Invented place name,Geographic morpheme engine,1698,10.76444,valefield,8.0,9.0,8.2,8.7,8.8,8.1,8.5,ADVANCE,Valefield creates a private brand world where expertise feels intimate rather than clinical.,Pronunciation / invented word,YELLOW - LIVE NEAR,One-edit live hit outside the core active-class set,0,1,0,1,VALE FIELDS (SN 98820806; live; near-1; classes 029)
191,10.8500,14,Arvenor,The Invented House,1,Eponym / curated mononym,Founderless fashion house,44,14.38143,arvenor,8.5,9.0,9.4,9.0,8.8,8.5,8.9,ADVANCE,Arvenor behaves like an established beauty house: desirable first and rigorous underneath.,Pronunciation / invented word,AMBER - LIVE EXACT,Exact live hit; active classes appear outside core set or are missing,1,7,0,12,"ARVENOR (SN 99921231; live; exact; classes 016); AVENOR (SN 99868640; live; near-1; classes 010); AVENOR (SN 99826251; live; near-1; classes 005,021,025)"
192,10.8500,31,Avelen,The Invented House,1,Eponym / curated mononym,Founderless fashion house,46,13.59000,avelen,8.5,9.0,9.2,9.0,8.8,8.5,8.9,ADVANCE,Avelen behaves like an established beauty house: desirable first and rigorous underneath.,Pronunciation / invented word,AMBER - LIVE EXACT,Exact live hit; active classes appear outside core set or are missing,1,30,0,42,"AVELEN (SN 98201605; RN 7594371; live; exact; classes 006,037); AVYLEN (SN 99525369; RN 8313647; live; near-1; classes 010); VELEN (SN 99467085; live; near-1; classes 003)"
193,10.8500,38,Calven,The Invented House,1,Eponym / curated mononym,Founderless fashion house,49,13.53667,calven,8.5,9.0,9.2,9.0,8.8,8.5,8.9,ADVANCE,Calven behaves like an established beauty house: desirable first and rigorous underneath.,Pronunciation / invented word,AMBER - LIVE EXACT,Exact live hit; active classes appear outside core set or are missing,1,32,0,81,"CALVEN (SN 79332691; RN 7171720; live; exact; classes 009,042); CALVÉRN (SN 99330498; live; near-1; classes 003); CALVEX (SN 99309605; live; near-1; classes 010)"
194,10.8000,582,Amberhall,The Private World,1,Invented place name,Geographic morpheme engine,1596,10.26667,amberhall,8.0,9.0,8.0,8.7,8.8,8.1,8.4,ADVANCE,Amberhall creates a private brand world where expertise feels intimate rather than clinical.,Pronunciation / invented word,YELLOW - LIVE NEAR,One-edit live hit outside the core active-class set,0,2,0,2,AMBERHOLL (SN 99041573; RN 7984895; live; near-1; classes 014); AMBERHILL (SN 74390652; RN 1873380; live; near-1; classes 033)
195,10.8000,586,Ardenhall,The Private World,1,Invented place name,Geographic morpheme engine,1606,10.26667,ardenhall,8.0,9.0,8.0,8.7,8.8,8.1,8.4,ADVANCE,Ardenhall creates a private brand world where expertise feels intimate rather than clinical.,Pronunciation / invented word,YELLOW - LIVE NEAR,One-edit live hit outside the core active-class set,0,1,0,1,ARDENFALL (SN 98005911; live; near-1; classes 009)
196,10.8000,726,Small Opinion,Beautiful Mischief,1,Contradictory compound,Manners colliding with rebellion,2127,10.20333,smallopinion,7.9,8.0,8.0,7.8,8.2,8.3,8.0,HOLD,Small Opinion gives the brand enough wit and nerve to challenge beauty theater without becoming cynical.,Low creative risk,PROVISIONAL PASS,No exact or edit-distance-one federal record found,0,0,0,0,
197,10.8000,728,Clever Opinion,Beautiful Mischief,1,Contradictory compound,Manners colliding with rebellion,2059,10.11769,cleveropinion,7.9,8.0,7.9,7.8,8.2,8.3,8.0,HOLD,Clever Opinion gives the brand enough wit and nerve to challenge beauty theater without becoming cynical.,Low creative risk,PROVISIONAL PASS,No exact or edit-distance-one federal record found,0,0,0,0,
198,10.8000,729,Modern Opinion,Beautiful Mischief,1,Contradictory compound,Manners colliding with rebellion,2093,10.11769,modernopinion,7.9,8.0,7.9,7.8,8.2,8.3,8.0,HOLD,Modern Opinion gives the brand enough wit and nerve to challenge beauty theater without becoming cynical.,Low creative risk,PROVISIONAL PASS,No exact or edit-distance-one federal record found,0,0,0,0,
199,10.8000,736,Proper Diversion,Beautiful Mischief,1,Contradictory compound,Manners colliding with rebellion,2112,9.85000,properdiversion,7.9,8.0,7.8,7.8,8.2,8.3,8.0,HOLD,Proper Diversion gives the brand enough wit and nerve to challenge beauty theater without becoming cynical.,Low creative risk,PROVISIONAL PASS,No exact or edit-distance-one federal record found,0,0,0,0,
200,10.8000,744,Private Habit,Beautiful Mischief,1,Contradictory compound,Manners colliding with rebellion,2156,9.70333,privatehabit,7.9,8.0,7.8,7.8,8.2,8.3,8.0,HOLD,Private Habit gives the brand enough wit and nerve to challenge beauty theater without becoming cynical.,Low creative risk,PROVISIONAL PASS,No exact or edit-distance-one federal record found,0,0,0,0,
