ChampionSeedOrder,PoolNumber,Name,Direction,DirectionRank,Method,SourceWorld,RawOrder,StructuralScore,Normalized,Desire,Distinctiveness,Fluency,Stretch,BottlePresence,StoryIgnition,CreativeScore,RevealDecision,Hook,CreativeRisk,TrademarkDecision,TrademarkReason,LiveExact,LiveNear1,DeadOrUnknownExact,AllHitCount,RepresentativeHits
1,13,Anvorel,The Invented House,1,Eponym / curated mononym,Founderless fashion house,43,14.38143,anvorel,8.5,9.0,9.4,9.0,8.8,8.5,8.9,ADVANCE,Anvorel behaves like an established beauty house: desirable first and rigorous underneath.,Pronunciation / invented word,PROVISIONAL PASS,Only dead/unknown one-edit records found,0,0,0,1,ANGOREL (SN 73623125; RN 1479675; dead/unknown; near-1)
2,22,Aldevan,The Invented House,1,Eponym / curated mononym,Founderless fashion house,40,14.03143,aldevan,8.5,9.0,9.4,9.0,8.8,8.5,8.9,ADVANCE,Aldevan behaves like an established beauty house: desirable first and rigorous underneath.,Pronunciation / invented word,PROVISIONAL PASS,Only dead/unknown one-edit records found,0,0,0,2,"AL-DEWAN (SN 90336457; dead/unknown; near-1; classes 029,030,032); ANDEVAN (SN 78475527; dead/unknown; near-1; classes 006)"
3,47,Ravellen,The Invented House,1,Eponym / curated mononym,Founderless fashion house,31,13.37000,ravellen,8.5,9.0,9.1,9.0,8.8,8.5,8.8,ADVANCE,Ravellen behaves like an established beauty house: desirable first and rigorous underneath.,Pronunciation / invented word,PROVISIONAL PASS,Only dead/unknown one-edit records found,0,0,0,3,RAVELLE (SN 88645847; RN 6047238; dead/unknown; near-1); RAVELLE (SN 77936802; RN 3892377; dead/unknown; near-1); RAVELLE (SN 78096375; RN 2607721; dead/unknown; near-1)
4,65,Kestrelle,The Invented House,1,Eponym / curated mononym,Founderless fashion house,24,11.66667,kestrelle,8.5,9.0,7.7,9.0,8.8,8.5,8.6,ADVANCE,Kestrelle behaves like an established beauty house: desirable first and rigorous underneath.,Pronunciation / invented word,PROVISIONAL PASS,Only dead/unknown one-edit records found,0,0,0,3,ESTRELLE (SN 78727892; dead/unknown; near-1; classes 005); ESTRELLE (SN 78076142; dead/unknown; near-1; classes 005); ESTRELLE (SN 75324971; dead/unknown; near-1; classes 005)
5,125,Ferrore,The Invented House,1,World-language-shaped coinage,Fashion-house phonology,461,9.73143,ferrore,8.5,9.0,7.8,9.0,8.8,8.5,8.6,ADVANCE,Ferrore behaves like an established beauty house: desirable first and rigorous underneath.,Pronunciation / invented word,PROVISIONAL PASS,Only dead/unknown one-edit records found,0,0,0,3,FERRARE (SN 73689638; dead/unknown; near-1); FERROREG (SN 73662928; RN 1471313; dead/unknown; near-1); FERRONE (SN 80335690; RN 0335690; dead/unknown; near-1)
6,121,Elvenne,The Invented House,1,World-language-shaped coinage,Fashion-house phonology,452,9.73143,elvenne,8.5,9.0,7.8,9.0,8.8,8.5,8.6,ADVANCE,Elvenne behaves like an established beauty house: desirable first and rigorous underneath.,Pronunciation / invented word,PROVISIONAL PASS,No exact or edit-distance-one federal record found,0,0,0,0,
7,44,Corvenne,The Invented House,1,Eponym / curated mononym,Founderless fashion house,51,13.52000,corvenne,8.5,9.0,9.2,9.0,8.8,8.5,8.9,ADVANCE,Corvenne behaves like an established beauty house: desirable first and rigorous underneath.,Pronunciation / invented word,YELLOW - LIVE NEAR,One-edit live hit outside the core active-class set,0,3,0,3,ORVENNE (SN 99859365; live; near-1; classes 014); TORVENNE (SN 99792244; live; near-1; classes 011); CORIENNE (SN 99630318; live; near-1; classes 025)
8,24,Dorevan,The Invented House,1,Eponym / curated mononym,Founderless fashion house,54,14.03143,dorevan,8.5,9.0,9.4,9.0,8.8,8.5,8.9,ADVANCE,Dorevan behaves like an established beauty house: desirable first and rigorous underneath.,Pronunciation / invented word,YELLOW - LIVE NEAR,One-edit live hit outside the core active-class set,0,4,0,7,DOREAN_ (SN 99859045; live; near-1; classes 004); DREVAN (SN 90418920; RN 6536260; live; near-1; classes 028); DOREHAN (SN 90111179; live; near-1; classes 009)
9,25,Ervenne,The Invented House,1,Eponym / curated mononym,Founderless fashion house,57,14.03143,ervenne,8.5,9.0,9.4,9.0,8.8,8.5,8.9,ADVANCE,Ervenne behaves like an established beauty house: desirable first and rigorous underneath.,Pronunciation / invented word,YELLOW - LIVE NEAR,One-edit live hit outside the core active-class set,0,1,0,1,ORVENNE (SN 99859365; live; near-1; classes 014)
10,15,Elverin,The Invented House,1,Eponym / curated mononym,Founderless fashion house,55,14.38143,elverin,8.5,9.0,9.4,9.0,8.8,8.5,8.9,ADVANCE,Elverin behaves like an established beauty house: desirable first and rigorous underneath.,Pronunciation / invented word,YELLOW - LIVE NEAR,One-edit live hit outside the core active-class set,0,1,0,5,EVERIN (SN 90059847; RN 6281287; live; near-1; classes 028); EVERIN (SN 88586665; dead/unknown; near-1; classes 036); ELUVERIN (SN 85518133; dead/unknown; near-1)
11,4,Ardelin,The Invented House,1,Eponym / curated mononym,Founderless fashion house,5,14.38143,ardelin,8.5,9.0,9.4,9.0,8.8,8.5,8.9,ADVANCE,Ardelin behaves like an established beauty house: desirable first and rigorous underneath.,Pronunciation / invented word,YELLOW - LIVE NEAR,One-edit live hit outside the core active-class set,0,5,0,12,ARDLIN (SN 99629636; live; near-1; classes 020); ARELIN (SN 97514851; RN 7150264; live; near-1; classes 025); ADELIN (SN 88188471; RN 5780340; live; near-1; classes 012)
12,12,Alvarel,The Invented House,1,Eponym / curated mononym,Founderless fashion house,41,14.38143,alvarel,8.5,9.0,9.4,9.0,8.8,8.5,8.9,ADVANCE,Alvarel behaves like an established beauty house: desirable first and rigorous underneath.,Pronunciation / invented word,AMBER - LIVE NEAR / RELEVANT,One-edit live hit in a relevant active class,0,3,0,4,"ALVAREZ (SN 87038577; RN 5211110; live; near-1; classes 035); ALTAREL (SN 99163292; live; near-1; classes 025); ALVAREZ (SN 72399063; RN 0962778; live; near-1; classes 009,015)"
13,10,Taveren,The Invented House,1,Eponym / curated mononym,Founderless fashion house,34,14.38143,taveren,8.5,9.0,9.4,9.0,8.8,8.5,8.9,ADVANCE,Taveren behaves like an established beauty house: desirable first and rigorous underneath.,Pronunciation / invented word,AMBER - LIVE NEAR / RELEVANT,One-edit live hit in a relevant active class,0,6,1,14,TAVERN (SN 97814220; RN 7892533; live; near-1; classes 035); VAVEREN (SN 90395210; RN 6470790; live; near-1; classes 021); TAVERN (SN 90979703; RN 7081695; live; near-1; classes 025)
14,9,Seraven,The Invented House,1,Eponym / curated mononym,Founderless fashion house,33,14.38143,seraven,8.5,9.0,9.4,9.0,8.8,8.5,8.9,ADVANCE,Seraven behaves like an established beauty house: desirable first and rigorous underneath.,Pronunciation / invented word,AMBER - LIVE NEAR / RELEVANT,One-edit live hit in a relevant active class,0,8,1,22,SERAVYN (SN 99895873; live; near-1; classes 035); SERAPEN (SN 97687720; live; near-1; classes 010); SERAVENA (SN 86554069; RN 4831356; live; near-1; classes 003)
15,5,Asterel,The Invented House,1,Eponym / curated mononym,Founderless fashion house,6,14.38143,asterel,8.5,9.0,9.4,9.0,8.8,8.5,8.9,ADVANCE,Asterel behaves like an established beauty house: desirable first and rigorous underneath.,Pronunciation / invented word,AMBER - LIVE NEAR / RELEVANT,One-edit live hit in a relevant active class,0,5,0,16,"ASTERÉ (SN 79279044; RN 6187335; live; near-1; classes 003,020,024,027); ESTEREL (SN 79138611; RN 4496754; live; near-1; classes 003); ASTEEEL (SN 99834023; live; near-1; classes 006)"
16,1,Alderen,The Invented House,1,Eponym / curated mononym,Founderless fashion house,1,14.38143,alderen,8.5,9.0,9.4,9.0,8.8,8.5,8.9,ADVANCE,Alderen behaves like an established beauty house: desirable first and rigorous underneath.,Pronunciation / invented word,AMBER - LIVE NEAR / RELEVANT,One-edit live hit in a relevant active class,0,3,0,6,ALDERED (SN 79178928; RN 4962160; live; near-1; classes 005); ALDREN (SN 99189470; live; near-1; classes 018); BLDEREN (SN 98965988; live; near-1; classes 008)
17,20,Calvere,The Invented House,1,Eponym / curated mononym,Founderless fashion house,10,14.03143,calvere,8.5,9.0,9.4,9.0,8.8,8.5,8.9,ADVANCE,Calvere behaves like an established beauty house: desirable first and rigorous underneath.,Pronunciation / invented word,AMBER - LIVE NEAR / RELEVANT,One-edit live hit in a relevant active class,0,10,0,24,"CALVÉRN (SN 99330498; live; near-1; classes 003); CALVERT (SN 97658887; RN 7284084; live; near-1; classes 035,036); CALVERT (SN 97658935; RN 7395561; live; near-1; classes 035,036)"
18,19,Velorin,The Invented House,1,Eponym / curated mononym,Founderless fashion house,75,14.38143,velorin,8.5,9.0,9.4,9.0,8.8,8.5,8.9,ADVANCE,Velorin behaves like an established beauty house: desirable first and rigorous underneath.,Pronunciation / invented word,AMBER - LIVE NEAR / RELEVANT,One-edit live hit in a relevant active class,0,25,0,34,VELTORIN (SN 99880179; live; near-1; classes 005); VELORIEN (SN 99876526; live; near-1; classes 003); VELDRIN (SN 99872170; live; near-1; classes 021)
19,30,Avelor,The Invented House,1,Eponym / curated mononym,Founderless fashion house,7,13.59000,avelor,8.5,9.0,9.2,9.0,8.8,8.5,8.9,ADVANCE,Avelor behaves like an established beauty house: desirable first and rigorous underneath.,Pronunciation / invented word,AMBER - LIVE NEAR / RELEVANT,One-edit live hit in a relevant active class,0,33,0,52,"AVELORA (SN 99870052; live; near-1; classes 025,035); AVENOR (SN 99868640; live; near-1; classes 010); AVENOR (SN 99826251; live; near-1; classes 005,021,025)"
20,64,Embray,The Invented House,1,Eponym / curated mononym,Founderless fashion house,17,12.44000,embray,8.5,9.0,8.0,9.0,8.8,8.5,8.7,ADVANCE,Embray behaves like an established beauty house: desirable first and rigorous underneath.,Pronunciation / invented word,AMBER - LIVE NEAR / RELEVANT,One-edit live hit in a relevant active class,0,13,1,27,"EMBRAYA (SN 99860528; live; near-1; classes 003,005,044); EMBRA (SN 99724843; live; near-1; classes 041); EMBRY (SN 99669088; live; near-1; classes 025,028)"
21,201,Uvel,The Pure Sound Lab,1,Sound-first curated coinage,No-semantic brief,582,13.15000,uvel,8.2,9.0,9.0,9.0,7.8,7.9,8.6,ADVANCE,"Uvel is a meaning-free verbal vessel that can accumulate authority, pleasure, and trust.",Pronunciation / invented word,YELLOW - DEAD EXACT,Exact federal record exists but is coded dead/unknown,0,0,1,1,"UVEL (SN 76197681; dead/unknown; exact; classes 001,002,005,010,016,017,019)"
22,202,Ivro,The Pure Sound Lab,1,Sound-first curated coinage,No-semantic brief,559,12.80000,ivro,8.2,9.0,8.9,9.0,7.8,7.9,8.5,ADVANCE,"Ivro is a meaning-free verbal vessel that can accumulate authority, pleasure, and trust.",Pronunciation / invented word,YELLOW - DEAD EXACT,Exact federal record exists but is coded dead/unknown,0,0,1,1,IVRO (SN 74072737; dead/unknown; exact)
23,308,Brivune,The Pure Sound Lab,1,Deconstruct / reconstruct,Mouthfeel variation,851,10.03143,brivune,8.2,9.0,7.9,9.0,8.8,7.9,8.5,ADVANCE,"Brivune is a meaning-free verbal vessel that can accumulate authority, pleasure, and trust.",Pronunciation / invented word,YELLOW - LIVE NEAR,One-edit live hit outside the core active-class set,0,1,0,1,BRITUNE (SN 87769604; RN 5554755; live; near-1; classes 011)
24,288,Ciodor,The Pure Sound Lab,1,Sound-first coinage,Consonant-vowel texture matrix,630,10.04000,ciodor,8.2,9.0,7.9,9.0,8.8,7.9,8.5,ADVANCE,"Ciodor is a meaning-free verbal vessel that can accumulate authority, pleasure, and trust.",Pronunciation / invented word,YELLOW - LIVE NEAR,One-edit live hit outside the core active-class set,0,3,0,8,LIODOR (SN 97797348; RN 7322134; live; near-1; classes 027); CWODOR (SN 97618055; RN 7217386; live; near-1; classes 025); CIOSOR (SN 90093704; live; near-1; classes 028)
25,161,Navelin,The Pure Sound Lab,1,Sound-first curated coinage,No-semantic brief,568,14.38143,navelin,8.2,9.0,9.4,9.0,8.8,7.9,8.8,ADVANCE,"Navelin is a meaning-free verbal vessel that can accumulate authority, pleasure, and trust.",Pronunciation / invented word,AMBER - LIVE NEAR / RELEVANT,One-edit live hit in a relevant active class,0,41,0,132,"JAVELIN (SN 98440920; live; near-1; classes 003,004); JAVELIN (SN 98436149; RN 7667898; live; near-1; classes 003,005); NAVLIN (SN 98124829; RN 7462908; live; near-1; classes 035,042)"
26,177,Odrin,The Pure Sound Lab,1,Sound-first curated coinage,No-semantic brief,571,13.85000,odrin,8.2,9.0,9.3,9.0,8.8,7.9,8.8,ADVANCE,"Odrin is a meaning-free verbal vessel that can accumulate authority, pleasure, and trust.",Pronunciation / invented word,AMBER - LIVE NEAR / RELEVANT,One-edit live hit in a relevant active class,0,44,0,107,"ORIN (SN 99757659; live; near-1; classes 005); ODRIX (SN 99710999; live; near-1; classes 003); ODIN (SN 99554494; live; near-1; classes 005,029)"
27,183,Virel,The Pure Sound Lab,1,Sound-first curated coinage,No-semantic brief,586,13.85000,virel,8.2,9.0,9.3,9.0,8.8,7.9,8.8,ADVANCE,"Virel is a meaning-free verbal vessel that can accumulate authority, pleasure, and trust.",Pronunciation / invented word,AMBER - LIVE NEAR / RELEVANT,One-edit live hit in a relevant active class,0,61,2,175,VINREL (SN 99859029; live; near-1; classes 021); VIRKL (SN 99831072; live; near-1; classes 003); VIRELO (SN 99387384; live; near-1; classes 021)
28,180,Selor,The Pure Sound Lab,1,Sound-first curated coinage,No-semantic brief,579,13.85000,selor,8.2,9.0,9.3,9.0,8.8,7.9,8.8,ADVANCE,"Selor is a meaning-free verbal vessel that can accumulate authority, pleasure, and trust.",Pronunciation / invented word,AMBER - LIVE NEAR / RELEVANT,One-edit live hit in a relevant active class,0,54,0,130,SELORA (SN 99869998; live; near-1; classes 010); XELOR (SN 99849377; live; near-1; classes 044); ELOR (SN 99844848; live; near-1; classes 035)
29,164,Adrel,The Pure Sound Lab,1,Sound-first curated coinage,No-semantic brief,542,13.85000,adrel,8.2,9.0,9.3,9.0,8.8,7.9,8.8,ADVANCE,"Adrel is a meaning-free verbal vessel that can accumulate authority, pleasure, and trust.",Pronunciation / invented word,AMBER - LIVE NEAR / RELEVANT,One-edit live hit in a relevant active class,0,34,0,94,"ANDREL (SN 99769524; live; near-1; classes 035,042); AURÉL (SN 99648225; live; near-1; classes 003); AREL (SN 99457414; live; near-1; classes 021)"
30,163,Abrin,The Pure Sound Lab,1,Sound-first curated coinage,No-semantic brief,541,13.85000,abrin,8.2,9.0,9.3,9.0,8.8,7.9,8.8,ADVANCE,"Abrin is a meaning-free verbal vessel that can accumulate authority, pleasure, and trust.",Pronunciation / invented word,AMBER - LIVE NEAR / RELEVANT,One-edit live hit in a relevant active class,0,62,0,151,BRIN (SN 99853706; live; near-1; classes 005); AURIN (SN 99744811; live; near-1; classes 035); ABRIL. (SN 99611719; live; near-1; classes 003)
31,174,Miven,The Pure Sound Lab,1,Sound-first curated coinage,No-semantic brief,567,13.85000,miven,8.2,9.0,9.3,9.0,8.8,7.9,8.8,ADVANCE,"Miven is a meaning-free verbal vessel that can accumulate authority, pleasure, and trust.",Pronunciation / invented word,AMBER - LIVE NEAR / RELEVANT,One-edit live hit in a relevant active class,0,116,0,238,MIREN (SN 99781959; live; near-1; classes 005); GIVEN (SN 99741760; live; near-1; classes 005); MAVEN (SN 99689695; live; near-1; classes 035)
32,167,Evrel,The Pure Sound Lab,1,Sound-first curated coinage,No-semantic brief,554,13.85000,evrel,8.2,9.0,9.3,9.0,8.8,7.9,8.8,ADVANCE,"Evrel is a meaning-free verbal vessel that can accumulate authority, pleasure, and trust.",Pronunciation / invented word,AMBER - LIVE NEAR / RELEVANT,One-edit live hit in a relevant active class,0,19,0,42,EVOREL (SN 99913549; live; near-1; classes 005); EVRE (SN 99713865; live; near-1; classes 005); EVREE (SN 98821660; RN 7826441; live; near-1; classes 005)
33,212,Uruva,The Pure Sound Lab,1,Sound-first curated coinage,No-semantic brief,592,12.22000,uruva,8.2,9.0,8.7,9.0,8.8,7.9,8.7,ADVANCE,"Uruva is a meaning-free verbal vessel that can accumulate authority, pleasure, and trust.",Pronunciation / invented word,AMBER - LIVE NEAR / RELEVANT,One-edit live hit in a relevant active class,0,8,0,27,"TRUVA (SN 79440897; live; near-1; classes 037,044); TRUVA (SN 99208627; live; near-1; classes 009,010); DRUVA (SN 79242450; RN 6121019; live; near-1; classes 007,009,010,011,038,040,042)"
34,198,Tivra,The Pure Sound Lab,1,Sound-first curated coinage,No-semantic brief,581,13.50000,tivra,8.2,9.0,9.2,9.0,8.8,7.9,8.7,ADVANCE,"Tivra is a meaning-free verbal vessel that can accumulate authority, pleasure, and trust.",Pronunciation / invented word,AMBER - LIVE NEAR / RELEVANT,One-edit live hit in a relevant active class,0,56,0,202,TAVRA (SN 99802455; live; near-1; classes 003); OTIVRA (SN 99766213; live; near-1; classes 010); TAVRA (SN 99688921; live; near-1; classes 005)
35,193,Dovik,The Pure Sound Lab,1,Sound-first curated coinage,No-semantic brief,550,13.50000,dovik,8.2,9.0,9.2,9.0,8.8,7.9,8.7,ADVANCE,"Dovik is a meaning-free verbal vessel that can accumulate authority, pleasure, and trust.",Pronunciation / invented word,AMBER - LIVE NEAR / RELEVANT,One-edit live hit in a relevant active class,0,25,0,47,DOVI (SN 99311981; RN 8192928; live; near-1; classes 005); COVIK (SN 97387599; RN 7074784; live; near-1; classes 021); DOCIK (SN 88749813; RN 6107005; live; near-1; classes 021)
36,191,Cavrel,The Pure Sound Lab,1,Sound-first curated coinage,No-semantic brief,548,13.53667,cavrel,8.2,9.0,9.2,9.0,8.8,7.9,8.7,ADVANCE,"Cavrel is a meaning-free verbal vessel that can accumulate authority, pleasure, and trust.",Pronunciation / invented word,AMBER - LIVE NEAR / RELEVANT,One-edit live hit in a relevant active class,0,19,0,58,"CARVEL (SN 97230794; RN 7634284; live; near-1; classes 029,030,032,035,043); CARVEL (SN 86715102; RN 4913535; live; near-1; classes 035,043); CARVEL (SN 86209182; RN 4823009; live; near-1; classes 030,032,035,043)"
37,207,Elune,The Pure Sound Lab,1,Sound-first curated coinage,No-semantic brief,552,12.22000,elune,8.2,9.0,8.7,9.0,8.8,7.9,8.7,ADVANCE,"Elune is a meaning-free verbal vessel that can accumulate authority, pleasure, and trust.",Pronunciation / invented word,AMBER - LIVE NEAR / RELEVANT,One-edit live hit in a relevant active class,0,64,1,163,"VELUNE (SN 99919691; live; near-1; classes 005); VELUNE (SN 99868820; live; near-1; classes 003); ELUNEA (SN 99861055; live; near-1; classes 003,021)"
38,186,Vairel,The Pure Sound Lab,1,Sound-first curated coinage,No-semantic brief,583,13.59000,vairel,8.2,9.0,9.2,9.0,8.8,7.9,8.7,ADVANCE,"Vairel is a meaning-free verbal vessel that can accumulate authority, pleasure, and trust.",Pronunciation / invented word,AMBER - LIVE NEAR / RELEVANT,One-edit live hit in a relevant active class,0,9,0,20,"VAIRAL (SN 99808244; live; near-1; classes 035,042); VAIREO (SN 88764828; RN 6160185; live; near-1; classes 003); VAIREO (SN 88430178; RN 5998505; live; near-1; classes 021)"
39,547,Ambermere,The Private World,1,Invented place name,Geographic morpheme engine,1601,10.76444,ambermere,8.0,9.0,8.2,8.7,8.8,8.1,8.5,ADVANCE,Ambermere creates a private brand world where expertise feels intimate rather than clinical.,Pronunciation / invented word,PROVISIONAL PASS,No exact or edit-distance-one federal record found,0,0,0,0,
40,551,Briarmere,The Private World,1,Invented place name,Geographic morpheme engine,1621,10.76444,briarmere,8.0,9.0,8.2,8.7,8.8,8.1,8.5,ADVANCE,Briarmere creates a private brand world where expertise feels intimate rather than clinical.,Pronunciation / invented word,PROVISIONAL PASS,Only dead/unknown one-edit records found,0,0,0,1,BRIARMEER (SN 72417832; RN 0961845; dead/unknown; near-1)
41,557,Ravenmere,The Private World,1,Invented place name,Geographic morpheme engine,1691,10.76444,ravenmere,8.0,9.0,8.2,8.7,8.8,8.1,8.5,ADVANCE,Ravenmere creates a private brand world where expertise feels intimate rather than clinical.,Pronunciation / invented word,PROVISIONAL PASS,No exact or edit-distance-one federal record found,0,0,0,0,
42,567,Caldermere,The Private World,1,Invented place name,Geographic morpheme engine,1631,10.58000,caldermere,8.0,9.0,7.9,8.7,7.8,8.1,8.3,ADVANCE,Caldermere creates a private brand world where expertise feels intimate rather than clinical.,Pronunciation / invented word,PROVISIONAL PASS,Only dead/unknown one-edit records found,0,0,0,1,ALDERMERE (SN 74431698; RN 1841987; dead/unknown; near-1)
43,569,Hollismere,The Private World,1,Invented place name,Geographic morpheme engine,1651,10.58000,hollismere,8.0,9.0,7.9,8.7,7.8,8.1,8.3,ADVANCE,Hollismere creates a private brand world where expertise feels intimate rather than clinical.,Pronunciation / invented word,PROVISIONAL PASS,No exact or edit-distance-one federal record found,0,0,0,0,
44,571,Lindenmere,The Private World,1,Invented place name,Geographic morpheme engine,1661,10.58000,lindenmere,8.0,9.0,7.9,8.7,7.8,8.1,8.3,ADVANCE,Lindenmere creates a private brand world where expertise feels intimate rather than clinical.,Pronunciation / invented word,PROVISIONAL PASS,No exact or edit-distance-one federal record found,0,0,0,0,
45,542,Valewell,The Private World,1,Invented place name,Geographic morpheme engine,1700,10.82000,valewell,8.0,9.0,8.2,8.7,8.8,8.1,8.5,ADVANCE,Valewell creates a private brand world where expertise feels intimate rather than clinical.,Pronunciation / invented word,PROVISIONAL PASS,Only dead/unknown one-edit records found,0,0,0,5,ALEWELL (SN 97346512; dead/unknown; near-1); HALEWELL (SN 87191530; RN 5487350; dead/unknown; near-1); VAPEWELL (SN 86389158; dead/unknown; near-1; classes 030)
46,546,Ambergate,The Private World,1,Invented place name,Geographic morpheme engine,1595,10.76444,ambergate,8.0,9.0,8.2,8.7,8.8,8.1,8.5,ADVANCE,Ambergate creates a private brand world where expertise feels intimate rather than clinical.,Pronunciation / invented word,PROVISIONAL PASS,No exact or edit-distance-one federal record found,0,0,0,0,
47,607,Quiet Landing,The Private World,1,Place compound,Private-world collision,1562,9.40333,quietlanding,8.0,7.5,7.7,7.8,8.2,8.1,7.9,HOLD,Quiet Landing creates a private brand world where expertise feels intimate rather than clinical.,Low creative risk,PROVISIONAL PASS,No exact or edit-distance-one federal record found,0,0,0,0,
48,610,Winter Portico,The Private World,1,Place compound,Private-world collision,1589,9.36692,winterportico,8.0,7.5,7.6,7.8,8.2,8.1,7.9,HOLD,Winter Portico creates a private brand world where expertise feels intimate rather than clinical.,Low creative risk,PROVISIONAL PASS,No exact or edit-distance-one federal record found,0,0,0,0,
49,668,Ricercar,The Cultural Mononym,1,Far-field real-word raid,"Typography, theatre, music, visual art, architecture",1827,11.52000,ricercar,8.2,8.3,8.4,9.0,8.8,8.2,8.5,ADVANCE,Ricercar imports cultural texture into skincare without describing the category.,Low creative risk,PROVISIONAL PASS,No exact or edit-distance-one federal record found,0,0,0,0,
50,670,Fascicle,The Cultural Mononym,1,Far-field real-word raid,"Book arts, couture, printmaking, stagecraft, architecture, music",1852,11.52000,fascicle,8.2,8.3,8.4,9.0,8.8,8.2,8.5,ADVANCE,Fascicle imports cultural texture into skincare without describing the category.,Low creative risk,PROVISIONAL PASS,Only dead/unknown one-edit records found,0,0,0,1,FASCYCLE (SN 74176209; RN 1724427; dead/unknown; near-1)
51,691,Saloniste,The Cultural Mononym,1,Far-field real-word raid,"Typography, theatre, music, visual art, architecture",1794,11.46444,saloniste,8.2,8.3,8.4,9.0,8.8,8.2,8.5,ADVANCE,Saloniste imports cultural texture into skincare without describing the category.,Low creative risk,PROVISIONAL PASS,Only dead/unknown one-edit records found,0,0,0,2,SALONIST (SN 85926021; RN 4728190; dead/unknown; near-1); SALON SITE (SN 76198712; dead/unknown; near-1; classes 003)
52,712,Acroterion,The Cultural Mononym,1,Far-field real-word raid,"Book arts, couture, printmaking, stagecraft, architecture, music",1981,11.30000,acroterion,8.2,8.3,8.4,9.0,7.8,8.2,8.3,ADVANCE,Acroterion imports cultural texture into skincare without describing the category.,Low creative risk,PROVISIONAL PASS,No exact or edit-distance-one federal record found,0,0,0,0,
53,717,Partimento,The Cultural Mononym,1,Far-field real-word raid,"Book arts, couture, printmaking, stagecraft, architecture, music",2044,11.28000,partimento,8.2,8.3,8.4,9.0,7.8,8.2,8.3,ADVANCE,Partimento imports cultural texture into skincare without describing the category.,Low creative risk,PROVISIONAL PASS,No exact or edit-distance-one federal record found,0,0,0,0,
54,641,Brevier,The Cultural Mononym,1,Far-field real-word raid,"Book arts, couture, printmaking, stagecraft, architecture, music",1862,12.03143,brevier,8.2,8.3,8.6,9.0,8.8,8.2,8.5,ADVANCE,Brevier imports cultural texture into skincare without describing the category.,Low creative risk,YELLOW - DEAD EXACT,Exact federal record exists but is coded dead/unknown,0,0,2,3,BREVIER (SN 77610360; dead/unknown; exact; classes 009); BREVIÉR (SN 77141926; dead/unknown; exact; classes 009); BREVER (SN 87960958; dead/unknown; near-1; classes 008)
55,640,Partita,The Cultural Mononym,1,Far-field real-word raid,"Typography, theatre, music, visual art, architecture",1826,12.03143,partita,8.2,8.3,8.6,9.0,8.8,8.2,8.5,ADVANCE,Partita imports cultural texture into skincare without describing the category.,Low creative risk,YELLOW - LIVE NEAR,One-edit live hit outside the core active-class set,0,4,2,10,PARTIYA (SN 99388692; live; near-1; classes 012); PARTIDA (SN 77095422; RN 3373671; live; near-1; classes 030); PARTICA (SN 79009540; RN 3023934; live; near-1; classes 009)
56,701,Sostenuto,The Cultural Mononym,1,Far-field real-word raid,"Book arts, couture, printmaking, stagecraft, architecture, music",2016,11.46444,sostenuto,8.2,8.3,8.4,9.0,8.8,8.2,8.5,ADVANCE,Sostenuto imports cultural texture into skincare without describing the category.,Low creative risk,YELLOW - DEAD EXACT,Exact federal record exists but is coded dead/unknown,0,0,1,1,SOSTENUTO (SN 78072639; RN 2649475; dead/unknown; exact)
57,711,Maestoso,The Cultural Mononym,1,Far-field real-word raid,"Book arts, couture, printmaking, stagecraft, architecture, music",2022,11.39000,maestoso,8.2,8.3,8.4,9.0,8.8,8.2,8.5,ADVANCE,Maestoso imports cultural texture into skincare without describing the category.,Low creative risk,YELLOW - DEAD EXACT,Exact federal record exists but is coded dead/unknown,0,0,2,2,MAESTOSO (SN 86373741; RN 5253492; dead/unknown; exact); MAESTOSO (SN 79074256; RN 3850224; dead/unknown; exact)
58,678,Bozzetto,The Cultural Mononym,1,Far-field real-word raid,"Book arts, couture, printmaking, stagecraft, architecture, music",1956,11.52000,bozzetto,8.2,8.3,8.4,9.0,8.8,8.2,8.5,ADVANCE,Bozzetto imports cultural texture into skincare without describing the category.,Low creative risk,YELLOW - LIVE NEAR,One-edit live hit outside the core active-class set,0,1,0,1,BOZETTO (SN 98490863; RN 7711135; live; near-1; classes 016)
59,714,Vernissage,The Cultural Mononym,1,Far-field real-word raid,"Typography, theatre, music, visual art, architecture",1772,11.28000,vernissage,8.2,8.3,8.4,9.0,7.8,8.2,8.3,ADVANCE,Vernissage imports cultural texture into skincare without describing the category.,Low creative risk,YELLOW - DEAD EXACT,Exact federal record exists but is coded dead/unknown,0,0,4,4,VERNISSAGE (SN 79098694; RN 4259652; dead/unknown; exact); VERNISSAGE (SN 79088395; RN 4014579; dead/unknown; exact); VERNISSAGE (SN 78436303; dead/unknown; exact; classes 041)
60,697,Minuscule,The Cultural Mononym,1,Far-field real-word raid,"Book arts, couture, printmaking, stagecraft, architecture, music",1875,11.46444,minuscule,8.2,8.3,8.4,9.0,8.8,8.2,8.5,ADVANCE,Minuscule imports cultural texture into skincare without describing the category.,Low creative risk,AMBER - LIVE EXACT,Exact live hit; active classes appear outside core set or are missing,1,0,2,4,MINUSCULE (SN 97455176; live; exact; classes 028); MINUSCULE (SN 78635995; RN 3343808; dead/unknown; exact); MINUSCULE (SN 78977220; RN 3409254; dead/unknown; exact)
61,696,Majuscule,The Cultural Mononym,1,Far-field real-word raid,"Book arts, couture, printmaking, stagecraft, architecture, music",1874,11.46444,majuscule,8.2,8.3,8.4,9.0,8.8,8.2,8.5,ADVANCE,Majuscule imports cultural texture into skincare without describing the category.,Low creative risk,AMBER - LIVE EXACT,Exact live hit; active classes appear outside core set or are missing,1,0,1,2,MAJUSCULE (SN 88235124; RN 6070369; live; exact; classes 033); MAJUSCULE (SN 73596648; RN 1444008; dead/unknown; exact)
62,690,Cartouche,The Cultural Mononym,1,Far-field real-word raid,"Typography, theatre, music, visual art, architecture",1782,11.46444,cartouche,8.2,8.3,8.4,9.0,8.8,8.2,8.5,ADVANCE,Cartouche imports cultural texture into skincare without describing the category.,Low creative risk,AMBER - LIVE EXACT,Exact live hit; active classes appear outside core set or are missing,1,1,12,18,CARTOUCHE (SN 97107235; RN 7128268; live; exact; classes 025); CARTOUCH (SN 99144674; live; near-1; classes 016); CARTOUCHE (SN 99282999; dead/unknown; exact)
63,625,Impasto,The Cultural Mononym,1,Far-field real-word raid,"Typography, theatre, music, visual art, architecture",1754,12.03143,impasto,8.2,8.3,8.6,9.0,8.8,8.2,8.5,ADVANCE,Impasto imports cultural texture into skincare without describing the category.,Low creative risk,AMBER - LIVE EXACT,Exact live hit; active classes appear outside core set or are missing,1,5,2,23,"IMPASTO (SN 87259500; RN 5351918; live; exact; classes 027); IMPACTO (SN 87430666; RN 6714966; live; near-1; classes 007,009,010,025,035,040); IMPACT-O (SN 97700108; live; near-1; classes 042)"
64,718,Ligature,The Cultural Mononym,1,Far-field real-word raid,"Typography, theatre, music, visual art, architecture",1715,11.24000,ligature,8.2,8.3,8.3,9.0,8.8,8.2,8.5,ADVANCE,Ligature imports cultural texture into skincare without describing the category.,Low creative risk,AMBER - LIVE EXACT,Exact live hit; active classes appear outside core set or are missing,1,3,1,8,LIGATURE (SN 97218545; RN 7614364; live; exact; classes 036); LIGASURE (SN 98064406; RN 7401777; live; near-1; classes 010); LIGASURE (SN 75779376; RN 2465084; live; near-1; classes 010)
65,629,Velluto,The Cultural Mononym,1,Far-field real-word raid,"Typography, theatre, music, visual art, architecture",1768,12.03143,velluto,8.2,8.3,8.6,9.0,8.8,8.2,8.5,ADVANCE,Velluto imports cultural texture into skincare without describing the category.,Low creative risk,AMBER - LIVE NEAR / RELEVANT,One-edit live hit in a relevant active class,0,4,3,7,VELLUO (SN 99778868; live; near-1; classes 005); VELLUTH (SN 99747679; live; near-1; classes 030); VELLUT (SN 97444596; RN 7191090; live; near-1; classes 008)
66,632,Vitrine,The Cultural Mononym,1,Far-field real-word raid,"Typography, theatre, music, visual art, architecture",1793,12.03143,vitrine,8.2,8.3,8.6,9.0,8.8,8.2,8.5,ADVANCE,Vitrine imports cultural texture into skincare without describing the category.,Low creative risk,AMBER - LIVE NEAR / RELEVANT,One-edit live hit in a relevant active class,0,13,1,57,"VIORINE (SN 99753872; live; near-1; classes 003); VIRINE (SN 90521080; RN 6597393; live; near-1; classes 021); CITRINE (SN 88754365; RN 6503089; live; near-1; classes 009,035,042)"
67,689,Cantabile,The Cultural Mononym,1,Far-field real-word raid,"Typography, theatre, music, visual art, architecture",1767,11.46444,cantabile,8.2,8.3,8.4,9.0,8.8,8.2,8.5,ADVANCE,Cantabile imports cultural texture into skincare without describing the category.,Low creative risk,AMBER - LIVE EXACT,Exact live hit; active classes appear outside core set or are missing,1,0,6,7,CANTABILE (SN 77263705; RN 3640397; live; exact; classes 015); CANTABILE (SN 88359280; dead/unknown; exact; classes 021); CANTABILE (SN 87042395; RN 5393941; dead/unknown; exact)
68,653,Lontano,The Cultural Mononym,1,Far-field real-word raid,"Book arts, couture, printmaking, stagecraft, architecture, music",2024,12.03143,lontano,8.2,8.3,8.6,9.0,8.8,8.2,8.5,ADVANCE,Lontano imports cultural texture into skincare without describing the category.,Low creative risk,AMBER - LIVE EXACT,Exact live hit; active classes appear outside core set or are missing,2,3,0,9,LONTANO (SN 90509291; RN 6618799; live; exact; classes 025); LONTANO (SN 88646041; RN 6225121; live; exact; classes 009); LNTANO (SN 97927204; RN 7399948; live; near-1; classes 021)
69,654,Attacca,The Cultural Mononym,1,Far-field real-word raid,"Book arts, couture, printmaking, stagecraft, architecture, music",2027,12.03143,attacca,8.2,8.3,8.6,9.0,8.8,8.2,8.5,ADVANCE,Attacca imports cultural texture into skincare without describing the category.,Low creative risk,AMBER - LIVE NEAR / RELEVANT,One-edit live hit in a relevant active class,0,2,3,7,A.T.T.A.C.A. (SN 87814822; RN 5629506; live; near-1; classes 035); ATTACOA (SN 85688376; RN 4437351; live; near-1; classes 018); ATTACCA ° (SN 87710638; RN 5885990; dead/unknown; exact)
70,638,Toccata,The Cultural Mononym,1,Far-field real-word raid,"Typography, theatre, music, visual art, architecture",1822,12.03143,toccata,8.2,8.3,8.6,9.0,8.8,8.2,8.5,ADVANCE,Toccata imports cultural texture into skincare without describing the category.,Low creative risk,AMBER - LIVE EXACT,Exact live hit; active classes appear outside core set or are missing,4,3,18,31,TOCCATA (SN 98944964; RN 7939263; live; exact; classes 041); TOCCATA (SN 79390201; RN 7636976; live; exact; classes 014); TOCCATA (SN 77636869; RN 3650760; live; exact; classes 033)
71,649,Pochade,The Cultural Mononym,1,Far-field real-word raid,"Book arts, couture, printmaking, stagecraft, architecture, music",1958,12.03143,pochade,8.2,8.3,8.6,9.0,8.8,8.2,8.5,ADVANCE,Pochade imports cultural texture into skincare without describing the category.,Low creative risk,AMBER - LIVE NEAR / RELEVANT,One-edit live hit in a relevant active class,0,2,0,5,POOCHADE (SN 99269521; live; near-1; classes 005); ROCHADE (SN 77305853; RN 3435763; live; near-1; classes 009); PECHADE (SN 90467440; RN 6567411; dead/unknown; near-1)
72,713,Pentimento,The Cultural Mononym,1,Far-field real-word raid,"Typography, theatre, music, visual art, architecture",1757,11.28000,pentimento,8.2,8.3,8.4,9.0,7.8,8.2,8.3,ADVANCE,Pentimento imports cultural texture into skincare without describing the category.,Low creative risk,AMBER - LIVE EXACT,Exact live hit; active classes appear outside core set or are missing,2,1,8,11,"PENTIMENTO (SN 88532540; RN 6022602; live; exact; classes 033); PENTIMENTO (SN 76363004; RN 2718761; live; exact; classes 016,041); PENTIMENT (SN 97453495; RN 7348064; live; near-1; classes 009,041)"
73,710,Grazioso,The Cultural Mononym,1,Far-field real-word raid,"Book arts, couture, printmaking, stagecraft, architecture, music",2021,11.39000,grazioso,8.2,8.3,8.4,9.0,8.8,8.2,8.5,ADVANCE,Grazioso imports cultural texture into skincare without describing the category.,Low creative risk,AMBER - LIVE EXACT,Exact live hit; active classes appear outside core set or are missing,1,4,4,10,GRAZIOSO (SN 88931752; RN 6226593; live; exact; classes 025); GRAZIOSI (SN 77729721; RN 3697312; live; near-1; classes 035); GRACIOSO (SN 79447930; live; near-1; classes 033)
74,732,Some Nerve,Beautiful Mischief,1,Audacity / proposition,Conversational retorts and social wit,2202,9.97444,somenerve,7.9,8.0,7.9,7.8,8.2,8.3,8.0,HOLD,Some Nerve gives the brand enough wit and nerve to challenge beauty theater without becoming cynical.,Low creative risk,PROVISIONAL PASS,No exact or edit-distance-one federal record found,0,0,0,0,
75,730,Supposedly,Beautiful Mischief,1,Audacity / proposition,Conversational retorts and social wit,2196,10.08000,supposedly,7.9,8.3,7.1,8.7,7.8,8.3,8.0,HOLD,Supposedly gives the brand enough wit and nerve to challenge beauty theater without becoming cynical.,Low creative risk,PROVISIONAL PASS,No exact or edit-distance-one federal record found,0,0,0,0,
76,733,Pleasure First,Beautiful Mischief,1,Audacity / proposition,Conversational retorts and social wit,2203,9.96692,pleasurefirst,7.9,8.0,7.1,7.8,8.2,8.3,7.9,HOLD,Pleasure First gives the brand enough wit and nerve to challenge beauty theater without becoming cynical.,Low creative risk,PROVISIONAL PASS,No exact or edit-distance-one federal record found,0,0,0,0,
77,734,Better Trouble,Beautiful Mischief,1,Audacity / proposition,Conversational retorts and social wit,2205,9.96692,bettertrouble,7.8,8.0,7.1,7.8,8.2,8.2,7.5,CUT,Better Trouble gives the brand enough wit and nerve to challenge beauty theater without becoming cynical.,Negative semantic edge,PROVISIONAL PASS,No exact or edit-distance-one federal record found,0,0,0,0,
78,735,Honest Exception,Beautiful Mischief,1,Contradictory compound,Manners colliding with rebellion,2082,9.85000,honestexception,7.9,8.0,7.8,7.8,8.2,8.3,8.0,HOLD,Honest Exception gives the brand enough wit and nerve to challenge beauty theater without becoming cynical.,Low creative risk,PROVISIONAL PASS,No exact or edit-distance-one federal record found,0,0,0,0,
79,737,Velvet Diversion,Beautiful Mischief,1,Contradictory compound,Manners colliding with rebellion,2146,9.85000,velvetdiversion,7.9,8.0,7.8,7.8,8.2,8.3,8.0,HOLD,Velvet Diversion gives the brand enough wit and nerve to challenge beauty theater without becoming cynical.,Low creative risk,PROVISIONAL PASS,No exact or edit-distance-one federal record found,0,0,0,0,
80,738,Contrarywise,Beautiful Mischief,1,Audacity / proposition,Conversational retorts and social wit,2199,9.77333,contrarywise,7.9,8.3,7.0,8.7,7.8,8.3,8.0,HOLD,Contrarywise gives the brand enough wit and nerve to challenge beauty theater without becoming cynical.,Low creative risk,PROVISIONAL PASS,No exact or edit-distance-one federal record found,0,0,0,0,
81,723,Rare Behavior,Beautiful Mischief,1,Audacity / proposition,Conversational retorts and social wit,2216,10.69000,rarebehavior,7.9,8.0,8.1,7.8,8.2,8.3,8.0,HOLD,Rare Behavior gives the brand enough wit and nerve to challenge beauty theater without becoming cynical.,Low creative risk,PROVISIONAL PASS,No exact or edit-distance-one federal record found,0,0,0,0,
82,727,Clever Fiction,Beautiful Mischief,1,Contradictory compound,Manners colliding with rebellion,2057,10.16692,cleverfiction,7.9,8.0,7.9,7.8,8.2,8.3,8.0,HOLD,Clever Fiction gives the brand enough wit and nerve to challenge beauty theater without becoming cynical.,Low creative risk,PROVISIONAL PASS,No exact or edit-distance-one federal record found,0,0,0,0,
83,742,Tender Detour,Beautiful Mischief,1,Contradictory compound,Manners colliding with rebellion,2131,9.70333,tenderdetour,7.9,8.0,7.8,7.8,8.2,8.3,8.0,HOLD,Tender Detour gives the brand enough wit and nerve to challenge beauty theater without becoming cynical.,Low creative risk,PROVISIONAL PASS,No exact or edit-distance-one federal record found,0,0,0,0,
84,785,Rare Nerve,Beautiful Mischief,1,Contradictory compound,Manners colliding with rebellion,2118,8.87444,rarenerve,7.9,8.0,7.5,7.8,8.2,8.3,7.9,HOLD,Rare Nerve gives the brand enough wit and nerve to challenge beauty theater without becoming cynical.,Low creative risk,PROVISIONAL PASS,No exact or edit-distance-one federal record found,0,0,0,0,
85,787,Polite Mischief,Beautiful Mischief,1,Contradictory compound,Manners colliding with rebellion,2103,8.86143,politemischief,7.9,8.0,6.7,7.8,8.2,8.3,7.8,HOLD,Polite Mischief gives the brand enough wit and nerve to challenge beauty theater without becoming cynical.,Low creative risk,PROVISIONAL PASS,No exact or edit-distance-one federal record found,0,0,0,0,
86,827,Afterbeat,Sensory Motion,1,Action and sensory metaphor,"Dance, gesture, sound, fluid dynamics",2270,9.96444,afterbeat,7.9,7.8,7.9,8.7,8.8,7.9,8.1,HOLD,"Afterbeat makes performance feel tactile, rhythmic, and alive before any product claim is made.",Generic real word,PROVISIONAL PASS,Only dead/unknown one-edit records found,0,0,0,2,AFTERBEAM (SN 87354526; dead/unknown; near-1; classes 003); AFTER EAT (SN 87322993; RN 5461841; dead/unknown; near-1)
87,848,Undulate,Sensory Motion,1,Action and sensory metaphor,"Dance, gesture, sound, fluid dynamics",2264,9.74000,undulate,7.9,7.8,7.8,8.7,8.8,7.9,8.1,HOLD,"Undulate makes performance feel tactile, rhythmic, and alive before any product claim is made.",Generic real word,PROVISIONAL PASS,No exact or edit-distance-one federal record found,0,0,0,0,
88,876,Inner Cadence,Sensory Motion,1,Sensory compound,Movement and temperament,2482,9.40333,innercadence,7.9,7.5,7.7,7.8,8.2,7.9,7.8,HOLD,"Inner Cadence makes performance feel tactile, rhythmic, and alive before any product claim is made.",Low creative risk,PROVISIONAL PASS,No exact or edit-distance-one federal record found,0,0,0,0,
89,880,Vivid Gesture,Sensory Motion,1,Sensory compound,Movement and temperament,2543,9.40333,vividgesture,7.9,7.5,7.7,7.8,8.2,7.9,7.8,HOLD,"Vivid Gesture makes performance feel tactile, rhythmic, and alive before any product claim is made.",Low creative risk,PROVISIONAL PASS,No exact or edit-distance-one federal record found,0,0,0,0,
90,871,Glidelet,Sensory Motion,1,Movement reconstruction,Kinetic morpheme matrix,2422,9.42000,glidelet,7.9,9.0,7.7,8.7,8.8,7.9,8.4,ADVANCE,"Glidelet makes performance feel tactile, rhythmic, and alive before any product claim is made.",Pronunciation / invented word,PROVISIONAL PASS,Only dead/unknown one-edit records found,0,0,0,2,SLIDELET (SN 77099191; RN 3554652; dead/unknown; near-1); GUIDELET (SN 75121426; dead/unknown; near-1)
91,843,Pulsekin,Sensory Motion,1,Movement reconstruction,Kinetic morpheme matrix,2343,9.77000,pulsekin,7.9,9.0,7.8,8.7,8.8,7.9,8.4,ADVANCE,"Pulsekin makes performance feel tactile, rhythmic, and alive before any product claim is made.",Pronunciation / invented word,PROVISIONAL PASS,Only dead/unknown one-edit records found,0,0,0,2,PULSE KING (SN 73133783; RN 1137585; dead/unknown; near-1); PULSE-KIT (SN 72299861; RN 0874138; dead/unknown; near-1)
92,890,True Tremor,Sensory Motion,1,Sensory compound,Movement and temperament,2538,9.33000,truetremor,7.9,7.5,7.6,7.8,8.2,7.9,7.8,HOLD,"True Tremor makes performance feel tactile, rhythmic, and alive before any product claim is made.",Low creative risk,PROVISIONAL PASS,No exact or edit-distance-one federal record found,0,0,0,0,
93,965,Layerwork,Deep Time,1,Deep-time metaphor and future reframe,"Geology, calendars, inheritance, continuity",2818,9.86444,layerwork,7.8,7.8,7.8,8.7,8.8,8.0,8.1,HOLD,Layerwork frames continued existence as accumulation and character rather than decline.,Generic real word,PROVISIONAL PASS,Only dead/unknown one-edit records found,0,0,0,2,LAYERWORKS (SN 98678163; dead/unknown; near-1; classes 009); LASERWORK (SN 74464376; RN 1924598; dead/unknown; near-1)
94,973,Yearwork,Deep Time,1,Deep-time metaphor and future reframe,"Geology, calendars, inheritance, continuity",2778,9.64000,yearwork,7.8,7.8,7.7,8.7,8.8,8.0,8.1,HOLD,Yearwork frames continued existence as accumulation and character rather than decline.,Generic real word,PROVISIONAL PASS,No exact or edit-distance-one federal record found,0,0,0,0,
95,976,Deep Calendar,Deep Time,1,Deep-time metaphor and future reframe,"Geology, calendars, inheritance, continuity",2782,9.60333,deepcalendar,7.8,7.5,7.7,7.8,8.2,8.0,7.8,HOLD,Deep Calendar frames continued existence as accumulation and character rather than decline.,Low creative risk,PROVISIONAL PASS,No exact or edit-distance-one federal record found,0,0,0,0,
96,998,Henceforward,Deep Time,1,Deep-time metaphor and future reframe,"Geology, calendars, inheritance, continuity",2804,8.70667,henceforward,7.8,7.8,7.4,8.7,7.8,8.0,7.9,HOLD,Henceforward frames continued existence as accumulation and character rather than decline.,Generic real word,PROVISIONAL PASS,No exact or edit-distance-one federal record found,0,0,0,0,
97,951,Eonmark,Deep Time,1,Deep-time metaphor and future reframe,"Geology, calendars, inheritance, continuity",2820,10.58143,eonmark,7.8,7.8,8.1,8.7,8.8,8.0,8.2,ADVANCE,Eonmark frames continued existence as accumulation and character rather than decline.,Generic real word,AMBER - LIVE NEAR / RELEVANT,One-edit live hit in a relevant active class,0,8,0,28,ESONMARK (SN 98048027; RN 7645602; live; near-1; classes 003); ONMARK (SN 97592226; RN 7244658; live; near-1; classes 005); ONMARK (SN 78535970; RN 3184619; live; near-1; classes 035)
98,426,Private Filigree,The Beautiful Object,1,Compound 1+1=3,Modern-heirloom collision,1102,8.93667,privatefiligree,8.0,7.5,7.5,7.8,8.2,8.2,7.8,HOLD,Private Filigree makes the daily routine feel like owning and using a considered object.,Low creative risk,PROVISIONAL PASS,No exact or edit-distance-one federal record found,0,0,0,0,
99,376,Wild Armature,The Beautiful Object,1,Compound 1+1=3,Modern-heirloom collision,1117,9.50333,wildarmature,8.0,7.5,7.7,7.8,8.2,8.2,7.9,HOLD,Wild Armature makes the daily routine feel like owning and using a considered object.,Low creative risk,PROVISIONAL PASS,No exact or edit-distance-one federal record found,0,0,0,0,
100,428,Fine Signet,The Beautiful Object,1,Compound 1+1=3,Modern-heirloom collision,1068,8.93000,finesignet,8.0,7.5,7.5,7.8,7.9,8.2,7.8,HOLD,Fine Signet makes the daily routine feel like owning and using a considered object.,Campaign-like,PROVISIONAL PASS,No exact or edit-distance-one federal record found,0,0,0,0,
