candidate_id,mechanism,wave,wave_number,name,score,decision,reason,live_exact_count,live_near_count,dead_or_unknown_exact_count,all_hit_count,representative_hits
0,Face / truth idiom,1,1,Face the Facts,0.0,AMBER - LIVE EXACT,Exact live hit; active classes appear outside core set or are missing,1,0,4,6,FACE THE FACTS (SN 98484185; live; exact; classes 041); FACE THE FACTS (SN 97422253; dead/unknown; exact; classes 041); FACE THE FACTS (SN 77589356; dead/unknown; exact; classes 028)
1,Body / scientific proof idiom,1,2,Body of Evidence,0.0,AMBER - LIVE EXACT,Exact live hit; active classes appear outside core set or are missing,2,0,2,4,"BODY OF EVIDENCE (SN 98738599; live; exact; classes 009); BODY OF EVIDENCE (SN 98738600; live; exact; classes 041); BODY OF EVIDENCE (SN 78880193; dead/unknown; exact; classes 009,038)"
2,Unretouched skin / evidence construction,1,3,Bare Proof,0.0,PROVISIONAL PASS,Only dead/unknown one-edit records found,0,0,0,6,CAREPROOF (SN 88710596; dead/unknown; near-1; classes 001); BAR PROOF (SN 86750892; RN 5210074; dead/unknown; near-1); BAR PROOF (SN 86750915; RN 5210075; dead/unknown; near-1)
3,Age confidence / future idiom,1,4,Future Tense,0.0,AMBER - LIVE NEAR / RELEVANT,One-edit live hit in a relevant active class,0,2,3,6,FUTURESENSE (SN 76620990; RN 3110917; live; near-1; classes 035); FUTURESENSE (SN 79388527; RN 7525898; live; near-1; classes 009); FUTURETENSE (SN 76066769; RN 2753563; dead/unknown; exact)
4,Candor / attitude idiom,1,5,Point Blank,0.0,AMBER - LIVE EXACT,Exact live hit; active classes appear outside core set or are missing,8,2,27,46,"POINT BLANK (SN 98791973; live; exact; classes 033); POINT BLANK (SN 98271753; live; exact; classes 041); POINT BLANK (SN 98081215; live; exact; classes 009,016,018,041)"
5,Beauty standards / scientific standards,1,6,Double Standard,0.0,AMBER - LIVE EXACT,Exact live hit; active classes appear outside core set or are missing,5,0,2,9,"DOUBLE STANDARD (SN 99164537; RN 8218592; live; exact; classes 009,041); DOUBLE STANDARD (SN 98685392; RN 7791968; live; exact; classes 025); DOUBLE STANDARD (SN 98685397; live; exact; classes 025)"
6,Transparency idiom / controlled mutation,1,7,In Plain Skin,0.0,PROVISIONAL PASS,No exact or edit-distance-one federal record found,0,0,0,0,
7,Evidence / visible result idiom,1,8,Proof Positive,0.0,AMBER - LIVE EXACT,Exact live hit; active classes appear outside core set or are missing,3,0,22,26,"PROOF POSITIVE (SN 88025744; RN 5680389; live; exact; classes 009); PROOF-POSITIVE (SN 87027919; RN 5104647; live; exact; classes 013); PROOF POSITIVE (SN 85318822; RN 4074071; live; exact; classes 009,045)"
8,Direct evidence / touch,1,9,Firsthand,0.0,RED - LIVE EXACT / RELEVANT,Exact live hit in a relevant active class,7,2,24,41,FIRSTHAND (SN 98140270; RN 7591482; live; exact; classes 035); FIRSTHAND (SN 97125728; RN 7076792; live; exact; classes 044); FIRSTHAND (SN 88528407; RN 5977103; live; exact; classes 003)
9,Skin / evidence construction,1,10,Skin Witness,0.0,AMBER - LIVE NEAR / RELEVANT,One-edit live hit in a relevant active class,0,1,0,5,SKINFITNESS (SN 97080031; RN 7264368; live; near-1; classes 044); SKIN FITNESS (SN 87799347; dead/unknown; near-1; classes 003); SKINFITNESS (SN 85463686; dead/unknown; near-1; classes 044)
10,Evidence / precision idiom,1,11,Case in Point,0.0,AMBER - LIVE EXACT,Exact live hit; active classes appear outside core set or are missing,2,0,9,14,CASE IN POINT (SN 99240292; live; exact; classes 041); CASE IN POINT (SN 87513110; RN 5386070; live; exact; classes 041); CASE IN POINT (SN 98795323; dead/unknown; exact; classes 033)
11,Peak condition / biological material,1,12,Prime Matter,0.0,RED - LIVE EXACT / RELEVANT,Exact live hit in a relevant active class,2,0,1,4,"PRIME MATTER (SN 88982376; RN 6480127; live; exact; classes 003,005,039,040,042); PRIME MATTER (SN 90067340; RN 6423466; live; exact; classes 009,016,028,041); PRIME MATTER (SN 88962638; dead/unknown; exact; classes 009)"
