name,mechanism
Face the Facts,Face / truth idiom
Body of Evidence,Body / scientific proof idiom
Bare Proof,Unretouched skin / evidence construction
Future Tense,Age confidence / future idiom
Point Blank,Candor / attitude idiom
Double Standard,Beauty standards / scientific standards
In Plain Skin,Transparency idiom / controlled mutation
Proof Positive,Evidence / visible result idiom
Firsthand,Direct evidence / touch
Skin Witness,Skin / evidence construction
Case in Point,Evidence / precision idiom
Prime Matter,Peak condition / biological material
