candidate_id,hit_type,distance,serial_no,registration_no,mark_id_char,filing_dt,status_cd,mark_norm,status_description,live_dead_indicator,is_live,active_classes,has_relevant_class
0,NEAR_1_SUBSTITUTION,1,99800926,,+SERUM,2026-05-02,630,serum,NEW APPLICATION - RECORD INITIALIZED NOT ASSIGNED TO EXAMINER,Live/Pending,True,003,True
0,NEAR_1_SUBSTITUTION,1,99699407,,SERYN,2026-03-12,630,seryn,NEW APPLICATION - RECORD INITIALIZED NOT ASSIGNED TO EXAMINER,Live/Pending,True,"009,042",False
0,NEAR_1_SUBSTITUTION,1,98732103,7644612,SEUYM,2024-09-04,700,seuym,REGISTERED,Live/Registered,True,021,True
0,NEAR_1_SUBSTITUTION,1,98374221,7579172,SERYO,2024-01-24,700,seryo,REGISTERED,Live/Registered,True,004,False
0,NEAR_1_SUBSTITUTION,1,97840267,,SERUM,2023-03-15,654,serum,REPORT COMPLETED SUSPENSION CHECK - CASE STILL SUSPENDED,Live/Pending,True,032,False
0,NEAR_1_SUBSTITUTION,1,90877223,6886084,SER YO,2021-08-11,700,seryo,REGISTERED,Live/Registered,True,033,False
0,NEAR_1_DELETION,1,90123849,7287628,SERY,2020-08-19,700,sery,REGISTERED,Live/Registered,True,008,False
0,NEAR_1_DELETION,1,90123892,7287629,SERY,2020-08-19,700,sery,REGISTERED,Live/Registered,True,"005,008,011,021,026",True
0,NEAR_1_DELETION,1,87523337,5406277,SERM,2017-07-11,702,serm,SECTION 8 & 15-ACCEPTED AND ACKNOWLEDGED,Live/Registered,True,036,False
0,NEAR_1_DELETION,1,79108850,4208420,SERM,2011-12-06,706,serm,SECTION 71 ACCEPTED,Live/Registered,True,001,False
0,NEAR_1_SUBSTITUTION,1,85127542,4058513,ZERYM,2010-09-11,800,zerym,REGISTERED AND RENEWED,Live/Registered,True,005,True
0,NEAR_1_SUBSTITUTION,1,78541327,3122815,SEREM,2005-01-03,800,serem,REGISTERED AND RENEWED,Live/Registered,True,"016,041,044",True
0,NEAR_1_SUBSTITUTION,1,78274783,2879450,SERIM,2003-07-16,800,serim,REGISTERED AND RENEWED,Live/Registered,True,"005,040",True
0,NEAR_1_SUBSTITUTION,1,78274290,2910647,SERIM,2003-07-15,800,serim,REGISTERED AND RENEWED,Live/Registered,True,"005,040",True
0,NEAR_1_SUBSTITUTION,1,76350900,2717145,SERAM,2001-12-20,800,seram,REGISTERED AND RENEWED,Live/Registered,True,026,False
0,NEAR_1_SUBSTITUTION,1,79396734,,SERYT,2024-05-02,602,seryt,ABANDONED-FAILURE TO RESPOND OR LATE RESPONSE,Dead/Abandoned,False,028,False
0,NEAR_1_SUBSTITUTION,1,90621087,,SERUM,2021-04-02,602,serum,ABANDONED-FAILURE TO RESPOND OR LATE RESPONSE,Dead/Abandoned,False,044,True
0,NEAR_1_SUBSTITUTION,1,90561230,,SERYS,2021-03-04,602,serys,ABANDONED-FAILURE TO RESPOND OR LATE RESPONSE,Dead/Abandoned,False,009,False
0,NEAR_1_SUBSTITUTION,1,88642835,,SERUM,2019-10-04,602,serum,ABANDONED-FAILURE TO RESPOND OR LATE RESPONSE,Dead/Abandoned,False,005,True
0,NEAR_1_SUBSTITUTION,1,88451769,,SELYM,2019-05-29,606,selym,ABANDONED - NO STATEMENT OF USE FILED,Dead/Abandoned,False,041,False
0,NEAR_1_SUBSTITUTION,1,88023824,5854628,SERYU,2018-07-02,710,seryu,CANCELLED - SECTION 8,Dead/Cancelled,False,,False
0,NEAR_1_SUBSTITUTION,1,87844847,5600678,SERYO,2018-03-22,710,seryo,CANCELLED - SECTION 8,Dead/Cancelled,False,,False
0,NEAR_1_SUBSTITUTION,1,87630410,5464372,SERUM,2017-10-02,710,serum,CANCELLED - SECTION 8,Dead/Cancelled,False,,False
0,NEAR_1_SUBSTITUTION,1,86947457,,SERUM,2016-03-21,606,serum,ABANDONED - NO STATEMENT OF USE FILED,Dead/Abandoned,False,034,False
0,NEAR_1_SUBSTITUTION,1,85428252,,SERUM,2011-09-21,602,serum,ABANDONED-FAILURE TO RESPOND OR LATE RESPONSE,Dead/Abandoned,False,033,False
0,NEAR_1_SUBSTITUTION,1,85062150,3913710,SERUM,2010-06-14,710,serum,CANCELLED - SECTION 8,Dead/Cancelled,False,,False
0,NEAR_1_SUBSTITUTION,1,77761294,,SERUM,2009-06-16,606,serum,ABANDONED - NO STATEMENT OF USE FILED,Dead/Abandoned,False,009,False
0,NEAR_1_SUBSTITUTION,1,77721106,3718112,SERUM,2009-04-23,710,serum,CANCELLED - SECTION 8,Dead/Cancelled,False,,False
0,NEAR_1_DELETION,1,79067047,,SERY,2009-03-03,402,sery,IR CANCELLED; US APPLICATION ABANDONED,Dead/Abandoned,False,,False
0,NEAR_1_SUBSTITUTION,1,77180474,,SERYE,2007-05-14,606,serye,ABANDONED - NO STATEMENT OF USE FILED,Dead/Abandoned,False,043,False
0,NEAR_1_SUBSTITUTION,1,78879179,,SERYE,2006-05-08,607,serye,ABANDONED - DEFECTIVE STATEMENT OF USE,Dead/Abandoned,False,025,False
0,NEAR_1_SUBSTITUTION,1,78207950,,SERYX,2003-01-28,606,seryx,ABANDONED - NO STATEMENT OF USE FILED,Dead/Abandoned,False,044,True
0,NEAR_1_SUBSTITUTION,1,76396946,2805543,SERUM,2002-04-16,710,serum,CANCELLED - SECTION 8,Dead/Cancelled,False,,False
0,NEAR_1_SUBSTITUTION,1,76046837,,SERUM,2000-05-12,602,serum,ABANDONED-FAILURE TO RESPOND OR LATE RESPONSE,Dead/Abandoned,False,041,False
0,NEAR_1_SUBSTITUTION,1,75414009,2302718,SERUM,1998-01-05,710,serum,CANCELLED - SECTION 8,Dead/Cancelled,False,,False
0,NEAR_1_SUBSTITUTION,1,74187552,,SERIM,1991-07-22,602,serim,ABANDONED-FAILURE TO RESPOND OR LATE RESPONSE,Dead/Abandoned,False,,False
0,NEAR_1_SUBSTITUTION,1,74187553,,SERIM,1991-07-22,602,serim,ABANDONED-FAILURE TO RESPOND OR LATE RESPONSE,Dead/Abandoned,False,,False
0,NEAR_1_SUBSTITUTION,1,73566945,1414250,SEREM,1985-11-04,710,serem,CANCELLED - SECTION 8,Dead/Cancelled,False,,False
0,NEAR_1_SUBSTITUTION,1,73539762,1402935,SEREM,1985-05-28,710,serem,CANCELLED - SECTION 8,Dead/Cancelled,False,,False
0,NEAR_1_SUBSTITUTION,1,73375291,,SEREM,1982-07-19,602,serem,ABANDONED-FAILURE TO RESPOND OR LATE RESPONSE,Dead/Abandoned,False,,False
1,NEAR_1_SUBSTITUTION,1,99644231,,E-SSENCE,2026-02-10,641,essence,NON-FINAL ACTION - MAILED,Live/Pending,True,"003,005",True
1,NEAR_1_SUBSTITUTION,1,98544170,,ESSENCE,2024-05-10,731,essence,SECOND EXTENSION - GRANTED,Live/Pending,True,011,False
1,NEAR_1_SUBSTITUTION,1,98463491,,ESSENCE,2024-03-22,688,essence,NOTICE OF ALLOWANCE - ISSUED,Live/Pending,True,"016,041",False
1,NEAR_1_SUBSTITUTION,1,98314240,7552191,ESSENCE,2023-12-14,700,essence,REGISTERED,Live/Registered,True,042,False
1,NEAR_1_SUBSTITUTION,1,98260282,7360645,ESSENCE,2023-11-08,700,essence,REGISTERED,Live/Registered,True,"009,042",False
1,NEAR_1_SUBSTITUTION,1,98007049,7560791,ESSENCE,2023-05-22,700,essence,REGISTERED,Live/Registered,True,012,False
1,NEAR_1_SUBSTITUTION,1,79361237,7477053,ESSENCE,2022-08-09,700,essence,REGISTERED,Live/Registered,True,"009,035,041,042",True
1,NEAR_1_SUBSTITUTION,1,79361238,7477054,ESSENCE,2022-08-09,700,essence,REGISTERED,Live/Registered,True,"009,035,041,042",True
1,NEAR_1_SUBSTITUTION,1,97512010,,ESSENCE,2022-07-20,654,essence,REPORT COMPLETED SUSPENSION CHECK - CASE STILL SUSPENDED,Live/Pending,True,028,False
1,NEAR_1_SUBSTITUTION,1,90647821,7013298,ESSENCE,2021-04-15,700,essence,REGISTERED,Live/Registered,True,021,True
1,NEAR_1_SUBSTITUTION,1,79315488,7592233,ESSENCE,2020-12-21,700,essence,REGISTERED,Live/Registered,True,035,True
1,NEAR_1_SUBSTITUTION,1,79975732,7404357,ESSENCE,2020-12-21,700,essence,REGISTERED,Live/Registered,True,"005,009,010,028,029,030,032,041",True
1,NEAR_1_SUBSTITUTION,1,79294038,6443559,ESSENCE,2020-08-07,700,essence,REGISTERED,Live/Registered,True,"031,044",True
1,NEAR_1_SUBSTITUTION,1,90021369,6457359,ESSENCE,2020-06-25,700,essence,REGISTERED,Live/Registered,True,"032,033",False
1,NEAR_1_SUBSTITUTION,1,88762439,7245321,ESSENCE,2020-01-16,700,essence,REGISTERED,Live/Registered,True,"009,041",False
1,NEAR_1_SUBSTITUTION,1,79287650,8026368,ESSENCE,2019-11-13,700,essence,REGISTERED,Live/Registered,True,"003,008,021",True
1,NEAR_1_SUBSTITUTION,1,88673608,6008065,ESSANCE,2019-10-30,701,essance,SECTION 8-ACCEPTED,Live/Registered,True,003,True
1,NEAR_1_SUBSTITUTION,1,88287143,6091924,ESSENCE,2019-02-03,700,essence,REGISTERED,Live/Registered,True,007,False
1,NEAR_1_SUBSTITUTION,1,88127318,7249537,ESSENCE,2018-09-21,700,essence,REGISTERED,Live/Registered,True,015,False
1,NEAR_1_SUBSTITUTION,1,87845091,5673062,ESSENCE,2018-03-22,702,essence,SECTION 8 & 15-ACCEPTED AND ACKNOWLEDGED,Live/Registered,True,003,True
1,NEAR_1_SUBSTITUTION,1,87489761,5446368,ESSENCE,2017-06-14,702,essence,SECTION 8 & 15-ACCEPTED AND ACKNOWLEDGED,Live/Registered,True,019,False
1,NEAR_1_SUBSTITUTION,1,87232409,5394115,ESSENCE,2016-11-10,702,essence,SECTION 8 & 15-ACCEPTED AND ACKNOWLEDGED,Live/Registered,True,040,False
1,NEAR_1_SUBSTITUTION,1,87222126,5644050,ESSENCE,2016-11-01,702,essence,SECTION 8 & 15-ACCEPTED AND ACKNOWLEDGED,Live/Registered,True,"009,016",False
1,NEAR_1_SUBSTITUTION,1,86889832,5062614,ESSENCE,2016-01-28,800,essence,REGISTERED AND RENEWED,Live/Registered,True,031,False
1,NEAR_1_SUBSTITUTION,1,79158099,6358121,ESSENCE,2014-05-29,700,essence,REGISTERED,Live/Registered,True,"016,018,035",True
1,NEAR_1_SUBSTITUTION,1,79975389,5521882,ESSENCE,2014-05-29,706,essence,SECTION 71 ACCEPTED,Live/Registered,True,003,True
1,NEAR_1_SUBSTITUTION,1,79975420,5700041,ESSENCE,2014-05-29,707,essence,PARTIAL SECTION 71 ACCEPTED,Live/Registered,True,"008,021",True
1,NEAR_1_SUBSTITUTION,1,86256201,5059925,ESSENCE,2014-04-18,702,essence,SECTION 8 & 15-ACCEPTED AND ACKNOWLEDGED,Live/Registered,True,009,False
1,NEAR_1_SUBSTITUTION,1,85963805,4470694,ESSENCE,2013-06-19,800,essence,REGISTERED AND RENEWED,Live/Registered,True,041,False
1,NEAR_1_SUBSTITUTION,1,85866270,4569204,ESSENCE,2013-03-04,800,essence,REGISTERED AND RENEWED,Live/Registered,True,011,False
1,NEAR_1_SUBSTITUTION,1,85455740,4388756,ESSENCE,2011-10-25,800,essence,REGISTERED AND RENEWED,Live/Registered,True,011,False
1,NEAR_1_SUBSTITUTION,1,85408216,4258666,ESSENCE,2011-08-26,800,essence,REGISTERED AND RENEWED,Live/Registered,True,009,False
1,NEAR_1_SUBSTITUTION,1,85030882,3992074,ESSENCE,2010-05-05,800,essence,REGISTERED AND RENEWED,Live/Registered,True,014,False
1,NEAR_1_SUBSTITUTION,1,77933776,3952085,ESSENCE,2010-02-11,800,essence,REGISTERED AND RENEWED,Live/Registered,True,009,False
1,NEAR_1_SUBSTITUTION,1,77531399,3583194,ESSENCE,2008-07-25,800,essence,REGISTERED AND RENEWED,Live/Registered,True,041,False
1,NEAR_1_SUBSTITUTION,1,77522961,3693789,ESSENCE,2008-07-15,800,essence,REGISTERED AND RENEWED,Live/Registered,True,010,True
1,NEAR_1_SUBSTITUTION,1,77204677,3381059,ESSENCE,2007-06-13,800,essence,REGISTERED AND RENEWED,Live/Registered,True,044,True
1,NEAR_1_SUBSTITUTION,1,78418076,3001337,ESSENCE,2004-05-13,800,essence,REGISTERED AND RENEWED,Live/Registered,True,029,False
1,NEAR_1_SUBSTITUTION,1,76481618,2889869,ESSENCE,2003-01-10,800,essence,REGISTERED AND RENEWED,Live/Registered,True,021,True
1,NEAR_1_SUBSTITUTION,1,73782161,1594963,ESSENCE,1989-02-21,800,essence,REGISTERED AND RENEWED,Live/Registered,True,009,False
1,NEAR_1_SUBSTITUTION,1,73201661,1131774,ESSENCE,1979-01-29,800,essence,REGISTERED AND RENEWED,Live/Registered,True,016,False
1,NEAR_1_DELETION,1,79423173,,ESSNCE,2025-01-23,602,essnce,ABANDONED-FAILURE TO RESPOND OR LATE RESPONSE,Dead/Abandoned,False,003,True
1,NEAR_1_SUBSTITUTION,1,98422096,,ESSENCE,2024-02-26,602,essence,ABANDONED-FAILURE TO RESPOND OR LATE RESPONSE,Dead/Abandoned,False,025,False
1,NEAR_1_SUBSTITUTION,1,98016864,,ESSENCE,2023-05-27,606,essence,ABANDONED - NO STATEMENT OF USE FILED,Dead/Abandoned,False,007,False
1,NEAR_1_SUBSTITUTION,1,97794670,,ESSENCE,2023-02-14,606,essence,ABANDONED - NO STATEMENT OF USE FILED,Dead/Abandoned,False,"001,005",True
1,NEAR_1_SUBSTITUTION,1,97774660,,ESSENCE,2023-01-31,602,essence,ABANDONED-FAILURE TO RESPOND OR LATE RESPONSE,Dead/Abandoned,False,009,False
1,NEAR_1_SUBSTITUTION,1,97072945,,ESSENCE,2021-10-13,602,essence,ABANDONED-FAILURE TO RESPOND OR LATE RESPONSE,Dead/Abandoned,False,037,False
1,NEAR_1_SUBSTITUTION,1,90879381,,ESSENCE,2021-08-12,606,essence,ABANDONED - NO STATEMENT OF USE FILED,Dead/Abandoned,False,010,True
1,NEAR_1_SUBSTITUTION,1,90504132,,ESSENCE,2021-02-02,602,essence,ABANDONED-FAILURE TO RESPOND OR LATE RESPONSE,Dead/Abandoned,False,029,False
1,NEAR_1_SUBSTITUTION,1,90257260,,ESSENCE,2020-10-15,602,essence,ABANDONED-FAILURE TO RESPOND OR LATE RESPONSE,Dead/Abandoned,False,011,False
1,NEAR_1_SUBSTITUTION,1,90147384,,ESSENCE,2020-08-30,602,essence,ABANDONED-FAILURE TO RESPOND OR LATE RESPONSE,Dead/Abandoned,False,003,True
1,NEAR_1_SUBSTITUTION,1,88391678,,ESSENCE,2019-04-18,602,essence,ABANDONED-FAILURE TO RESPOND OR LATE RESPONSE,Dead/Abandoned,False,003,True
1,NEAR_1_SUBSTITUTION,1,79261777,,ESSENCE,2019-03-25,603,essence,ABANDONED - AFTER EX PARTE APPEAL,Dead/Abandoned,False,011,False
1,NEAR_1_SUBSTITUTION,1,87730245,,ESSENCE,2017-12-21,602,essence,ABANDONED-FAILURE TO RESPOND OR LATE RESPONSE,Dead/Abandoned,False,042,False
1,NEAR_1_SUBSTITUTION,1,87686171,,ESSENCE,2017-11-15,602,essence,ABANDONED-FAILURE TO RESPOND OR LATE RESPONSE,Dead/Abandoned,False,027,False
1,NEAR_1_SUBSTITUTION,1,87666772,,ESSENCE,2017-10-31,606,essence,ABANDONED - NO STATEMENT OF USE FILED,Dead/Abandoned,False,"009,041",False
1,NEAR_1_SUBSTITUTION,1,87609337,,ESSENCE,2017-09-15,606,essence,ABANDONED - NO STATEMENT OF USE FILED,Dead/Abandoned,False,"029,030",False
1,NEAR_1_SUBSTITUTION,1,87453613,,ESSENCE,2017-05-17,602,essence,ABANDONED-FAILURE TO RESPOND OR LATE RESPONSE,Dead/Abandoned,False,011,False
1,NEAR_1_SUBSTITUTION,1,87353629,,ESSENCE,2017-03-01,606,essence,ABANDONED - NO STATEMENT OF USE FILED,Dead/Abandoned,False,"006,017,022",False
1,NEAR_1_SUBSTITUTION,1,87210092,,ESSENCE,2016-10-20,602,essence,ABANDONED-FAILURE TO RESPOND OR LATE RESPONSE,Dead/Abandoned,False,010,True
1,NEAR_1_SUBSTITUTION,1,87000137,,ESSENCE,2016-04-14,602,essence,ABANDONED-FAILURE TO RESPOND OR LATE RESPONSE,Dead/Abandoned,False,021,True
1,NEAR_1_SUBSTITUTION,1,86880714,,ESSENCE,2016-01-20,602,essence,ABANDONED-FAILURE TO RESPOND OR LATE RESPONSE,Dead/Abandoned,False,012,False
1,NEAR_1_SUBSTITUTION,1,86881446,,ESSENCE,2016-01-20,602,essence,ABANDONED-FAILURE TO RESPOND OR LATE RESPONSE,Dead/Abandoned,False,035,True
1,NEAR_1_SUBSTITUTION,1,86847636,5007689,ESSENCE,2015-12-14,710,essence,CANCELLED - SECTION 8,Dead/Cancelled,False,,False
1,NEAR_1_SUBSTITUTION,1,86836698,,ESSENCE,2015-12-02,602,essence,ABANDONED-FAILURE TO RESPOND OR LATE RESPONSE,Dead/Abandoned,False,001,False
1,NEAR_1_SUBSTITUTION,1,86832523,,ESSENCE,2015-11-25,602,essence,ABANDONED-FAILURE TO RESPOND OR LATE RESPONSE,Dead/Abandoned,False,035,True
1,NEAR_1_SUBSTITUTION,1,86592579,,ESSENCE,2015-04-09,602,essence,ABANDONED-FAILURE TO RESPOND OR LATE RESPONSE,Dead/Abandoned,False,021,True
1,NEAR_1_SUBSTITUTION,1,86591307,4855185,ESSENCE,2015-04-08,710,essence,CANCELLED - SECTION 8,Dead/Cancelled,False,,False
1,NEAR_1_SUBSTITUTION,1,86585809,,ESSENCE,2015-04-02,602,essence,ABANDONED-FAILURE TO RESPOND OR LATE RESPONSE,Dead/Abandoned,False,"008,021",True
1,NEAR_1_SUBSTITUTION,1,79168657,4868941,ESSENCE,2014-10-16,709,essence,CANCELLED SECTION 71,Dead/Cancelled,False,,False
1,NEAR_1_SUBSTITUTION,1,86404810,,ESSENCE,2014-09-24,602,essence,ABANDONED-FAILURE TO RESPOND OR LATE RESPONSE,Dead/Abandoned,False,030,False
1,NEAR_1_SUBSTITUTION,1,86366326,,ESSENCE,2014-08-14,602,essence,ABANDONED-FAILURE TO RESPOND OR LATE RESPONSE,Dead/Abandoned,False,005,True
1,NEAR_1_SUBSTITUTION,1,86222611,4846849,ESSENCE,2014-03-16,710,essence,CANCELLED - SECTION 8,Dead/Cancelled,False,,False
1,NEAR_1_SUBSTITUTION,1,86178603,,ESSENCE,2014-01-29,602,essence,ABANDONED-FAILURE TO RESPOND OR LATE RESPONSE,Dead/Abandoned,False,020,False
1,NEAR_1_SUBSTITUTION,1,85823593,,ESSENCE,2013-01-15,601,essence,ABANDONED - EXPRESS,Dead/Abandoned,False,014,False
1,NEAR_1_SUBSTITUTION,1,85717010,,ESSENCE,2012-08-30,602,essence,ABANDONED-FAILURE TO RESPOND OR LATE RESPONSE,Dead/Abandoned,False,021,True
1,NEAR_1_SUBSTITUTION,1,85563871,,ESSENCE,2012-03-08,602,essence,ABANDONED-FAILURE TO RESPOND OR LATE RESPONSE,Dead/Abandoned,False,"025,035",True
1,NEAR_1_SUBSTITUTION,1,85484482,,ESSENCE,2011-12-01,602,essence,ABANDONED-FAILURE TO RESPOND OR LATE RESPONSE,Dead/Abandoned,False,009,False
1,NEAR_1_SUBSTITUTION,1,85465789,,ESSENCE,2011-11-07,606,essence,ABANDONED - NO STATEMENT OF USE FILED,Dead/Abandoned,False,016,False
1,NEAR_1_SUBSTITUTION,1,85369789,,ESSENCE,2011-07-13,602,essence,ABANDONED-FAILURE TO RESPOND OR LATE RESPONSE,Dead/Abandoned,False,009,False
1,NEAR_1_SUBSTITUTION,1,85331498,4165732,ESSENCE,2011-05-26,710,essence,CANCELLED - SECTION 8,Dead/Cancelled,False,,False
1,NEAR_1_SUBSTITUTION,1,85215982,4294140,ESSENCE,2011-01-12,710,essence,CANCELLED - SECTION 8,Dead/Cancelled,False,,False
1,NEAR_1_SUBSTITUTION,1,85064272,3919387,ESSENCE,2010-06-16,710,essence,CANCELLED - SECTION 8,Dead/Cancelled,False,,False
1,NEAR_1_SUBSTITUTION,1,85053841,4372854,ESSENCE,2010-06-03,710,essence,CANCELLED - SECTION 8,Dead/Cancelled,False,,False
1,NEAR_1_SUBSTITUTION,1,77938365,3879011,ESSANCE,2010-02-18,710,essance,CANCELLED - SECTION 8,Dead/Cancelled,False,,False
1,NEAR_1_SUBSTITUTION,1,77811004,3771118,ESSINCE,2009-08-24,710,essince,CANCELLED - SECTION 8,Dead/Cancelled,False,,False
1,NEAR_1_SUBSTITUTION,1,77693866,3877583,ESSENCE,2009-03-18,710,essence,CANCELLED - SECTION 8,Dead/Cancelled,False,,False
1,NEAR_1_SUBSTITUTION,1,77516165,3764266,ESSENCE,2008-07-07,710,essence,CANCELLED - SECTION 8,Dead/Cancelled,False,,False
1,NEAR_1_SUBSTITUTION,1,77452216,3546394,ESSENCE,2008-04-18,710,essence,CANCELLED - SECTION 8,Dead/Cancelled,False,,False
1,NEAR_1_SUBSTITUTION,1,76687595,,ESSENCE,2008-03-10,602,essence,ABANDONED-FAILURE TO RESPOND OR LATE RESPONSE,Dead/Abandoned,False,014,False
1,NEAR_1_SUBSTITUTION,1,77299080,3481968,ESSENCE,2007-10-09,710,essence,CANCELLED - SECTION 8,Dead/Cancelled,False,,False
1,NEAR_1_SUBSTITUTION,1,77276838,3519154,ESSENCE,2007-09-11,710,essence,CANCELLED - SECTION 8,Dead/Cancelled,False,,False
1,NEAR_1_SUBSTITUTION,1,77268083,3455131,ESSENCE,2007-08-30,710,essence,CANCELLED - SECTION 8,Dead/Cancelled,False,,False
1,NEAR_1_SUBSTITUTION,1,77204674,3375805,ESSENCE,2007-06-13,710,essence,CANCELLED - SECTION 8,Dead/Cancelled,False,,False
1,NEAR_1_SUBSTITUTION,1,77196541,3465733,ESSENCE,2007-06-04,710,essence,CANCELLED - SECTION 8,Dead/Cancelled,False,,False
1,NEAR_1_SUBSTITUTION,1,77150011,3693048,ESSENCE,2007-04-05,710,essence,CANCELLED - SECTION 8,Dead/Cancelled,False,,False
1,NEAR_1_SUBSTITUTION,1,77075723,,ESSENCE,2007-01-04,603,essence,ABANDONED - AFTER EX PARTE APPEAL,Dead/Abandoned,False,021,True
1,NEAR_1_SUBSTITUTION,1,77054898,,ESSENCE,2006-12-01,602,essence,ABANDONED-FAILURE TO RESPOND OR LATE RESPONSE,Dead/Abandoned,False,009,False
1,NEAR_1_SUBSTITUTION,1,78933605,3490589,ESSENCE,2006-07-20,710,essence,CANCELLED - SECTION 8,Dead/Cancelled,False,,False
1,NEAR_1_SUBSTITUTION,1,78928907,3260719,ESSENCE,2006-07-13,710,essence,CANCELLED - SECTION 8,Dead/Cancelled,False,,False
1,NEAR_1_SUBSTITUTION,1,78878954,,ESSENCE,2006-05-08,602,essence,ABANDONED-FAILURE TO RESPOND OR LATE RESPONSE,Dead/Abandoned,False,033,False
1,NEAR_1_SUBSTITUTION,1,78793204,3174146,ESSENCE,2006-01-17,710,essence,CANCELLED - SECTION 8,Dead/Cancelled,False,,False
1,NEAR_1_SUBSTITUTION,1,78771722,,ESSENCE,2005-12-12,606,essence,ABANDONED - NO STATEMENT OF USE FILED,Dead/Abandoned,False,003,True
1,NEAR_1_SUBSTITUTION,1,78570511,,ESSENCE,2005-02-18,602,essence,ABANDONED-FAILURE TO RESPOND OR LATE RESPONSE,Dead/Abandoned,False,"007,011",False
1,NEAR_1_SUBSTITUTION,1,78515197,,ESSENCE,2004-11-11,606,essence,ABANDONED - NO STATEMENT OF USE FILED,Dead/Abandoned,False,025,False
1,NEAR_1_SUBSTITUTION,1,79015416,3162868,ESSENCE,2004-07-13,404,essence,IR CANCELLED; US REGISTRATION CANCELLED,Dead/Cancelled,False,,False
1,NEAR_1_SUBSTITUTION,1,78418197,,ESSENCE,2004-05-13,602,essence,ABANDONED-FAILURE TO RESPOND OR LATE RESPONSE,Dead/Abandoned,False,014,False
1,NEAR_1_SUBSTITUTION,1,78366914,,ESSENCE,2004-02-12,606,essence,ABANDONED - NO STATEMENT OF USE FILED,Dead/Abandoned,False,020,False
1,NEAR_1_SUBSTITUTION,1,78306056,,ESSENCE,2003-09-26,602,essence,ABANDONED-FAILURE TO RESPOND OR LATE RESPONSE,Dead/Abandoned,False,009,False
1,NEAR_1_SUBSTITUTION,1,76513438,,ESSENCE,2003-05-09,602,essence,ABANDONED-FAILURE TO RESPOND OR LATE RESPONSE,Dead/Abandoned,False,003,True
1,NEAR_1_SUBSTITUTION,1,78229134,2840254,ESSENCE,2003-03-24,710,essence,CANCELLED - SECTION 8,Dead/Cancelled,False,,False
1,NEAR_1_SUBSTITUTION,1,76463574,,ESSENCE,2002-11-01,605,essence,ABANDONED EXPRESS AFTER PUB,Dead/Abandoned,False,,False
1,NEAR_1_SUBSTITUTION,1,76421127,,ESSENCE,2002-06-12,602,essence,ABANDONED-FAILURE TO RESPOND OR LATE RESPONSE,Dead/Abandoned,False,025,False
1,NEAR_1_SUBSTITUTION,1,76213531,,ESSENCE,2001-02-20,602,essence,ABANDONED-FAILURE TO RESPOND OR LATE RESPONSE,Dead/Abandoned,False,006,False
1,NEAR_1_SUBSTITUTION,1,75849903,2561014,ESSENCE,1999-11-17,710,essence,CANCELLED - SECTION 8,Dead/Cancelled,False,,False
1,NEAR_1_SUBSTITUTION,1,75755866,2523973,ESSENCE,1999-07-20,710,essence,CANCELLED - SECTION 8,Dead/Cancelled,False,,False
1,NEAR_1_SUBSTITUTION,1,75756417,2523974,ESSENCE,1999-07-19,710,essence,CANCELLED - SECTION 8,Dead/Cancelled,False,,False
1,NEAR_1_SUBSTITUTION,1,75576121,2302052,ESSENCE,1998-10-22,710,essence,CANCELLED - SECTION 8,Dead/Cancelled,False,,False
1,NEAR_1_SUBSTITUTION,1,75491389,,ESSENCE,1998-05-27,606,essence,ABANDONED - NO STATEMENT OF USE FILED,Dead/Abandoned,False,042,False
1,NEAR_1_SUBSTITUTION,1,75390483,2487910,ESSENCE,1997-11-14,710,essence,CANCELLED - SECTION 8,Dead/Cancelled,False,,False
1,NEAR_1_SUBSTITUTION,1,75042684,2089952,ESSENCE,1996-01-05,710,essence,CANCELLED - SECTION 8,Dead/Cancelled,False,,False
1,NEAR_1_SUBSTITUTION,1,75021947,2112789,ESSENCE,1995-11-20,710,essence,CANCELLED - SECTION 8,Dead/Cancelled,False,,False
1,NEAR_1_SUBSTITUTION,1,74736103,,ESSENCE,1995-09-29,606,essence,ABANDONED - NO STATEMENT OF USE FILED,Dead/Abandoned,False,,False
1,NEAR_1_SUBSTITUTION,1,74720933,,ESSENCE,1995-08-25,606,essence,ABANDONED - NO STATEMENT OF USE FILED,Dead/Abandoned,False,,False
1,NEAR_1_SUBSTITUTION,1,74720808,2077991,ESSANCE,1995-08-21,710,essance,CANCELLED - SECTION 8,Dead/Cancelled,False,,False
1,NEAR_1_SUBSTITUTION,1,74716367,,ESSENCE,1995-08-16,606,essence,ABANDONED - NO STATEMENT OF USE FILED,Dead/Abandoned,False,,False
1,NEAR_1_SUBSTITUTION,1,74707646,2027930,ESSENCE,1995-07-28,710,essence,CANCELLED - SECTION 8,Dead/Cancelled,False,,False
1,NEAR_1_SUBSTITUTION,1,74701054,2063920,ESSENCE,1995-07-14,710,essence,CANCELLED - SECTION 8,Dead/Cancelled,False,,False
1,NEAR_1_SUBSTITUTION,1,74555379,1908334,ESSENCE,1994-07-27,710,essence,CANCELLED - SECTION 8,Dead/Cancelled,False,,False
1,NEAR_1_SUBSTITUTION,1,74352335,,ESSENCE,1993-01-21,606,essence,ABANDONED - NO STATEMENT OF USE FILED,Dead/Abandoned,False,,False
1,NEAR_1_SUBSTITUTION,1,74291704,1941381,ESSENCE,1992-07-02,710,essence,CANCELLED - SECTION 8,Dead/Cancelled,False,,False
1,NEAR_1_SUBSTITUTION,1,74272527,1764005,ESSENCE,1992-05-05,710,essence,CANCELLED - SECTION 8,Dead/Cancelled,False,,False
1,NEAR_1_SUBSTITUTION,1,74264601,1758720,ESSENCE,1992-04-10,710,essence,CANCELLED - SECTION 8,Dead/Cancelled,False,,False
1,NEAR_1_SUBSTITUTION,1,74257972,,ESSENCE,1992-03-23,605,essence,ABANDONED EXPRESS AFTER PUB,Dead/Abandoned,False,,False
1,NEAR_1_SUBSTITUTION,1,74229223,1850280,ESSENCE,1991-12-11,710,essence,CANCELLED - SECTION 8,Dead/Cancelled,False,,False
1,NEAR_1_SUBSTITUTION,1,74228248,,ESSENCE,1991-12-09,602,essence,ABANDONED-FAILURE TO RESPOND OR LATE RESPONSE,Dead/Abandoned,False,,False
1,NEAR_1_SUBSTITUTION,1,74194981,1793695,ESSENCE,1991-08-15,710,essence,CANCELLED - SECTION 8,Dead/Cancelled,False,,False
1,NEAR_1_SUBSTITUTION,1,74187820,1730779,ESSENCE,1991-07-23,710,essence,CANCELLED - SECTION 8,Dead/Cancelled,False,,False
1,NEAR_1_SUBSTITUTION,1,74156787,1736464,ESSENCE,1991-04-15,710,essence,CANCELLED - SECTION 8,Dead/Cancelled,False,,False
1,NEAR_1_SUBSTITUTION,1,74123543,1800782,ESSENCE,1990-12-14,711,essence,CANCELLED - SECTION 7,Dead/Cancelled,False,,False
1,NEAR_1_SUBSTITUTION,1,74086465,1893636,ESSENCE,1990-08-09,710,essence,CANCELLED - SECTION 8,Dead/Cancelled,False,,False
1,NEAR_1_SUBSTITUTION,1,74039024,,ESSENCE,1990-03-16,602,essence,ABANDONED-FAILURE TO RESPOND OR LATE RESPONSE,Dead/Abandoned,False,,False
1,NEAR_1_SUBSTITUTION,1,73735729,,ESSENCE,1988-06-22,604,essence,ABANDONED - AFTER INTER-PARTES DECISION,Dead/Abandoned,False,,False
1,NEAR_1_SUBSTITUTION,1,73677548,1485362,ESSENCE,1987-08-10,710,essence,CANCELLED - SECTION 8,Dead/Cancelled,False,,False
1,NEAR_1_SUBSTITUTION,1,73657293,,ESSENCE,1987-04-27,602,essence,ABANDONED-FAILURE TO RESPOND OR LATE RESPONSE,Dead/Abandoned,False,,False
1,NEAR_1_SUBSTITUTION,1,73650004,,ESSENCE,1987-03-18,604,essence,ABANDONED - AFTER INTER-PARTES DECISION,Dead/Abandoned,False,,False
1,NEAR_1_SUBSTITUTION,1,73532043,1373816,ESSENCE,1985-04-12,713,essence,CANCELLED - SECTION 18,Dead/Cancelled,False,,False
1,NEAR_1_SUBSTITUTION,1,73531239,1438287,ESSENCE,1985-04-08,710,essence,CANCELLED - SECTION 8,Dead/Cancelled,False,,False
1,NEAR_1_SUBSTITUTION,1,73513949,1350021,ESSENCE,1984-12-17,710,essence,CANCELLED - SECTION 8,Dead/Cancelled,False,,False
1,NEAR_1_SUBSTITUTION,1,73494965,1508051,ESSENCE,1984-08-15,710,essence,CANCELLED - SECTION 8,Dead/Cancelled,False,,False
1,NEAR_1_SUBSTITUTION,1,73488623,1444220,ESSENCE,1984-07-06,710,essence,CANCELLED - SECTION 8,Dead/Cancelled,False,,False
1,NEAR_1_SUBSTITUTION,1,73473409,1488625,ESSENCE,1984-04-02,710,essence,CANCELLED - SECTION 8,Dead/Cancelled,False,,False
1,NEAR_1_SUBSTITUTION,1,73377947,1285914,ESSENCE,1982-08-02,710,essence,CANCELLED - SECTION 8,Dead/Cancelled,False,,False
1,NEAR_1_SUBSTITUTION,1,73342868,1364620,ESSENCE,1981-12-21,710,essence,CANCELLED - SECTION 8,Dead/Cancelled,False,,False
1,NEAR_1_SUBSTITUTION,1,73298056,1204615,ESSENCE,1981-02-20,710,essence,CANCELLED - SECTION 8,Dead/Cancelled,False,,False
1,NEAR_1_SUBSTITUTION,1,72453927,0983966,ESSENCE,1973-04-09,900,essence,EXPIRED,Dead/Expired,False,,False
1,NEAR_1_SUBSTITUTION,1,72245728,0821909,ESSENCE,1966-05-16,710,essence,CANCELLED - SECTION 8,Dead/Cancelled,False,,False
2,NEAR_1_DELETION,1,99446164,,ELASTY,2025-10-16,688,elasty,NOTICE OF ALLOWANCE - ISSUED,Live/Pending,True,022,False
2,NEAR_1_DELETION,1,79396198,7885513,ELASTY,2024-02-01,700,elasty,REGISTERED,Live/Registered,True,010,True
2,NEAR_1_SUBSTITUTION,1,98177608,7666700,ELASTEN,2023-09-13,700,elasten,REGISTERED,Live/Registered,True,"003,005",True
2,NEAR_1_SUBSTITUTION,1,88786416,7282693,ELASTEN,2020-02-05,700,elasten,REGISTERED,Live/Registered,True,005,True
2,NEAR_1_SUBSTITUTION,1,98748969,,ALASTYN,2024-09-13,602,alastyn,ABANDONED-FAILURE TO RESPOND OR LATE RESPONSE,Dead/Abandoned,False,"003,004",True
2,NEAR_1_DELETION,1,97864630,,ELASTY,2023-03-30,602,elasty,ABANDONED-FAILURE TO RESPOND OR LATE RESPONSE,Dead/Abandoned,False,003,True
2,NEAR_1_DELETION,1,87700856,5698614,ELASTY,2017-11-29,710,elasty,CANCELLED - SECTION 8,Dead/Cancelled,False,,False
2,NEAR_1_SUBSTITUTION,1,79184314,5173528,ELASTEN,2015-12-09,404,elasten,IR CANCELLED; US REGISTRATION CANCELLED,Dead/Cancelled,False,,False
2,NEAR_1_SUBSTITUTION,1,85247078,,ELASTIN,2011-02-20,601,elastin,ABANDONED - EXPRESS,Dead/Abandoned,False,044,True
2,NEAR_1_DELETION,1,77079537,3468650,ELASTY,2007-01-10,710,elasty,CANCELLED - SECTION 8,Dead/Cancelled,False,,False
2,NEAR_1_INSERTION,1,75402343,2216402,CELASTYN,1997-12-09,710,celastyn,CANCELLED - SECTION 8,Dead/Cancelled,False,,False
2,NEAR_1_SUBSTITUTION,1,75340749,2403084,ELASTYL,1997-08-13,710,elastyl,CANCELLED - SECTION 8,Dead/Cancelled,False,,False
2,NEAR_1_DELETION,1,74696746,1973088,ELASTY,1995-07-03,710,elasty,CANCELLED - SECTION 8,Dead/Cancelled,False,,False
2,NEAR_1_SUBSTITUTION,1,73601144,,ELASTAN,1986-05-28,604,elastan,ABANDONED - AFTER INTER-PARTES DECISION,Dead/Abandoned,False,,False
2,NEAR_1_DELETION,1,73505783,,ELASYN,1984-10-26,604,elasyn,ABANDONED - AFTER INTER-PARTES DECISION,Dead/Abandoned,False,,False
2,NEAR_1_SUBSTITUTION,1,73465133,1399996,ELASTAN,1984-02-10,710,elastan,CANCELLED - SECTION 8,Dead/Cancelled,False,,False
2,NEAR_1_SUBSTITUTION,1,73311965,1223493,ELASTEN,1981-05-26,710,elasten,CANCELLED - SECTION 8,Dead/Cancelled,False,,False
2,NEAR_1_SUBSTITUTION,1,73208514,1155596,ELASTAN,1979-03-22,710,elastan,CANCELLED - SECTION 8,Dead/Cancelled,False,,False
3,NEAR_1_SUBSTITUTION,1,90469530,6562267,RETINOL,2021-01-15,700,retinol,REGISTERED,Live/Registered,True,024,False
3,NEAR_1_SUBSTITUTION,1,85878899,4458032,RETINOL,2013-03-18,800,retinol,REGISTERED AND RENEWED,Live/Registered,True,003,True
3,NEAR_1_SUBSTITUTION,1,87181406,,RETINOL,2016-09-23,602,retinol,ABANDONED-FAILURE TO RESPOND OR LATE RESPONSE,Dead/Abandoned,False,003,True
4,NEAR_1_SUBSTITUTION,1,79260131,6258588,LIPMD,2019-04-12,700,lipmd,REGISTERED,Live/Registered,True,003,True
4,NEAR_1_SUBSTITUTION,1,79975501,6258881,LIPMD,2019-04-12,700,lipmd,REGISTERED,Live/Registered,True,010,True
4,NEAR_1_SUBSTITUTION,1,79221219,5567733,LIPAD,2017-05-04,708,lipad,PARTIAL SECTION 71 & 15 ACCEPTED AND ACKNOWLEDGED,Live/Registered,True,009,False
4,NEAR_1_SUBSTITUTION,1,86945392,5760160,LIPAD,2016-03-18,705,lipad,PARTIAL SECTION 8 & 15 ACCEPTED AND ACKNOWLEDGED,Live/Registered,True,042,False
4,NEAR_1_SUBSTITUTION,1,87484866,5425208,LIQYD,2017-06-12,710,liqyd,CANCELLED - SECTION 8,Dead/Cancelled,False,,False
4,NEAR_1_SUBSTITUTION,1,78659119,,LIPOD,2005-06-27,604,lipod,ABANDONED - AFTER INTER-PARTES DECISION,Dead/Abandoned,False,,False
4,NEAR_1_SUBSTITUTION,1,74519939,1913647,LIPO-D,1994-05-04,710,lipod,CANCELLED - SECTION 8,Dead/Cancelled,False,,False
5,NEAR_1_SUBSTITUTION,1,99082228,,BIOLOGY,2025-03-13,645,biology,FINAL REFUSAL - MAILED,Live/Pending,True,"025,042",False
5,NEAR_1_SUBSTITUTION,1,97358839,7090589,MYOLOGY,2022-04-12,700,myology,REGISTERED,Live/Registered,True,044,True
5,NEAR_1_SUBSTITUTION,1,97275024,6880005,BI-OLOGY,2022-02-18,700,biology,REGISTERED,Live/Registered,True,003,True
5,NEAR_1_SUBSTITUTION,1,97275025,6880006,BI-OLOGY,2022-02-18,700,biology,REGISTERED,Live/Registered,True,010,True
5,NEAR_1_SUBSTITUTION,1,88839195,6204156,BEOLOGY,2020-03-18,700,beology,REGISTERED,Live/Registered,True,042,False
5,NEAR_1_SUBSTITUTION,1,88475206,6847056,BIOLOGY,2019-06-15,700,biology,REGISTERED,Live/Registered,True,005,True
5,NEAR_1_SUBSTITUTION,1,87212389,5298118,BIOLOGY,2016-10-22,701,biology,SECTION 8-ACCEPTED,Live/Registered,True,025,False
5,NEAR_1_INSERTION,1,77808026,3826359,BUYOLOGY,2009-08-19,800,buyology,REGISTERED AND RENEWED,Live/Registered,True,035,True
5,NEAR_1_SUBSTITUTION,1,77110485,3384208,BE.OLOGY,2007-02-19,800,beology,REGISTERED AND RENEWED,Live/Registered,True,025,False
5,NEAR_1_SUBSTITUTION,1,98256916,,CYOLOGY,2023-11-06,602,cyology,ABANDONED-FAILURE TO RESPOND OR LATE RESPONSE,Dead/Abandoned,False,041,False
5,NEAR_1_INSERTION,1,97790796,,BUYOLOGY,2023-02-11,614,buyology,ABANDONED PETITION TO REVIVE-DENIED,Dead/Abandoned,False,"011,021",True
5,NEAR_1_SUBSTITUTION,1,90157766,,BSOLOGY,2020-09-03,602,bsology,ABANDONED-FAILURE TO RESPOND OR LATE RESPONSE,Dead/Abandoned,False,041,False
5,NEAR_1_SUBSTITUTION,1,88353341,,BIOLOGY,2019-03-23,606,biology,ABANDONED - NO STATEMENT OF USE FILED,Dead/Abandoned,False,"003,005,029,030,031",True
5,NEAR_1_INSERTION,1,86372650,5438522,BUYOLOGY,2014-08-20,710,buyology,CANCELLED - SECTION 8,Dead/Cancelled,False,,False
5,NEAR_1_SUBSTITUTION,1,86159357,,BIOLOGY,2014-01-07,602,biology,ABANDONED-FAILURE TO RESPOND OR LATE RESPONSE,Dead/Abandoned,False,003,True
5,NEAR_1_SUBSTITUTION,1,85216644,,BIOLOGY,2011-01-13,602,biology,ABANDONED-FAILURE TO RESPOND OR LATE RESPONSE,Dead/Abandoned,False,"003,005",True
5,NEAR_1_SUBSTITUTION,1,85192190,4066001,BEOLOGY,2010-12-07,710,beology,CANCELLED - SECTION 8,Dead/Cancelled,False,,False
5,NEAR_1_INSERTION,1,77390392,,BAYOLOGY,2008-02-06,606,bayology,ABANDONED - NO STATEMENT OF USE FILED,Dead/Abandoned,False,025,False
5,NEAR_1_INSERTION,1,78076970,,BOYOLOGY,2001-08-01,602,boyology,ABANDONED-FAILURE TO RESPOND OR LATE RESPONSE,Dead/Abandoned,False,025,False
5,NEAR_1_SUBSTITUTION,1,75769074,,BEOLOGY,1999-08-06,602,beology,ABANDONED-FAILURE TO RESPOND OR LATE RESPONSE,Dead/Abandoned,False,041,False
6,NEAR_1_SUBSTITUTION,1,99710814,,FORMERA,2026-03-18,630,formera,NEW APPLICATION - RECORD INITIALIZED NOT ASSIGNED TO EXAMINER,Live/Pending,True,025,False
6,NEAR_1_SUBSTITUTION,1,99673325,,FORMARA,2026-02-27,661,formara,RESPONSE AFTER NON-FINAL ACTION - ENTERED,Live/Pending,True,025,False
6,NEAR_1_SUBSTITUTION,1,99571372,,FORTYRA,2025-12-30,686,fortyra,PUBLISHED FOR OPPOSITION,Live/Pending,True,"001,005",True
6,NEAR_1_SUBSTITUTION,1,99191176,,FORMORA,2025-05-19,688,formora,NOTICE OF ALLOWANCE - ISSUED,Live/Pending,True,"009,042",False
6,NEAR_1_SUBSTITUTION,1,99153713,,FORMURA,2025-04-24,602,formura,ABANDONED-FAILURE TO RESPOND OR LATE RESPONSE,Dead/Abandoned,False,"011,020",False
6,NEAR_1_SUBSTITUTION,1,87923223,5904203,FORMERA,2018-05-16,710,formera,CANCELLED - SECTION 8,Dead/Cancelled,False,,False
6,NEAR_1_SUBSTITUTION,1,76603415,,FORMIRA,2004-07-22,602,formira,ABANDONED-FAILURE TO RESPOND OR LATE RESPONSE,Dead/Abandoned,False,009,False
7,NEAR_1_SUBSTITUTION,1,79417170,8237461,FORMULA E,2025-01-24,700,formulae,REGISTERED,Live/Registered,True,"025,035,041",True
7,NEAR_1_SUBSTITUTION,1,79362589,7532446,FORMULAE,2022-10-28,700,formulae,REGISTERED,Live/Registered,True,"009,012,014,025,028,035,036,038,039,041,042,043",True
7,NEAR_1_SUBSTITUTION,1,90119288,,FORMULA+_E,2020-08-17,602,formulae,ABANDONED-FAILURE TO RESPOND OR LATE RESPONSE,Dead/Abandoned,False,009,False
7,NEAR_1_SUBSTITUTION,1,79150590,5634816,FORMULA - E,2014-03-31,404,formulae,IR CANCELLED; US REGISTRATION CANCELLED,Dead/Cancelled,False,,False
7,NEAR_1_SUBSTITUTION,1,79122915,,FORMULA E,2012-09-26,402,formulae,IR CANCELLED; US APPLICATION ABANDONED,Dead/Abandoned,False,,False
7,NEAR_1_SUBSTITUTION,1,77270303,,FORMÚLAE,2007-09-02,602,formulae,ABANDONED-FAILURE TO RESPOND OR LATE RESPONSE,Dead/Abandoned,False,003,True
7,NEAR_1_SUBSTITUTION,1,75310871,2195226,FORMULAE,1997-06-18,710,formulae,CANCELLED - SECTION 8,Dead/Cancelled,False,,False
8,NEAR_1_SUBSTITUTION,1,77286484,3461046,EPIDERMIS,2007-09-22,710,epidermis,CANCELLED - SECTION 8,Dead/Cancelled,False,,False
8,NEAR_1_SUBSTITUTION,1,73762746,,EPI-DERMIS,1988-11-09,603,epidermis,ABANDONED - AFTER EX PARTE APPEAL,Dead/Abandoned,False,,False
9,NEAR_1_DELETION,1,99858969,,EVOME,2026-06-02,630,evome,NEW APPLICATION - RECORD INITIALIZED NOT ASSIGNED TO EXAMINER,Live/Pending,True,009,False
9,NEAR_1_SUBSTITUTION,1,98256102,,ETIOME,2023-11-06,732,etiome,THIRD EXTENSION - GRANTED,Live/Pending,True,"005,042,044",True
9,NEAR_1_SUBSTITUTION,1,97624751,7217942,EVHOME,2022-10-09,700,evhome,REGISTERED,Live/Registered,True,016,False
9,NEAR_1_DELETION,1,87341050,5460201,VIOME,2017-02-17,702,viome,SECTION 8 & 15-ACCEPTED AND ACKNOWLEDGED,Live/Registered,True,"005,009,035,042,044",True
9,NEAR_1_DELETION,1,87341052,5460202,VIOME,2017-02-17,702,viome,SECTION 8 & 15-ACCEPTED AND ACKNOWLEDGED,Live/Registered,True,"005,009,035,042,044",True
9,NEAR_1_DELETION,1,90622677,6676499,EVIME,2021-04-04,783,evime,CANCELLED RECONSIDERED,Dead/Cancelled,False,,False
9,NEAR_1_SUBSTITUTION,1,88911024,,EVHOME,2020-05-11,602,evhome,ABANDONED-FAILURE TO RESPOND OR LATE RESPONSE,Dead/Abandoned,False,021,True
9,NEAR_1_DELETION,1,87172307,,EVO ·  ME,2016-09-15,602,evome,ABANDONED-FAILURE TO RESPOND OR LATE RESPONSE,Dead/Abandoned,False,009,False
9,NEAR_1_SUBSTITUTION,1,86097011,4543166,EVIL ME,2013-10-21,710,evilme,CANCELLED - SECTION 8,Dead/Cancelled,False,,False
9,NEAR_1_INSERTION,1,77807572,,EVINOME,2009-08-18,606,evinome,ABANDONED - NO STATEMENT OF USE FILED,Dead/Abandoned,False,"041,044",True
10,NEAR_1_DELETION,1,99474914,,VIDOME,2025-11-02,641,vidome,NON-FINAL ACTION - MAILED,Live/Pending,True,009,False
10,NEAR_1_DELETION,1,90249901,6408844,VIDOME,2020-10-12,700,vidome,REGISTERED,Live/Registered,True,011,False
10,NEAR_1_SUBSTITUTION,1,77807572,,EVINOME,2009-08-18,606,evinome,ABANDONED - NO STATEMENT OF USE FILED,Dead/Abandoned,False,"041,044",True
11,EXACT,0,99594525,,PROVENOME,2026-01-14,686,provenome,PUBLISHED FOR OPPOSITION,Live/Pending,True,"009,042",False
11,NEAR_1_INSERTION,1,99827798,,PROVEN HOME,2026-05-16,630,provenhome,NEW APPLICATION - RECORD INITIALIZED NOT ASSIGNED TO EXAMINER,Live/Pending,True,021,True
11,NEAR_1_DELETION,1,88815257,,PROVENOM,2020-02-28,604,provenom,ABANDONED - AFTER INTER-PARTES DECISION,Dead/Abandoned,False,,False
12,NEAR_1_SUBSTITUTION,1,99835909,,BIOVERIFY,2026-05-20,630,bioverify,NEW APPLICATION - RECORD INITIALIZED NOT ASSIGNED TO EXAMINER,Live/Pending,True,037,False
12,NEAR_1_SUBSTITUTION,1,99788594,,BIOVERIFY,2026-04-27,630,bioverify,NEW APPLICATION - RECORD INITIALIZED NOT ASSIGNED TO EXAMINER,Live/Pending,True,035,True
12,NEAR_1_SUBSTITUTION,1,77681770,3682946,BIOVERIFY,2009-03-02,710,bioverify,CANCELLED - SECTION 8,Dead/Cancelled,False,,False
12,NEAR_1_SUBSTITUTION,1,76609714,,BIOVERIFY,2004-09-01,606,bioverify,ABANDONED - NO STATEMENT OF USE FILED,Dead/Abandoned,False,"001,005",True
13,EXACT,0,76421678,2948858,BIOFACT,2002-06-18,710,biofact,CANCELLED - SECTION 8,Dead/Cancelled,False,,False
13,NEAR_1_SUBSTITUTION,1,98886908,,BIOFAST,2024-12-05,688,biofast,NOTICE OF ALLOWANCE - ISSUED,Live/Pending,True,"009,039,042",False
13,NEAR_1_DELETION,1,87417227,5317133,BIOACT,2017-04-19,702,bioact,SECTION 8 & 15-ACCEPTED AND ACKNOWLEDGED,Live/Registered,True,001,False
13,NEAR_1_SUBSTITUTION,1,79137731,4594981,BIOFACH,2013-07-26,706,biofach,SECTION 71 ACCEPTED,Live/Registered,True,"016,035,038,041",True
13,NEAR_1_DELETION,1,78001652,2598070,BIO-ACT,2000-03-29,800,bioact,REGISTERED AND RENEWED,Live/Registered,True,001,False
13,NEAR_1_DELETION,1,74074746,1641866,BIOACT,1990-07-02,800,bioact,REGISTERED AND RENEWED,Live/Registered,True,003,True
13,NEAR_1_SUBSTITUTION,1,97129013,,BIOFAST,2021-11-17,606,biofast,ABANDONED - NO STATEMENT OF USE FILED,Dead/Abandoned,False,"001,009",False
13,NEAR_1_SUBSTITUTION,1,79232869,5711873,BIOTACT,2018-03-16,709,biotact,CANCELLED SECTION 71,Dead/Cancelled,False,,False
13,NEAR_1_INSERTION,1,85355233,4299959,BIOFACET,2011-06-24,710,biofacet,CANCELLED - SECTION 8,Dead/Cancelled,False,,False
13,NEAR_1_SUBSTITUTION,1,78682911,,BIOFACE,2005-08-01,602,bioface,ABANDONED-FAILURE TO RESPOND OR LATE RESPONSE,Dead/Abandoned,False,009,False
13,NEAR_1_SUBSTITUTION,1,78219673,2869342,BIOFACH,2003-02-27,710,biofach,CANCELLED - SECTION 8,Dead/Cancelled,False,,False
13,NEAR_1_INSERTION,1,76425548,2888240,BIOFACET,2002-06-25,710,biofacet,CANCELLED - SECTION 8,Dead/Cancelled,False,,False
13,NEAR_1_DELETION,1,78136911,,BIOACT,2002-06-19,602,bioact,ABANDONED-FAILURE TO RESPOND OR LATE RESPONSE,Dead/Abandoned,False,001,False
13,NEAR_1_SUBSTITUTION,1,76355416,2631571,BIO-X-ACT,2002-01-05,710,bioxact,CANCELLED - SECTION 8,Dead/Cancelled,False,,False
13,NEAR_1_SUBSTITUTION,1,76169414,2665378,BIO FACH,2000-11-21,710,biofach,CANCELLED - SECTION 8,Dead/Cancelled,False,,False
13,NEAR_1_SUBSTITUTION,1,75648240,2553159,BIOLACT,1999-02-25,710,biolact,CANCELLED - SECTION 8,Dead/Cancelled,False,,False
13,NEAR_1_SUBSTITUTION,1,74713902,1993298,BIOFAST,1995-08-10,710,biofast,CANCELLED - SECTION 8,Dead/Cancelled,False,,False
13,NEAR_1_INSERTION,1,74680156,2136110,BIOFACTS,1995-05-25,710,biofacts,CANCELLED - SECTION 8,Dead/Cancelled,False,,False
13,NEAR_1_INSERTION,1,74492115,,BIOFACTS,1994-02-18,606,biofacts,ABANDONED - NO STATEMENT OF USE FILED,Dead/Abandoned,False,,False
13,NEAR_1_SUBSTITUTION,1,74310419,,BIOFAST,1992-08-31,606,biofast,ABANDONED - NO STATEMENT OF USE FILED,Dead/Abandoned,False,,False
13,NEAR_1_DELETION,1,74246025,,BIOACT,1992-02-13,602,bioact,ABANDONED-FAILURE TO RESPOND OR LATE RESPONSE,Dead/Abandoned,False,,False
13,NEAR_1_DELETION,1,74136439,1671573,BIOFAT,1991-02-05,710,biofat,CANCELLED - SECTION 8,Dead/Cancelled,False,,False
13,NEAR_1_SUBSTITUTION,1,74038687,1652531,BIO-LACT,1990-03-15,710,biolact,CANCELLED - SECTION 8,Dead/Cancelled,False,,False
13,NEAR_1_DELETION,1,74037289,1723130,BIO-ACT,1990-03-09,710,bioact,CANCELLED - SECTION 8,Dead/Cancelled,False,,False
13,NEAR_1_INSERTION,1,73675726,1478222,BIOFACTS,1987-07-31,710,biofacts,CANCELLED - SECTION 8,Dead/Cancelled,False,,False
13,NEAR_1_INSERTION,1,73554926,,BIO FACTS,1985-08-22,602,biofacts,ABANDONED-FAILURE TO RESPOND OR LATE RESPONSE,Dead/Abandoned,False,,False
13,NEAR_1_DELETION,1,73508117,1336228,BIOACT,1984-11-09,710,bioact,CANCELLED - SECTION 8,Dead/Cancelled,False,,False
13,NEAR_1_DELETION,1,72328071,0894019,BIOFAC,1969-05-22,900,biofac,EXPIRED,Dead/Expired,False,,False
13,NEAR_1_SUBSTITUTION,1,71580651,0528511,BIOFAST,1949-06-17,900,biofast,EXPIRED,Dead/Expired,False,,False
14,EXACT,0,76527252,,BIOPROVEN,2003-06-30,606,bioproven,ABANDONED - NO STATEMENT OF USE FILED,Dead/Abandoned,False,005,True
16,NEAR_1_SUBSTITUTION,1,88677273,6754803,VALIDERE,2019-11-01,700,validere,REGISTERED,Live/Registered,True,042,False
16,NEAR_1_SUBSTITUTION,1,77207608,3528426,TALIDERM,2007-06-15,711,taliderm,CANCELLED - SECTION 7,Dead/Cancelled,False,,False
16,NEAR_1_SUBSTITUTION,1,74213712,,SALI-DERM,1991-10-21,604,saliderm,ABANDONED - AFTER INTER-PARTES DECISION,Dead/Abandoned,False,,False
17,EXACT,0,87169651,,VERIDERM,2016-09-13,606,veriderm,ABANDONED - NO STATEMENT OF USE FILED,Dead/Abandoned,False,005,True
17,EXACT,0,85554495,,VERIDERM,2012-02-28,606,veriderm,ABANDONED - NO STATEMENT OF USE FILED,Dead/Abandoned,False,"005,035",True
17,EXACT,0,72142667,0751944,VERIDERM,1962-04-19,900,veriderm,EXPIRED,Dead/Expired,False,,False
17,NEAR_1_DELETION,1,99884269,,VERIDEM,2026-06-14,630,veridem,NEW APPLICATION - RECORD INITIALIZED NOT ASSIGNED TO EXAMINER,Live/Pending,True,"042,045",False
17,NEAR_1_SUBSTITUTION,1,99373622,,VESIDERM,2025-09-04,688,vesiderm,NOTICE OF ALLOWANCE - ISSUED,Live/Pending,True,005,True
17,NEAR_1_SUBSTITUTION,1,88455577,7408790,MERIDERM,2019-05-31,700,meriderm,REGISTERED,Live/Registered,True,005,True
17,NEAR_1_SUBSTITUTION,1,98083278,,SERIDERM,2023-07-13,602,seriderm,ABANDONED-FAILURE TO RESPOND OR LATE RESPONSE,Dead/Abandoned,False,"003,005,010,035,044",True
17,NEAR_1_SUBSTITUTION,1,88288022,5834313,VERO DERM,2019-02-04,710,veroderm,CANCELLED - SECTION 8,Dead/Cancelled,False,,False
17,NEAR_1_SUBSTITUTION,1,77409291,3508359,VERADERM,2008-02-28,710,veraderm,CANCELLED - SECTION 8,Dead/Cancelled,False,,False
17,NEAR_1_INSERTION,1,78512058,3088752,VERNIDERM,2004-11-05,710,verniderm,CANCELLED - SECTION 8,Dead/Cancelled,False,,False
17,NEAR_1_SUBSTITUTION,1,75083263,,GERIDERM,1996-04-03,606,geriderm,ABANDONED - NO STATEMENT OF USE FILED,Dead/Abandoned,False,005,True
17,NEAR_1_INSERTION,1,74677994,,VETRIDERM,1995-05-22,606,vetriderm,ABANDONED - NO STATEMENT OF USE FILED,Dead/Abandoned,False,,False
17,NEAR_1_SUBSTITUTION,1,73566017,1404582,VERADERM,1985-10-31,710,veraderm,CANCELLED - SECTION 8,Dead/Cancelled,False,,False
18,NEAR_1_SUBSTITUTION,1,87197933,,EPIDOSE,2016-10-10,606,epidose,ABANDONED - NO STATEMENT OF USE FILED,Dead/Abandoned,False,010,True
18,NEAR_1_SUBSTITUTION,1,86151049,,EPI-DOSE,2013-12-23,604,epidose,ABANDONED - AFTER INTER-PARTES DECISION,Dead/Abandoned,False,,False
18,NEAR_1_SUBSTITUTION,1,85413355,,EVODOSE,2011-09-01,602,evodose,ABANDONED-FAILURE TO RESPOND OR LATE RESPONSE,Dead/Abandoned,False,"009,010",True
19,NEAR_1_SUBSTITUTION,1,79230176,5699862,EPIOLOGY,2017-12-22,707,epiology,PARTIAL SECTION 71 ACCEPTED,Live/Registered,True,005,True
19,NEAR_1_SUBSTITUTION,1,79143066,4634897,EPIOLOGY,2013-11-08,739,epiology,Section 71 & 15 ACCEPTED AND ACKNOWLEDGED,Live/Registered,True,005,True
19,NEAR_1_DELETION,1,90780742,,EVOLOGY,2021-06-17,606,evology,ABANDONED - NO STATEMENT OF USE FILED,Dead/Abandoned,False,"009,035,036,037,042",True
19,NEAR_1_DELETION,1,86935680,5341482,EVOLOGY,2016-03-10,710,evology,CANCELLED - SECTION 8,Dead/Cancelled,False,,False
19,NEAR_1_DELETION,1,86710991,,VIOLOGY,2015-07-31,606,viology,ABANDONED - NO STATEMENT OF USE FILED,Dead/Abandoned,False,005,True
19,NEAR_1_SUBSTITUTION,1,86292761,4918787,ETIOLOGY,2014-05-27,710,etiology,CANCELLED - SECTION 8,Dead/Cancelled,False,,False
19,NEAR_1_DELETION,1,85574445,,EVOLOGY,2012-03-20,602,evology,ABANDONED-FAILURE TO RESPOND OR LATE RESPONSE,Dead/Abandoned,False,003,True
19,NEAR_1_DELETION,1,85407235,4134837,EVOLOGY,2011-08-25,710,evology,CANCELLED - SECTION 8,Dead/Cancelled,False,,False
19,NEAR_1_DELETION,1,77332853,,EVOLOGY,2007-11-19,606,evology,ABANDONED - NO STATEMENT OF USE FILED,Dead/Abandoned,False,041,False
19,NEAR_1_SUBSTITUTION,1,75859046,,E-BIOLOGY,1999-11-29,602,ebiology,ABANDONED-FAILURE TO RESPOND OR LATE RESPONSE,Dead/Abandoned,False,042,False
19,NEAR_1_SUBSTITUTION,1,75597285,,EDIOLOGY,1999-07-19,602,ediology,ABANDONED-FAILURE TO RESPOND OR LATE RESPONSE,Dead/Abandoned,False,035,True
19,NEAR_1_DELETION,1,74154320,,EVOLOGY,1991-04-05,602,evology,ABANDONED-FAILURE TO RESPOND OR LATE RESPONSE,Dead/Abandoned,False,,False
20,NEAR_1_SUBSTITUTION,1,97257091,7029033,NERIOLOGY,2022-02-08,700,neriology,REGISTERED,Live/Registered,True,041,False
20,NEAR_1_SUBSTITUTION,1,90768086,7019975,PERIOLOGY,2021-06-10,700,periology,REGISTERED,Live/Registered,True,"025,029,035,043",True
20,NEAR_1_SUBSTITUTION,1,88824092,6183953,VERVOLOGY,2020-03-06,701,vervology,SECTION 8-ACCEPTED,Live/Registered,True,"035,042",True
20,NEAR_1_SUBSTITUTION,1,88291863,,VERTOLOGY,2019-02-06,606,vertology,ABANDONED - NO STATEMENT OF USE FILED,Dead/Abandoned,False,035,True
21,NEAR_1_SUBSTITUTION,1,77923126,3967267,CLINIGENCE,2010-01-29,800,clinigence,REGISTERED AND RENEWED,Live/Registered,True,042,False
22,EXACT,0,79444907,,BIOSURE,2025-12-05,641,biosure,NON-FINAL ACTION - MAILED,Live/Pending,True,009,False
22,EXACT,0,87636308,5443366,BIOSURE,2017-10-06,702,biosure,SECTION 8 & 15-ACCEPTED AND ACKNOWLEDGED,Live/Registered,True,010,True
22,EXACT,0,77694180,3730800,BIOSURE,2009-03-18,800,biosure,REGISTERED AND RENEWED,Live/Registered,True,001,False
22,EXACT,0,78241123,2817555,BIOSURE,2003-04-23,800,biosure,REGISTERED AND RENEWED,Live/Registered,True,001,False
22,EXACT,0,75427732,2259048,BIOSURE,1998-02-02,800,biosure,REGISTERED AND RENEWED,Live/Registered,True,"001,005",True
22,EXACT,0,74608424,1945465,BIOSURE,1994-12-08,800,biosure,REGISTERED AND RENEWED,Live/Registered,True,005,True
22,EXACT,0,79221141,5567730,BIOSURE,2016-03-04,709,biosure,CANCELLED SECTION 71,Dead/Cancelled,False,,False
22,EXACT,0,79077074,3950032,BIO SÛRE,2009-08-26,404,biosure,IR CANCELLED; US REGISTRATION CANCELLED,Dead/Cancelled,False,,False
22,EXACT,0,77800327,4051245,BIOSURE,2009-08-08,710,biosure,CANCELLED - SECTION 8,Dead/Cancelled,False,,False
22,EXACT,0,77443660,3673947,BIOSURE,2008-04-09,710,biosure,CANCELLED - SECTION 8,Dead/Cancelled,False,,False
22,EXACT,0,78258034,,BIOSURE,2003-06-04,606,biosure,ABANDONED - NO STATEMENT OF USE FILED,Dead/Abandoned,False,017,False
22,EXACT,0,75586810,2316108,BIO-SURE,1998-11-12,710,biosure,CANCELLED - SECTION 8,Dead/Cancelled,False,,False
22,EXACT,0,75447669,2249388,BIOSURE,1998-03-10,710,biosure,CANCELLED - SECTION 8,Dead/Cancelled,False,,False
22,EXACT,0,75414772,2388215,BIO-SURE,1998-01-07,710,biosure,CANCELLED - SECTION 8,Dead/Cancelled,False,,False
22,EXACT,0,75152827,,BIO SURE,1996-08-19,601,biosure,ABANDONED - EXPRESS,Dead/Abandoned,False,,False
22,EXACT,0,74537967,,BIOSURE,1994-06-15,602,biosure,ABANDONED-FAILURE TO RESPOND OR LATE RESPONSE,Dead/Abandoned,False,,False
22,EXACT,0,73651004,1477250,BIOSURE,1987-03-18,710,biosure,CANCELLED - SECTION 8,Dead/Cancelled,False,,False
22,EXACT,0,73606935,1427383,BIOSURE,1986-06-30,710,biosure,CANCELLED - SECTION 8,Dead/Cancelled,False,,False
22,NEAR_1_SUBSTITUTION,1,99805094,,BIOCURE,2026-05-05,630,biocure,NEW APPLICATION - RECORD INITIALIZED NOT ASSIGNED TO EXAMINER,Live/Pending,True,003,True
22,NEAR_1_SUBSTITUTION,1,98620060,8182818,BIOSURF,2024-06-26,700,biosurf,REGISTERED,Live/Registered,True,005,True
22,NEAR_1_SUBSTITUTION,1,98218951,7645837,BIOPURE,2023-10-11,700,biopure,REGISTERED,Live/Registered,True,040,False
22,NEAR_1_SUBSTITUTION,1,98104719,7863112,BIOPURE,2023-07-27,700,biopure,REGISTERED,Live/Registered,True,001,False
22,NEAR_1_SUBSTITUTION,1,97932192,7400754,BITSURE,2023-05-11,700,bitsure,REGISTERED,Live/Registered,True,036,False
22,NEAR_1_SUBSTITUTION,1,79312828,6920101,BIOPURE,2021-01-12,700,biopure,REGISTERED,Live/Registered,True,007,False
22,NEAR_1_SUBSTITUTION,1,88901949,7183277,BIOPURE,2020-05-05,700,biopure,REGISTERED,Live/Registered,True,"005,010",True
22,NEAR_1_SUBSTITUTION,1,88847431,6302661,BIO-CURE,2020-03-25,700,biocure,REGISTERED,Live/Registered,True,044,True
22,NEAR_1_INSERTION,1,88643991,6375596,BIO3SURE,2019-10-06,700,bio3sure,REGISTERED,Live/Registered,True,011,False
22,NEAR_1_SUBSTITUTION,1,88637343,6046595,BIZSURE,2019-10-01,702,bizsure,SECTION 8 & 15-ACCEPTED AND ACKNOWLEDGED,Live/Registered,True,036,False
22,NEAR_1_INSERTION,1,88628659,6066006,BIOSURGE,2019-09-24,700,biosurge,REGISTERED,Live/Registered,True,005,True
22,NEAR_1_SUBSTITUTION,1,79271088,6010551,BIOCURE,2019-07-25,739,biocure,Section 71 & 15 ACCEPTED AND ACKNOWLEDGED,Live/Registered,True,001,False
22,NEAR_1_SUBSTITUTION,1,88440341,6578719,BIOPURE,2019-05-21,700,biopure,REGISTERED,Live/Registered,True,037,False
22,NEAR_1_SUBSTITUTION,1,88440342,6578720,BIOPURE,2019-05-21,700,biopure,REGISTERED,Live/Registered,True,037,False
22,NEAR_1_SUBSTITUTION,1,88354756,6283797,BIO PURE,2019-03-25,700,biopure,REGISTERED,Live/Registered,True,040,False
22,NEAR_1_SUBSTITUTION,1,87105048,5312772,BIOCURE,2016-07-15,702,biocure,SECTION 8 & 15-ACCEPTED AND ACKNOWLEDGED,Live/Registered,True,035,True
22,NEAR_1_SUBSTITUTION,1,87105066,5312773,BIOCURE,2016-07-15,702,biocure,SECTION 8 & 15-ACCEPTED AND ACKNOWLEDGED,Live/Registered,True,035,True
22,NEAR_1_SUBSTITUTION,1,86700577,5034524,BIOPURE,2015-07-22,702,biopure,SECTION 8 & 15-ACCEPTED AND ACKNOWLEDGED,Live/Registered,True,"010,011",True
22,NEAR_1_SUBSTITUTION,1,86666993,4889476,BIOCURE,2015-06-18,702,biocure,SECTION 8 & 15-ACCEPTED AND ACKNOWLEDGED,Live/Registered,True,042,False
22,NEAR_1_SUBSTITUTION,1,79171857,5010102,BIOPURE,2015-01-13,739,biopure,Section 71 & 15 ACCEPTED AND ACKNOWLEDGED,Live/Registered,True,"007,017,020",False
22,NEAR_1_SUBSTITUTION,1,85609417,4696290,BIOPURE,2012-04-26,800,biopure,REGISTERED AND RENEWED,Live/Registered,True,"005,035",True
22,NEAR_1_INSERTION,1,85455228,4232645,BIO-SURGE,2011-10-25,800,biosurge,REGISTERED AND RENEWED,Live/Registered,True,001,False
22,NEAR_1_SUBSTITUTION,1,77323745,3670112,BIOPURE,2007-11-07,800,biopure,REGISTERED AND RENEWED,Live/Registered,True,004,False
22,NEAR_1_SUBSTITUTION,1,77323810,3670113,BIOPURE,2007-11-07,800,biopure,REGISTERED AND RENEWED,Live/Registered,True,004,False
22,NEAR_1_SUBSTITUTION,1,77231854,3398098,BIO PURE,2007-07-17,800,biopure,REGISTERED AND RENEWED,Live/Registered,True,001,False
22,NEAR_1_SUBSTITUTION,1,78597703,3085009,BIOLURE,2005-03-29,800,biolure,REGISTERED AND RENEWED,Live/Registered,True,005,True
22,NEAR_1_SUBSTITUTION,1,78554390,3050634,BIOPURE,2005-01-26,800,biopure,REGISTERED AND RENEWED,Live/Registered,True,005,True
22,NEAR_1_SUBSTITUTION,1,78520042,3041347,BIOTURE,2004-11-19,800,bioture,REGISTERED AND RENEWED,Live/Registered,True,031,False
22,NEAR_1_SUBSTITUTION,1,78493472,3125779,BIOLURE,2004-10-01,800,biolure,REGISTERED AND RENEWED,Live/Registered,True,003,True
22,NEAR_1_SUBSTITUTION,1,75534548,2353230,BIO-PURE,1998-08-11,800,biopure,REGISTERED AND RENEWED,Live/Registered,True,031,False
22,NEAR_1_SUBSTITUTION,1,74652015,2085224,BIOSURF,1995-03-27,800,biosurf,REGISTERED AND RENEWED,Live/Registered,True,001,False
22,NEAR_1_SUBSTITUTION,1,74583493,1975872,BIO-PURE,1994-10-07,800,biopure,REGISTERED AND RENEWED,Live/Registered,True,011,False
22,NEAR_1_SUBSTITUTION,1,73299190,1218046,BIO LURE,1981-03-02,800,biolure,REGISTERED AND RENEWED,Live/Registered,True,005,True
22,NEAR_1_SUBSTITUTION,1,98199780,,BIOPURE,2023-09-27,602,biopure,ABANDONED-FAILURE TO RESPOND OR LATE RESPONSE,Dead/Abandoned,False,001,False
22,NEAR_1_SUBSTITUTION,1,98011337,,BIOPURE,2023-05-24,602,biopure,ABANDONED-FAILURE TO RESPOND OR LATE RESPONSE,Dead/Abandoned,False,"005,016",True
22,NEAR_1_SUBSTITUTION,1,97745916,,BIOPURE,2023-01-09,602,biopure,ABANDONED-FAILURE TO RESPOND OR LATE RESPONSE,Dead/Abandoned,False,003,True
22,NEAR_1_SUBSTITUTION,1,97493629,,BIO-PURE,2022-07-07,602,biopure,ABANDONED-FAILURE TO RESPOND OR LATE RESPONSE,Dead/Abandoned,False,005,True
22,NEAR_1_SUBSTITUTION,1,97118461,,BIOPURE,2021-11-10,602,biopure,ABANDONED-FAILURE TO RESPOND OR LATE RESPONSE,Dead/Abandoned,False,003,True
22,NEAR_1_INSERTION,1,97112798,,BIO3SURE,2021-11-07,602,bio3sure,ABANDONED-FAILURE TO RESPOND OR LATE RESPONSE,Dead/Abandoned,False,010,True
22,NEAR_1_SUBSTITUTION,1,90540982,,BITSURE,2021-02-23,606,bitsure,ABANDONED - NO STATEMENT OF USE FILED,Dead/Abandoned,False,036,False
22,NEAR_1_SUBSTITUTION,1,90367136,,BIOPURE,2020-12-08,606,biopure,ABANDONED - NO STATEMENT OF USE FILED,Dead/Abandoned,False,005,True
22,NEAR_1_SUBSTITUTION,1,90367138,,BIOPURE,2020-12-08,606,biopure,ABANDONED - NO STATEMENT OF USE FILED,Dead/Abandoned,False,021,True
22,NEAR_1_SUBSTITUTION,1,90367140,,BIOPURE,2020-12-08,606,biopure,ABANDONED - NO STATEMENT OF USE FILED,Dead/Abandoned,False,"008,016",False
22,NEAR_1_SUBSTITUTION,1,88878297,,BIOPURE,2020-04-19,602,biopure,ABANDONED-FAILURE TO RESPOND OR LATE RESPONSE,Dead/Abandoned,False,"037,040",False
22,NEAR_1_DELETION,1,87873621,5778905,BOSURE,2018-04-12,710,bosure,CANCELLED - SECTION 8,Dead/Cancelled,False,,False
22,NEAR_1_SUBSTITUTION,1,87246971,,BIOPURE,2016-11-23,602,biopure,ABANDONED-FAILURE TO RESPOND OR LATE RESPONSE,Dead/Abandoned,False,005,True
22,NEAR_1_SUBSTITUTION,1,87196033,,BIOPURE,2016-10-07,602,biopure,ABANDONED-FAILURE TO RESPOND OR LATE RESPONSE,Dead/Abandoned,False,001,False
22,NEAR_1_INSERTION,1,86715548,,BIOSURGE,2015-08-05,606,biosurge,ABANDONED - NO STATEMENT OF USE FILED,Dead/Abandoned,False,005,True
22,NEAR_1_SUBSTITUTION,1,86218235,,BIOSURF,2014-03-11,606,biosurf,ABANDONED - NO STATEMENT OF USE FILED,Dead/Abandoned,False,042,False
22,NEAR_1_SUBSTITUTION,1,85881796,,BIOCURE,2013-03-20,606,biocure,ABANDONED - NO STATEMENT OF USE FILED,Dead/Abandoned,False,005,True
22,NEAR_1_DELETION,1,85752322,,BIOSUR,2012-10-12,604,biosur,ABANDONED - AFTER INTER-PARTES DECISION,Dead/Abandoned,False,,False
22,NEAR_1_SUBSTITUTION,1,85347737,,BIOPURE,2011-06-16,606,biopure,ABANDONED - NO STATEMENT OF USE FILED,Dead/Abandoned,False,017,False
22,NEAR_1_SUBSTITUTION,1,85347746,,BIO PURE,2011-06-16,606,biopure,ABANDONED - NO STATEMENT OF USE FILED,Dead/Abandoned,False,017,False
22,NEAR_1_SUBSTITUTION,1,85347753,,BIO-PURE,2011-06-16,606,biopure,ABANDONED - NO STATEMENT OF USE FILED,Dead/Abandoned,False,017,False
22,NEAR_1_SUBSTITUTION,1,85195710,,BIOPURE,2010-12-10,602,biopure,ABANDONED-FAILURE TO RESPOND OR LATE RESPONSE,Dead/Abandoned,False,"003,005",True
22,NEAR_1_SUBSTITUTION,1,85146517,4180082,BIOSURF,2010-10-06,710,biosurf,CANCELLED - SECTION 8,Dead/Cancelled,False,,False
22,NEAR_1_SUBSTITUTION,1,85015241,,BIOPURE,2010-04-15,602,biopure,ABANDONED-FAILURE TO RESPOND OR LATE RESPONSE,Dead/Abandoned,False,001,False
22,NEAR_1_SUBSTITUTION,1,79081850,3873105,BIONURE,2010-03-29,404,bionure,IR CANCELLED; US REGISTRATION CANCELLED,Dead/Cancelled,False,,False
22,NEAR_1_SUBSTITUTION,1,77889607,,BIOLURE,2009-12-09,606,biolure,ABANDONED - NO STATEMENT OF USE FILED,Dead/Abandoned,False,028,False
22,NEAR_1_SUBSTITUTION,1,77847364,4621349,BIOSURF,2009-10-13,710,biosurf,CANCELLED - SECTION 8,Dead/Cancelled,False,,False
22,NEAR_1_SUBSTITUTION,1,77508026,,BIO PURE,2008-06-25,606,biopure,ABANDONED - NO STATEMENT OF USE FILED,Dead/Abandoned,False,003,True
22,NEAR_1_SUBSTITUTION,1,77099858,,BIOSURF,2007-02-06,606,biosurf,ABANDONED - NO STATEMENT OF USE FILED,Dead/Abandoned,False,019,False
22,NEAR_1_SUBSTITUTION,1,78908482,,BIOPURE,2006-06-14,606,biopure,ABANDONED - NO STATEMENT OF USE FILED,Dead/Abandoned,False,003,True
22,NEAR_1_SUBSTITUTION,1,78691599,,BIOPURE,2005-08-12,606,biopure,ABANDONED - NO STATEMENT OF USE FILED,Dead/Abandoned,False,011,False
22,NEAR_1_SUBSTITUTION,1,78676139,3326478,BIOCURE,2005-07-22,710,biocure,CANCELLED - SECTION 8,Dead/Cancelled,False,,False
22,NEAR_1_SUBSTITUTION,1,78631313,3477976,BIOCURE,2005-05-17,710,biocure,CANCELLED - SECTION 8,Dead/Cancelled,False,,False
22,NEAR_1_SUBSTITUTION,1,78344565,,BIOPURE,2003-12-22,601,biopure,ABANDONED - EXPRESS,Dead/Abandoned,False,011,False
22,NEAR_1_INSERTION,1,78207040,,BIO SURGE,2003-01-24,614,biosurge,ABANDONED PETITION TO REVIVE-DENIED,Dead/Abandoned,False,005,True
22,NEAR_1_SUBSTITUTION,1,78157816,2866552,BIO-SURF,2002-08-26,710,biosurf,CANCELLED - SECTION 8,Dead/Cancelled,False,,False
22,NEAR_1_SUBSTITUTION,1,78082052,,BIOSURF,2001-08-31,602,biosurf,ABANDONED-FAILURE TO RESPOND OR LATE RESPONSE,Dead/Abandoned,False,"003,005",True
22,NEAR_1_SUBSTITUTION,1,76190233,2630446,BIOLURE,2001-01-05,710,biolure,CANCELLED - SECTION 8,Dead/Cancelled,False,,False
22,NEAR_1_SUBSTITUTION,1,76107085,,BIDSURE,2000-08-10,602,bidsure,ABANDONED-FAILURE TO RESPOND OR LATE RESPONSE,Dead/Abandoned,False,036,False
22,NEAR_1_SUBSTITUTION,1,78017398,,BIOCURE,2000-07-19,606,biocure,ABANDONED - NO STATEMENT OF USE FILED,Dead/Abandoned,False,"005,010",True
22,NEAR_1_SUBSTITUTION,1,75924392,,BIOPURE,2000-02-22,602,biopure,ABANDONED-FAILURE TO RESPOND OR LATE RESPONSE,Dead/Abandoned,False,035,True
22,NEAR_1_INSERTION,1,75776699,,BIOASURE,1999-08-13,602,bioasure,ABANDONED-FAILURE TO RESPOND OR LATE RESPONSE,Dead/Abandoned,False,009,False
22,NEAR_1_SUBSTITUTION,1,75693051,2326628,BIOPURE,1999-04-28,710,biopure,CANCELLED - SECTION 8,Dead/Cancelled,False,,False
22,NEAR_1_SUBSTITUTION,1,75641755,,BIOPURE,1999-02-16,602,biopure,ABANDONED-FAILURE TO RESPOND OR LATE RESPONSE,Dead/Abandoned,False,003,True
22,NEAR_1_DELETION,1,75583659,,BISURE,1998-11-03,606,bisure,ABANDONED - NO STATEMENT OF USE FILED,Dead/Abandoned,False,010,True
22,NEAR_1_SUBSTITUTION,1,75516271,,BIOSURF,1998-07-09,606,biosurf,ABANDONED - NO STATEMENT OF USE FILED,Dead/Abandoned,False,002,False
22,NEAR_1_SUBSTITUTION,1,75504269,2535178,BIOQURE,1998-06-18,710,bioqure,CANCELLED - SECTION 8,Dead/Cancelled,False,,False
22,NEAR_1_SUBSTITUTION,1,75484698,2282957,BIZSURE,1998-05-13,710,bizsure,CANCELLED - SECTION 8,Dead/Cancelled,False,,False
22,NEAR_1_SUBSTITUTION,1,75255589,,BIOLURE,1997-03-11,601,biolure,ABANDONED - EXPRESS,Dead/Abandoned,False,,False
22,NEAR_1_SUBSTITUTION,1,75168462,2219374,BIOSURF,1996-09-19,710,biosurf,CANCELLED - SECTION 8,Dead/Cancelled,False,,False
22,NEAR_1_SUBSTITUTION,1,75168463,,BIOSURF,1996-09-19,606,biosurf,ABANDONED - NO STATEMENT OF USE FILED,Dead/Abandoned,False,016,False
22,NEAR_1_SUBSTITUTION,1,75089768,,BIOLURE,1996-04-17,601,biolure,ABANDONED - EXPRESS,Dead/Abandoned,False,,False
22,NEAR_1_SUBSTITUTION,1,75018564,2048793,BIOLURE,1995-11-13,710,biolure,CANCELLED - SECTION 8,Dead/Cancelled,False,,False
22,NEAR_1_SUBSTITUTION,1,74664832,,BIOPURE,1995-04-24,602,biopure,ABANDONED-FAILURE TO RESPOND OR LATE RESPONSE,Dead/Abandoned,False,,False
22,NEAR_1_SUBSTITUTION,1,74434321,,BIOLURE,1993-09-07,606,biolure,ABANDONED - NO STATEMENT OF USE FILED,Dead/Abandoned,False,,False
22,NEAR_1_SUBSTITUTION,1,74426747,1966086,BIO-SURF,1993-08-18,710,biosurf,CANCELLED - SECTION 8,Dead/Cancelled,False,,False
22,NEAR_1_SUBSTITUTION,1,74388351,,BIOLURE,1993-05-05,606,biolure,ABANDONED - NO STATEMENT OF USE FILED,Dead/Abandoned,False,,False
22,NEAR_1_SUBSTITUTION,1,74137163,1723561,BIO-PURE,1991-02-07,710,biopure,CANCELLED - SECTION 8,Dead/Cancelled,False,,False
22,NEAR_1_INSERTION,1,74124659,,BIO-SURGE,1990-12-19,602,biosurge,ABANDONED-FAILURE TO RESPOND OR LATE RESPONSE,Dead/Abandoned,False,,False
22,NEAR_1_SUBSTITUTION,1,74101794,,BIOSURF,1990-10-01,604,biosurf,ABANDONED - AFTER INTER-PARTES DECISION,Dead/Abandoned,False,,False
22,NEAR_1_INSERTION,1,74023052,1681071,BIOSURGE,1990-01-26,710,biosurge,CANCELLED - SECTION 8,Dead/Cancelled,False,,False
22,NEAR_1_SUBSTITUTION,1,74003820,1721235,BIO-CURE,1989-11-20,710,biocure,CANCELLED - SECTION 8,Dead/Cancelled,False,,False
22,NEAR_1_SUBSTITUTION,1,73835789,1852129,BIO PURE,1989-11-03,713,biopure,CANCELLED - SECTION 18,Dead/Cancelled,False,,False
22,NEAR_1_SUBSTITUTION,1,73817370,1675873,BIOSURV,1989-08-07,710,biosurv,CANCELLED - SECTION 8,Dead/Cancelled,False,,False
22,NEAR_1_SUBSTITUTION,1,73720805,1521689,BIO-PURE,1988-04-06,710,biopure,CANCELLED - SECTION 8,Dead/Cancelled,False,,False
22,NEAR_1_SUBSTITUTION,1,73519432,1362777,BIOPURE,1985-01-28,710,biopure,CANCELLED - SECTION 8,Dead/Cancelled,False,,False
22,NEAR_1_SUBSTITUTION,1,73262275,,BIOLURE,1980-05-15,605,biolure,ABANDONED EXPRESS AFTER PUB,Dead/Abandoned,False,,False
22,NEAR_1_SUBSTITUTION,1,73241211,1174906,BIN SURE,1980-02-25,710,binsure,CANCELLED - SECTION 8,Dead/Cancelled,False,,False
22,NEAR_1_INSERTION,1,73007311,1015775,BIO-SURGE,1973-11-26,900,biosurge,EXPIRED,Dead/Expired,False,,False
23,EXACT,0,98006850,7236611,BIO TRUE,2023-05-22,700,biotrue,REGISTERED,Live/Registered,True,005,True
23,EXACT,0,98006855,7236612,BIO TRUE,2023-05-22,700,biotrue,REGISTERED,Live/Registered,True,"003,005",True
23,EXACT,0,98006857,7333426,BIO TRUE,2023-05-22,700,biotrue,REGISTERED,Live/Registered,True,009,False
23,EXACT,0,98006863,7236613,BIO TRUE,2023-05-22,700,biotrue,REGISTERED,Live/Registered,True,"003,005,009",True
23,EXACT,0,97536687,7317451,BIOTRUE,2022-08-05,700,biotrue,REGISTERED,Live/Registered,True,005,True
23,EXACT,0,79344699,7435189,BIOTRUE,2022-03-08,700,biotrue,REGISTERED,Live/Registered,True,"037,042",False
23,EXACT,0,85506200,4259082,BIOTRUE,2011-12-30,800,biotrue,REGISTERED AND RENEWED,Live/Registered,True,009,False
23,EXACT,0,77654119,4112158,BIOTRUE,2009-01-22,800,biotrue,REGISTERED AND RENEWED,Live/Registered,True,005,True
23,EXACT,0,87938348,,BIOTRUE,2018-05-28,602,biotrue,ABANDONED-FAILURE TO RESPOND OR LATE RESPONSE,Dead/Abandoned,False,005,True
23,EXACT,0,85515769,,BIOTRUE,2012-01-13,606,biotrue,ABANDONED - NO STATEMENT OF USE FILED,Dead/Abandoned,False,005,True
23,EXACT,0,78255444,2821398,BIOTRUE,2003-05-28,710,biotrue,CANCELLED - SECTION 8,Dead/Cancelled,False,,False
23,EXACT,0,75371906,,BIOTRUE,1997-10-13,606,biotrue,ABANDONED - NO STATEMENT OF USE FILED,Dead/Abandoned,False,,False
23,NEAR_1_DELETION,1,99093312,8029124,BITRUE,2025-03-19,700,bitrue,REGISTERED,Live/Registered,True,011,False
23,NEAR_1_SUBSTITUTION,1,98898692,8056085,BIOTREE,2024-12-12,700,biotree,REGISTERED,Live/Registered,True,020,False
23,NEAR_1_DELETION,1,90549618,7287743,BIOTRE,2021-02-26,700,biotre,REGISTERED,Live/Registered,True,016,False
23,NEAR_1_SUBSTITUTION,1,87902715,5810242,BIOTREE,2018-05-01,702,biotree,SECTION 8 & 15-ACCEPTED AND ACKNOWLEDGED,Live/Registered,True,005,True
23,NEAR_1_DELETION,1,86858754,5097069,BIOTRU,2015-12-28,702,biotru,SECTION 8 & 15-ACCEPTED AND ACKNOWLEDGED,Live/Registered,True,010,True
23,NEAR_1_DELETION,1,85920813,4461643,BIOTRE,2013-05-01,800,biotre,REGISTERED AND RENEWED,Live/Registered,True,016,False
23,NEAR_1_DELETION,1,78672428,3111911,BIO-TRU,2005-07-18,800,biotru,REGISTERED AND RENEWED,Live/Registered,True,001,False
23,NEAR_1_TRANSPOSITION,1,78520042,3041347,BIOTURE,2004-11-19,800,bioture,REGISTERED AND RENEWED,Live/Registered,True,031,False
23,NEAR_1_DELETION,1,97714890,,BITRUE,2022-12-13,602,bitrue,ABANDONED-FAILURE TO RESPOND OR LATE RESPONSE,Dead/Abandoned,False,009,False
23,NEAR_1_DELETION,1,97714892,,BITRUE,2022-12-13,602,bitrue,ABANDONED-FAILURE TO RESPOND OR LATE RESPONSE,Dead/Abandoned,False,036,False
23,NEAR_1_DELETION,1,97036894,,BITRUE,2021-09-21,606,bitrue,ABANDONED - NO STATEMENT OF USE FILED,Dead/Abandoned,False,009,False
23,NEAR_1_DELETION,1,90187161,6369540,BITRUE,2020-09-17,783,bitrue,CANCELLED RECONSIDERED,Dead/Cancelled,False,,False
23,NEAR_1_DELETION,1,88123821,,BITRUE,2018-09-19,606,bitrue,ABANDONED - NO STATEMENT OF USE FILED,Dead/Abandoned,False,"009,036,042",False
23,NEAR_1_DELETION,1,85295391,,BIOTRU,2011-04-14,605,biotru,ABANDONED EXPRESS AFTER PUB,Dead/Abandoned,False,,False
23,NEAR_1_SUBSTITUTION,1,85187245,4425900,BIO-TREE,2010-11-30,710,biotree,CANCELLED - SECTION 8,Dead/Cancelled,False,,False
23,NEAR_1_DELETION,1,77953303,3967428,BIOTRU,2010-03-08,710,biotru,CANCELLED - SECTION 8,Dead/Cancelled,False,,False
23,NEAR_1_SUBSTITUTION,1,78342028,2917364,BIOTREE,2003-12-17,710,biotree,CANCELLED - SECTION 8,Dead/Cancelled,False,,False
23,NEAR_1_DELETION,1,76423043,,BIO-TRU,2002-06-17,606,biotru,ABANDONED - NO STATEMENT OF USE FILED,Dead/Abandoned,False,005,True
24,EXACT,0,88745947,6173215,TRUBIOME,2020-01-03,700,trubiome,REGISTERED,Live/Registered,True,031,False
24,EXACT,0,88745959,6173216,TRUBIOME,2020-01-03,700,trubiome,REGISTERED,Live/Registered,True,044,True
24,EXACT,0,87291878,,TRUBIOME,2017-01-06,606,trubiome,ABANDONED - NO STATEMENT OF USE FILED,Dead/Abandoned,False,005,True
24,NEAR_1_INSERTION,1,79431087,8258391,TRUE BIOME,2025-07-24,700,truebiome,REGISTERED,Live/Registered,True,005,True
24,NEAR_1_SUBSTITUTION,1,98434248,,TRIBIOME,2024-03-05,602,tribiome,ABANDONED-FAILURE TO RESPOND OR LATE RESPONSE,Dead/Abandoned,False,001,False
24,NEAR_1_INSERTION,1,90301392,,TRUE BIOME,2020-11-05,606,truebiome,ABANDONED - NO STATEMENT OF USE FILED,Dead/Abandoned,False,"003,005",True
25,NEAR_1_SUBSTITUTION,1,99882197,,TRUEONE,2026-06-12,630,trueone,NEW APPLICATION - RECORD INITIALIZED NOT ASSIGNED TO EXAMINER,Live/Pending,True,"025,041",False
25,NEAR_1_INSERTION,1,99840735,,TRUE TO ME,2026-05-22,630,truetome,NEW APPLICATION - RECORD INITIALIZED NOT ASSIGNED TO EXAMINER,Live/Pending,True,"041,042",False
25,NEAR_1_SUBSTITUTION,1,99694812,,TRUEONE,2026-03-11,630,trueone,NEW APPLICATION - RECORD INITIALIZED NOT ASSIGNED TO EXAMINER,Live/Pending,True,042,False
25,NEAR_1_SUBSTITUTION,1,99696470,,TRUEONE,2026-03-11,630,trueone,NEW APPLICATION - RECORD INITIALIZED NOT ASSIGNED TO EXAMINER,Live/Pending,True,009,False
25,NEAR_1_INSERTION,1,99615320,8295739,TRUE HOME,2026-01-26,700,truehome,REGISTERED,Live/Registered,True,035,True
25,NEAR_1_INSERTION,1,99501105,,TRUE HOME,2025-11-17,653,truehome,SUSPENSION LETTER - MAILED,Live/Pending,True,005,True
25,NEAR_1_SUBSTITUTION,1,99486895,,TRUE2ME,2025-11-09,688,true2me,NOTICE OF ALLOWANCE - ISSUED,Live/Pending,True,042,False
25,NEAR_1_SUBSTITUTION,1,99139183,,TRUHOME,2025-04-15,807,truhome,SU - NON-FINAL ACTION - MAILED,Live/Pending,True,003,True
25,NEAR_1_SUBSTITUTION,1,98292790,,TRUHOME,2023-11-30,732,truhome,THIRD EXTENSION - GRANTED,Live/Pending,True,"003,006,016,017,020,022,024",True
25,NEAR_1_SUBSTITUTION,1,98292796,,TRUHOME,2023-11-30,732,truhome,THIRD EXTENSION - GRANTED,Live/Pending,True,"003,006,016,017,020,022,024",True
25,NEAR_1_SUBSTITUTION,1,98212258,,TRUHOME,2023-10-06,654,truhome,REPORT COMPLETED SUSPENSION CHECK - CASE STILL SUSPENDED,Live/Pending,True,"011,020",False
25,NEAR_1_SUBSTITUTION,1,98212334,,TRUHOME,2023-10-06,654,truhome,REPORT COMPLETED SUSPENSION CHECK - CASE STILL SUSPENDED,Live/Pending,True,"011,020",False
25,NEAR_1_SUBSTITUTION,1,98975074,,TRUHOME,2023-10-06,732,truhome,THIRD EXTENSION - GRANTED,Live/Pending,True,"008,021",True
25,NEAR_1_SUBSTITUTION,1,98975075,,TRUHOME,2023-10-06,732,truhome,THIRD EXTENSION - GRANTED,Live/Pending,True,"008,021",True
25,NEAR_1_INSERTION,1,98211458,7868854,TRUEHOME,2023-10-05,700,truehome,REGISTERED,Live/Registered,True,011,False
25,NEAR_1_SUBSTITUTION,1,90182235,7933502,TRUE ONE,2020-09-15,700,trueone,REGISTERED,Live/Registered,True,005,True
25,NEAR_1_SUBSTITUTION,1,90182271,7933503,TRUE ONE,2020-09-15,700,trueone,REGISTERED,Live/Registered,True,005,True
25,NEAR_1_INSERTION,1,90153097,6886863,TRUEHOME,2020-09-02,700,truehome,REGISTERED,Live/Registered,True,"041,042",False
25,NEAR_1_SUBSTITUTION,1,90095241,7045614,TRUHOME,2020-08-05,700,truhome,REGISTERED,Live/Registered,True,036,False
25,NEAR_1_INSERTION,1,88646012,6097937,TRUEDOME,2019-10-08,702,truedome,SECTION 8 & 15-ACCEPTED AND ACKNOWLEDGED,Live/Registered,True,014,False
25,NEAR_1_DELETION,1,86577075,4845379,TRUEME,2015-03-26,800,trueme,REGISTERED AND RENEWED,Live/Registered,True,044,True
25,NEAR_1_INSERTION,1,85717156,4441222,TRUETOME,2012-08-30,800,truetome,REGISTERED AND RENEWED,Live/Registered,True,010,True
25,NEAR_1_SUBSTITUTION,1,76170468,2646818,TRUEONE,2000-11-21,800,trueone,REGISTERED AND RENEWED,Live/Registered,True,010,True
25,NEAR_1_DELETION,1,98784346,,TRUEME,2024-10-03,602,trueme,ABANDONED-FAILURE TO RESPOND OR LATE RESPONSE,Dead/Abandoned,False,004,False
25,NEAR_1_SUBSTITUTION,1,98256385,,TRUSOME,2023-11-06,606,trusome,ABANDONED - NO STATEMENT OF USE FILED,Dead/Abandoned,False,"003,005",True
25,NEAR_1_INSERTION,1,88842348,,TRUEXOME,2020-03-20,606,truexome,ABANDONED - NO STATEMENT OF USE FILED,Dead/Abandoned,False,"001,005,042",True
25,NEAR_1_DELETION,1,88211530,,TRUE ME,2018-11-30,602,trueme,ABANDONED-FAILURE TO RESPOND OR LATE RESPONSE,Dead/Abandoned,False,026,False
25,NEAR_1_DELETION,1,88081580,,TRUEME,2018-08-16,606,trueme,ABANDONED - NO STATEMENT OF USE FILED,Dead/Abandoned,False,009,False
25,NEAR_1_SUBSTITUTION,1,87749876,,TRUHOME,2018-01-10,606,truhome,ABANDONED - NO STATEMENT OF USE FILED,Dead/Abandoned,False,"003,011",True
25,NEAR_1_SUBSTITUTION,1,87570083,,TRUHOME,2017-08-15,601,truhome,ABANDONED - EXPRESS,Dead/Abandoned,False,036,False
25,NEAR_1_DELETION,1,87425718,5531272,TRUEME,2017-04-26,710,trueme,CANCELLED - SECTION 8,Dead/Cancelled,False,,False
25,NEAR_1_DELETION,1,79181683,,TRUE ME,2015-12-29,401,trueme,IR CANCELLED - NO TRANSFORMATION FILED,Dead/Cancelled,False,,False
25,NEAR_1_DELETION,1,79187047,5603590,TRUE ME,2015-10-12,404,trueme,IR CANCELLED; US REGISTRATION CANCELLED,Dead/Cancelled,False,,False
25,NEAR_1_INSERTION,1,86730023,,TRUEHOME,2015-08-19,602,truehome,ABANDONED-FAILURE TO RESPOND OR LATE RESPONSE,Dead/Abandoned,False,035,True
25,NEAR_1_INSERTION,1,86013629,4583016,TRUE. HOME,2013-07-18,710,truehome,CANCELLED - SECTION 8,Dead/Cancelled,False,,False
25,NEAR_1_INSERTION,1,85721544,4389521,TRUE HOME,2012-09-05,710,truehome,CANCELLED - SECTION 8,Dead/Cancelled,False,,False
25,NEAR_1_INSERTION,1,85721554,4385505,TRUE. HOME,2012-09-05,710,truehome,CANCELLED - SECTION 8,Dead/Cancelled,False,,False
25,NEAR_1_INSERTION,1,85588370,4310530,TRUE. HOME,2012-04-03,710,truehome,CANCELLED - SECTION 8,Dead/Cancelled,False,,False
25,NEAR_1_INSERTION,1,85588382,,TRUE. HOME,2012-04-03,606,truehome,ABANDONED - NO STATEMENT OF USE FILED,Dead/Abandoned,False,035,True
25,NEAR_1_INSERTION,1,85293078,,TRUE TO ME,2011-04-12,606,truetome,ABANDONED - NO STATEMENT OF USE FILED,Dead/Abandoned,False,025,False
25,NEAR_1_INSERTION,1,77963594,,TRUEHOME,2010-03-19,606,truehome,ABANDONED - NO STATEMENT OF USE FILED,Dead/Abandoned,False,035,True
25,NEAR_1_DELETION,1,77451639,,TRUEME,2008-04-18,606,trueme,ABANDONED - NO STATEMENT OF USE FILED,Dead/Abandoned,False,009,False
25,NEAR_1_INSERTION,1,77069101,3404246,TRUE HOME,2006-12-21,710,truehome,CANCELLED - SECTION 8,Dead/Cancelled,False,,False
25,NEAR_1_DELETION,1,78968420,,TRUEME,2006-09-06,606,trueme,ABANDONED - NO STATEMENT OF USE FILED,Dead/Abandoned,False,"009,045",False
25,NEAR_1_INSERTION,1,78920461,3464432,TRUEHOME,2006-06-29,710,truehome,CANCELLED - SECTION 8,Dead/Cancelled,False,,False
25,NEAR_1_SUBSTITUTION,1,78891065,3327794,TRUEONE,2006-05-24,710,trueone,CANCELLED - SECTION 8,Dead/Cancelled,False,,False
25,NEAR_1_SUBSTITUTION,1,78891077,,TRUEONE,2006-05-24,606,trueone,ABANDONED - NO STATEMENT OF USE FILED,Dead/Abandoned,False,042,False
25,NEAR_1_SUBSTITUTION,1,76356034,,TRUE ONE,2002-01-07,601,trueone,ABANDONED - EXPRESS,Dead/Abandoned,False,002,False
25,NEAR_1_SUBSTITUTION,1,75179577,,TRUE ONE,1996-10-10,606,trueone,ABANDONED - NO STATEMENT OF USE FILED,Dead/Abandoned,False,,False
25,NEAR_1_INSERTION,1,74484631,,TRUE HOME,1994-01-31,606,truehome,ABANDONED - NO STATEMENT OF USE FILED,Dead/Abandoned,False,,False
25,NEAR_1_INSERTION,1,74484632,,TRUEHOME,1994-01-31,606,truehome,ABANDONED - NO STATEMENT OF USE FILED,Dead/Abandoned,False,,False
26,NEAR_1_DELETION,1,90473804,6601152,FORMULEN,2021-01-19,700,formulen,REGISTERED,Live/Registered,True,014,False
26,NEAR_1_SUBSTITUTION,1,78689874,,FORMA LENS,2005-08-10,606,formalens,ABANDONED - NO STATEMENT OF USE FILED,Dead/Abandoned,False,010,True
26,NEAR_1_SUBSTITUTION,1,73551959,1386437,FORM-A-LENS,1985-08-05,710,formalens,CANCELLED - SECTION 8,Dead/Cancelled,False,,False
32,NEAR_1_SUBSTITUTION,1,79452913,,BIOXIDE,2026-04-07,630,bioxide,NEW APPLICATION - RECORD INITIALIZED NOT ASSIGNED TO EXAMINER,Live/Pending,True,"005,010,037,040,041,042,044",True
32,NEAR_1_SUBSTITUTION,1,99417275,8241329,BIOWIDE,2025-09-29,700,biowide,REGISTERED,Live/Registered,True,003,True
32,NEAR_1_SUBSTITUTION,1,99401829,,BIOFINE,2025-09-19,688,biofine,NOTICE OF ALLOWANCE - ISSUED,Live/Pending,True,"001,004,040,042",False
32,NEAR_1_SUBSTITUTION,1,99016435,,BIOTIDE,2025-01-23,654,biotide,REPORT COMPLETED SUSPENSION CHECK - CASE STILL SUSPENDED,Live/Pending,True,001,False
32,NEAR_1_SUBSTITUTION,1,97123037,7680744,BIOFIRE,2021-11-12,700,biofire,REGISTERED,Live/Registered,True,"009,013,041",False
32,NEAR_1_SUBSTITUTION,1,88852597,7599664,BIOFIRE,2020-03-30,700,biofire,REGISTERED,Live/Registered,True,"009,013,041",False
32,NEAR_1_SUBSTITUTION,1,79211190,5488746,BIOFINE,2017-05-02,739,biofine,Section 71 & 15 ACCEPTED AND ACKNOWLEDGED,Live/Registered,True,"010,017",True
32,NEAR_1_SUBSTITUTION,1,85791854,4427995,BIOSIDE,2012-11-30,800,bioside,REGISTERED AND RENEWED,Live/Registered,True,001,False
32,NEAR_1_SUBSTITUTION,1,85699230,4973389,BIO FIRE,2012-08-09,702,biofire,SECTION 8 & 15-ACCEPTED AND ACKNOWLEDGED,Live/Registered,True,009,False
32,NEAR_1_SUBSTITUTION,1,85981666,4534850,BIO FIRE,2012-08-09,800,biofire,REGISTERED AND RENEWED,Live/Registered,True,"001,005",True
32,NEAR_1_SUBSTITUTION,1,85981790,4534857,BIOFIRE,2012-08-09,800,biofire,REGISTERED AND RENEWED,Live/Registered,True,"001,005,010",True
32,NEAR_1_SUBSTITUTION,1,85981793,4534858,BIO FIRE,2012-08-09,800,biofire,REGISTERED AND RENEWED,Live/Registered,True,"001,005,010",True
32,NEAR_1_SUBSTITUTION,1,77885646,4091497,BIOFILE,2009-12-03,800,biofile,REGISTERED AND RENEWED,Live/Registered,True,"040,044",True
32,NEAR_1_SUBSTITUTION,1,79057952,3722496,BIOFIRE,2008-07-11,706,biofire,SECTION 71 ACCEPTED,Live/Registered,True,011,False
32,NEAR_1_SUBSTITUTION,1,74472468,2132922,BIO-GIDE,1993-12-22,800,biogide,REGISTERED AND RENEWED,Live/Registered,True,010,True
32,NEAR_1_SUBSTITUTION,1,74053526,1675617,BIOXIDE,1990-04-27,800,bioxide,REGISTERED AND RENEWED,Live/Registered,True,001,False
32,NEAR_1_SUBSTITUTION,1,98483041,,BIOZIDE,2024-04-03,602,biozide,ABANDONED-FAILURE TO RESPOND OR LATE RESPONSE,Dead/Abandoned,False,,False
32,NEAR_1_SUBSTITUTION,1,98427537,,BIOFADE,2024-02-29,606,biofade,ABANDONED - NO STATEMENT OF USE FILED,Dead/Abandoned,False,001,False
32,NEAR_1_SUBSTITUTION,1,97295290,,BIOCIDE,2022-03-04,602,biocide,ABANDONED-FAILURE TO RESPOND OR LATE RESPONSE,Dead/Abandoned,False,"005,010,028,042,044",True
32,NEAR_1_SUBSTITUTION,1,88269849,,BIOCIDE,2019-01-21,606,biocide,ABANDONED - NO STATEMENT OF USE FILED,Dead/Abandoned,False,041,False
32,NEAR_1_SUBSTITUTION,1,88003849,,BIOAIDE,2018-06-18,604,bioaide,ABANDONED - AFTER INTER-PARTES DECISION,Dead/Abandoned,False,,False
32,NEAR_1_SUBSTITUTION,1,87204256,,BIOFIRE,2016-10-14,606,biofire,ABANDONED - NO STATEMENT OF USE FILED,Dead/Abandoned,False,"009,013,045",False
32,NEAR_1_SUBSTITUTION,1,87118138,,BIOFINE,2016-07-27,604,biofine,ABANDONED - AFTER INTER-PARTES DECISION,Dead/Abandoned,False,,False
32,NEAR_1_SUBSTITUTION,1,86911451,,BIOFIVE,2016-02-18,602,biofive,ABANDONED-FAILURE TO RESPOND OR LATE RESPONSE,Dead/Abandoned,False,003,True
32,NEAR_1_SUBSTITUTION,1,85732857,4472004,BIORIDE,2012-09-19,710,bioride,CANCELLED - SECTION 8,Dead/Cancelled,False,,False
32,NEAR_1_SUBSTITUTION,1,85732891,4472005,BIORIDE,2012-09-19,710,bioride,CANCELLED - SECTION 8,Dead/Cancelled,False,,False
32,NEAR_1_SUBSTITUTION,1,85699261,4867360,BIO FIRE,2012-08-09,710,biofire,CANCELLED - SECTION 8,Dead/Cancelled,False,,False
32,NEAR_1_SUBSTITUTION,1,85699268,4720551,B I O F I R E,2012-08-09,710,biofire,CANCELLED - SECTION 8,Dead/Cancelled,False,,False
32,NEAR_1_SUBSTITUTION,1,85656981,4297737,BIOFADE,2012-06-20,710,biofade,CANCELLED - SECTION 8,Dead/Cancelled,False,,False
32,NEAR_1_SUBSTITUTION,1,77519897,3649861,BIOBIDE,2008-07-11,710,biobide,CANCELLED - SECTION 8,Dead/Cancelled,False,,False
32,NEAR_1_DELETION,1,77224573,,BIOIDE,2007-07-09,602,bioide,ABANDONED-FAILURE TO RESPOND OR LATE RESPONSE,Dead/Abandoned,False,009,False
32,NEAR_1_SUBSTITUTION,1,78928811,3374336,BIOAIDE,2006-07-13,710,bioaide,CANCELLED - SECTION 8,Dead/Cancelled,False,,False
32,NEAR_1_SUBSTITUTION,1,76013026,2742706,BIOFADE,2000-03-30,710,biofade,CANCELLED - SECTION 8,Dead/Cancelled,False,,False
32,NEAR_1_SUBSTITUTION,1,75557682,,BIOCIDE,1998-09-22,602,biocide,ABANDONED-FAILURE TO RESPOND OR LATE RESPONSE,Dead/Abandoned,False,003,True
32,NEAR_1_SUBSTITUTION,1,74596802,,BIO-HIDE,1994-11-09,601,biohide,ABANDONED - EXPRESS,Dead/Abandoned,False,,False
32,NEAR_1_SUBSTITUTION,1,74596807,1986292,BIO-HIDE,1994-11-09,710,biohide,CANCELLED - SECTION 8,Dead/Cancelled,False,,False
32,NEAR_1_SUBSTITUTION,1,74596808,,BIO-HIDE,1994-11-09,606,biohide,ABANDONED - NO STATEMENT OF USE FILED,Dead/Abandoned,False,,False
32,NEAR_1_SUBSTITUTION,1,74596809,,BIO-HIDE,1994-11-09,601,biohide,ABANDONED - EXPRESS,Dead/Abandoned,False,,False
32,NEAR_1_SUBSTITUTION,1,75975492,2024719,BIO-HIDE,1994-11-09,710,biohide,CANCELLED - SECTION 8,Dead/Cancelled,False,,False
32,NEAR_1_SUBSTITUTION,1,75975566,2031269,BIO-HIDE,1994-11-09,710,biohide,CANCELLED - SECTION 8,Dead/Cancelled,False,,False
32,NEAR_1_SUBSTITUTION,1,74223844,1788867,BIOFILE,1991-11-21,710,biofile,CANCELLED - SECTION 8,Dead/Cancelled,False,,False
32,NEAR_1_SUBSTITUTION,1,74194095,,BIOCIDE,1991-08-12,602,biocide,ABANDONED-FAILURE TO RESPOND OR LATE RESPONSE,Dead/Abandoned,False,,False
32,NEAR_1_SUBSTITUTION,1,74077868,1654576,BIOFILE,1990-07-13,710,biofile,CANCELLED - SECTION 8,Dead/Cancelled,False,,False
32,NEAR_1_SUBSTITUTION,1,73785125,1636333,BIOXIDE,1989-03-07,710,bioxide,CANCELLED - SECTION 8,Dead/Cancelled,False,,False
32,NEAR_1_SUBSTITUTION,1,73746536,1661325,BIOFINE,1988-08-16,711,biofine,CANCELLED - SECTION 7,Dead/Cancelled,False,,False
32,NEAR_1_SUBSTITUTION,1,73222504,1201650,BIOFINE,1979-07-06,710,biofine,CANCELLED - SECTION 8,Dead/Cancelled,False,,False
32,NEAR_1_SUBSTITUTION,1,73163264,1105433,BIOZIDE,1978-03-23,900,biozide,EXPIRED,Dead/Expired,False,,False
34,NEAR_1_DELETION,1,88068320,5830123,DERMIACT,2018-08-07,780,dermiact,CANCELLATION TERMINATED - SEE TTAB RECORDS,Live/Registered,True,003,True
34,NEAR_1_SUBSTITUTION,1,79238068,6138347,DERMIFANT,2018-05-18,700,dermifant,REGISTERED,Live/Registered,True,"003,005,010,024,025",True
34,NEAR_1_SUBSTITUTION,1,85042119,,DERMAFACT,2010-05-19,602,dermafact,ABANDONED-FAILURE TO RESPOND OR LATE RESPONSE,Dead/Abandoned,False,"003,005",True
36,NEAR_1_SUBSTITUTION,1,73755650,1547931,FORMU-FAST,1988-10-03,710,formufast,CANCELLED - SECTION 8,Dead/Cancelled,False,,False
39,NEAR_1_SUBSTITUTION,1,73603159,1421702,CLINIFAST,1986-06-09,800,clinifast,REGISTERED AND RENEWED,Live/Registered,True,005,True
39,NEAR_1_SUBSTITUTION,1,73644763,1650396,"""CLINI-FAST""",1987-02-17,710,clinifast,CANCELLED - SECTION 8,Dead/Cancelled,False,,False
40,EXACT,0,88052300,5696603,VERIDOSE,2018-07-25,702,veridose,SECTION 8 & 15-ACCEPTED AND ACKNOWLEDGED,Live/Registered,True,001,False
40,EXACT,0,75341927,2333598,VERIDOSE,1997-08-15,800,veridose,REGISTERED AND RENEWED,Live/Registered,True,009,False
40,NEAR_1_SUBSTITUTION,1,99674349,,VERIDOME,2026-02-27,680,veridome,APPROVED FOR PUBLICATION,Live/Pending,True,"035,042",True
40,NEAR_1_INSERTION,1,99052174,,VERIDOSHE,2025-02-22,748,veridoshe,STATEMENT OF USE - TO EXAMINER,Live/Pending,True,032,False
40,NEAR_1_SUBSTITUTION,1,98046792,7460682,VERIDISE,2023-06-16,700,veridise,REGISTERED,Live/Registered,True,042,False
40,NEAR_1_DELETION,1,79153768,4824287,VERIDOS,2014-03-14,706,veridos,SECTION 71 ACCEPTED,Live/Registered,True,"016,042",False
40,NEAR_1_DELETION,1,97635821,,VERIDOS,2022-10-17,602,veridos,ABANDONED-FAILURE TO RESPOND OR LATE RESPONSE,Dead/Abandoned,False,"016,035,036,041",True
40,NEAR_1_SUBSTITUTION,1,90572177,,BERIDOSE,2021-03-11,602,beridose,ABANDONED-FAILURE TO RESPOND OR LATE RESPONSE,Dead/Abandoned,False,025,False
40,NEAR_1_SUBSTITUTION,1,88244588,,VARIDOSE,2018-12-28,606,varidose,ABANDONED - NO STATEMENT OF USE FILED,Dead/Abandoned,False,"009,010",True
40,NEAR_1_SUBSTITUTION,1,76010551,,VARIDOSE,2000-03-27,614,varidose,ABANDONED PETITION TO REVIVE-DENIED,Dead/Abandoned,False,010,True
41,EXACT,0,90891719,6845061,BIOCLARITY,2021-08-19,700,bioclarity,REGISTERED,Live/Registered,True,"003,005",True
41,EXACT,0,87023477,6085942,BIOCLARITY,2016-05-03,700,bioclarity,REGISTERED,Live/Registered,True,"003,005",True
41,NEAR_1_SUBSTITUTION,1,77924470,3841223,BIZCLARITY,2010-01-31,710,bizclarity,CANCELLED - SECTION 8,Dead/Cancelled,False,,False
