approach,lab_order,name,normalized,first_approach,first_name
A — category idea with voltage,42,Ownskin,ownskin,A — category idea with voltage,Own Skin
B — legible invention,1,Skinformed,skinformed,A — category idea with voltage,Skinformed
B — legible invention,2,Skinnate,skinnate,A — category idea with voltage,Skinnate
B — legible invention,3,Skinsight,skinsight,A — category idea with voltage,Skinsight
B — legible invention,4,Skintelligence,skintelligence,A — category idea with voltage,Skintelligence
B — legible invention,5,Skinsider,skinsider,A — category idea with voltage,Skinsider
B — legible invention,8,Skindependent,skindependent,A — category idea with voltage,Skindependent
B — legible invention,9,Skindividual,skindividual,A — category idea with voltage,Skindividual
B — legible invention,14,Skinwise,skinwise,A — category idea with voltage,Skinwise
B — legible invention,16,Skinspan,skinspan,A — category idea with voltage,Skinspan
B — legible invention,21,Skincredible,skincredible,A — category idea with voltage,Skincredible
B — legible invention,27,Skinform,skinform,A — category idea with voltage,Skinform
B — legible invention,28,Skinproof,skinproof,A — category idea with voltage,Skinproof
B — legible invention,32,Skintime,skintime,A — category idea with voltage,Skin Time
B — legible invention,33,Skinlife,skinlife,A — category idea with voltage,Skinlife
B — legible invention,36,Facewise,facewise,A — category idea with voltage,Facewise
B — legible invention,39,Faceproof,faceproof,A — category idea with voltage,Faceproof
B — legible invention,40,Faceform,faceform,A — category idea with voltage,Faceform
B — legible invention,41,Facevalue,facevalue,A — category idea with voltage,Face Value
B — legible invention,42,Faceforward,faceforward,A — category idea with voltage,Face Forward
B — legible invention,43,Faceprint,faceprint,A — category idea with voltage,Faceprint
B — legible invention,44,Facefirst,facefirst,A — category idea with voltage,Face First
B — legible invention,46,Faceworthy,faceworthy,A — category idea with voltage,Faceworthy
B — legible invention,48,Facespan,facespan,A — category idea with voltage,Facespan
B — legible invention,49,Facestate,facestate,A — category idea with voltage,Facestate
B — legible invention,102,Skinhelth,skinhelth,B — legible invention,Skinhelth
B — legible invention,117,Betterbare,betterbare,A — category idea with voltage,Better Bare
B — legible invention,130,Skinstandard,skinstandard,A — category idea with voltage,Skin Standard
C — charged familiar metaphor,7,Face Value,facevalue,A — category idea with voltage,Face Value
C — charged familiar metaphor,9,Bold Face,boldface,A — category idea with voltage,Bold Face
C — charged familiar metaphor,10,Game Face,gameface,A — category idea with voltage,Game Face
C — charged familiar metaphor,11,Face Card,facecard,A — category idea with voltage,Face Card
C — charged familiar metaphor,14,Full Face,fullface,A — category idea with voltage,Full Face
C — charged familiar metaphor,34,Self Portrait,selfportrait,A — category idea with voltage,Self Portrait
C — charged familiar metaphor,35,Living Portrait,livingportrait,A — category idea with voltage,Living Portrait
C — charged familiar metaphor,52,Long Live Skin,longliveskin,A — category idea with voltage,Long Live Skin
C — charged familiar metaphor,54,All Your Years,allyouryears,A — category idea with voltage,All Your Years
C — charged familiar metaphor,55,Every Age,everyage,A — category idea with voltage,Every Age
C — charged familiar metaphor,57,Age Your Way,ageyourway,A — category idea with voltage,Age Your Way
C — charged familiar metaphor,58,Own Your Age,ownyourage,A — category idea with voltage,Own Your Age
C — charged familiar metaphor,120,Original You,originalyou,A — category idea with voltage,Original You
C — charged familiar metaphor,121,One of One,oneofone,A — category idea with voltage,One of One
C — charged familiar metaphor,122,Standard of One,standardofone,A — category idea with voltage,Standard of One
