name,lane
Fineprint,A — category idea with voltage
Boldface,A — category idea with voltage
Straight Face,A — category idea with voltage
Bare Facts,A — category idea with voltage
Face It,A — category idea with voltage
Face Facts,A — category idea with voltage
Act Your Age,A — category idea with voltage
Unedited,A — category idea with voltage
Unretouched,A — category idea with voltage
Open Formula,A — category idea with voltage
Proofline,B — legible invention
Proofmark,B — legible invention
Undoctored,B — legible invention
Healthspan,B — legible invention
Fine Form,B — legible invention
Goldseam,B — legible invention
Byline,B — legible invention
Firsthand,B — legible invention
Trueform,B — legible invention
Proof of Life,C — charged familiar metaphor
Vital Signs,C — charged familiar metaphor
Better Still,C — charged familiar metaphor
Own Time,C — charged familiar metaphor
Standard of Care,C — charged familiar metaphor
In Her Prime,C — charged familiar metaphor
Open Secret,C — charged familiar metaphor
Plain Sight,C — charged familiar metaphor
Full Disclosure,C — charged familiar metaphor
Life Lines,C — charged familiar metaphor
True to Form,C — charged familiar metaphor
