name,approach,historical_name,historical_sources,historical_master_rank
Full Face,A — category idea with voltage,Full Face,Core Worlds Round 1,7060
Face Value,A — category idea with voltage,Face Value,Core Worlds Round 1; StraightUp Exploration,2131
Face Forward,A — category idea with voltage,Face Forward,Final Blind Pool; StraightUp Exploration,4364
Face First,A — category idea with voltage,Face First,Net-New Federal 1000,2794
Own Face,A — category idea with voltage,Own Face,Core Worlds Round 1,383
True Face,A — category idea with voltage,Trueface,Net-New Federal 1000,519
Facewise,A — category idea with voltage,FaceWise,Final Blind Pool,4756
Faceform,A — category idea with voltage,Faceform,Net-New Federal 1000,6012
Facework,A — category idea with voltage,Facework,Net-New Federal 1000,4440
Faceprint,A — category idea with voltage,Faceprint,Core Worlds Round 1,3902
Faceproof,A — category idea with voltage,Faceproof,Net-New Federal 1000,1067
Skin First,A — category idea with voltage,Skinfirst,Net-New Federal 1000,7136
Skinworthy,A — category idea with voltage,Skinworthy,Net-New Federal 1000,4245
Skinform,A — category idea with voltage,Skin Form,Skin Capability,6961
Bareproof,A — category idea with voltage,Bare Proof,Net-New Federal 1000,671
Bare Truth,A — category idea with voltage,Bare Truth,Net-New Federal 1000,3190
In Full Face,A — category idea with voltage,In Full Face,Core Worlds Round 2,245
Still You,A — category idea with voltage,Still You,Net-New Federal 1000,2514
Stay You,A — category idea with voltage,Stay You,Core Worlds Round 2,2880
Recognizably,A — category idea with voltage,Recognizably,Core Worlds Round 1,2465
Signature Face,A — category idea with voltage,Signature Face,Core Worlds Round 1,2597
Face Signature,A — category idea with voltage,Facesignature,Core Worlds Round 1,12425
Self Portrait,A — category idea with voltage,Self Portrait,Net-New Federal 1000,2741
True Portrait,A — category idea with voltage,True Portrait,Core Worlds Round 1,4396
Portrait Mode,A — category idea with voltage,Portrait Mode,Net-New Federal 1000,2417
Bold Face,A — category idea with voltage,Boldface,Final Blind Pool,6919
One of One,A — category idea with voltage,One of One,Net-New Federal 1000,7051
Standard of One,A — category idea with voltage,Standard of One,Skin Capability,708
Personal Standard,A — category idea with voltage,Personal Standard,Net-New Federal 1000,128
Skin Standard,A — category idea with voltage,Skin Standard,Skin Capability,367
True Form,A — category idea with voltage,True Form,Net-New Federal 1000,571
Full Form,A — category idea with voltage,Full Form,Net-New Federal 1000,2673
Own Form,A — category idea with voltage,Own Form,Skin Capability,2195
Time Well,A — category idea with voltage,Timewell,Desire First 1000,3625
Agewise,A — category idea with voltage,Agewise,Net-New Federal 1000,2801
Agekind,A — category idea with voltage,Agekind,Net-New Federal 1000,3208
Skincredible,A — category idea with voltage,Skincredible,Net-New Federal 1000,4241
Skindependent,A — category idea with voltage,Skindependent,Net-New Federal 1000,3903
Skinsider,A — category idea with voltage,Skinsider,Net-New Federal 1000,1248
Self Evident,A — category idea with voltage,Self Evident,Net-New Federal 1000,2513
Surface Tension,A — category idea with voltage,Surface Tension,Net-New Federal 1000,1623
Skintuit,B — legible invention,Skintuit,Net-New Federal 1000,4025
Skinsense,B — legible invention,Skin Sense,Net-New Federal 1000,3192
Skinmatter,B — legible invention,Skin Matter,Net-New Federal 1000,2795
Factface,B — legible invention,Factface,Net-New Federal 1000,953
Facekind,B — legible invention,Facekind,Core Worlds Round 1,1466
Evident,B — legible invention,Evident,Net-New Federal 1000,2823
Proofed,B — legible invention,Proofed,StraightUp Exploration,2675
Verity,B — legible invention,Verity,Legacy First-Pass 100,7271
Opn,B — legible invention,Opn,Core Worlds Round 1,11450
Fullview,B — legible invention,Full View,Core Worlds Round 1; StraightUp Exploration,873
Clearcut,B — legible invention,Clear Cut,Net-New Federal 1000; StraightUp Exploration,505
Improv,B — legible invention,Improv,Final Blind Pool,4868
Selfward,B — legible invention,Selfward,Core Worlds Round 1,1276
Double Take,C — charged familiar metaphor,Doubletake,Final Blind Pool,4821
Second Look,C — charged familiar metaphor,Secondlook,Final Blind Pool,4974
Look Again,C — charged familiar metaphor,Look Again,Final Blind Pool,1049
High Definition,C — charged familiar metaphor,High Definition,Core Worlds Round 1,3388
Resolution,C — charged familiar metaphor,Resolution,Desire First 1000,6366
Fine Detail,C — charged familiar metaphor,Fine Detail,Final Blind Pool,5118
Sharp Focus,C — charged familiar metaphor,Sharp Focus,Net-New Federal 1000,3838
Closeup,C — charged familiar metaphor,Closeup,Final Blind Pool,4805
In Plain Sight,C — charged familiar metaphor,In Plain Sight,StraightUp Exploration,304
Plain Sight,C — charged familiar metaphor,Plain Sight,Core Worlds Round 1; Decoy Review,35
See for Yourself,C — charged familiar metaphor,See for Yourself,Net-New Federal 1000,574
True Image,C — charged familiar metaphor,True Image,Net-New Federal 1000,631
Own Image,C — charged familiar metaphor,Own Image,Final Blind Pool,1318
Portrait,C — charged familiar metaphor,Portrait,Final Blind Pool,4933
Profile,C — charged familiar metaphor,Profile,Final Blind Pool,4936
Signature,C — charged familiar metaphor,Signature,Final Blind Pool,4987
Autograph,C — charged familiar metaphor,Autograph,Final Blind Pool,4785
Monogram,C — charged familiar metaphor,Monogram,Final Blind Pool,4897
Fingerprint,C — charged familiar metaphor,Fingerprint,Final Blind Pool,6637
Imprint,C — charged familiar metaphor,Imprint,Final Blind Pool,6646
Character,C — charged familiar metaphor,Character,Final Blind Pool,4799
Lineage,C — charged familiar metaphor,Lineage,Desire First 1000,6247
Headline,C — charged familiar metaphor,Headline,Final Blind Pool,4862
Byline,C — charged familiar metaphor,Byline,Final Blind Pool,4792
Underline,C — charged familiar metaphor,Underline,Net-New Federal 1000,2889
Wear It Well,C — charged familiar metaphor,Wear It Well,Core Worlds Round 1,5266
Second Wind,C — charged familiar metaphor,Second Wind,Net-New Federal 1000,3423
Long Run,C — charged familiar metaphor,Long Run,Core Worlds Round 2,1889
For Keeps,C — charged familiar metaphor,For Keeps,StraightUp Exploration,4248
Made to Last,C — charged familiar metaphor,Made to Last,Core Worlds Round 1,5387
Future Tense,C — charged familiar metaphor,Future Tense,Core Worlds Round 1,2604
Right Now,C — charged familiar metaphor,Right Now,Net-New Federal 1000; StraightUp Exploration,4346
Next,C — charged familiar metaphor,Next,Core Worlds Round 1,11608
Ground Truth,C — charged familiar metaphor,Ground Truth,Net-New Federal 1000; StraightUp Exploration,3455
Open Source,C — charged familiar metaphor,Open Source,Core Worlds Round 1,105
Source Code,C — charged familiar metaphor,Source Code,Core Worlds Round 1,1211
First Principle,C — charged familiar metaphor,First Principle,Decoy Review,3603
First Principles,C — charged familiar metaphor,First Principles,Net-New Federal 1000; StraightUp Exploration,3185
Proof Point,C — charged familiar metaphor,Proof Point,Net-New Federal 1000; StraightUp Exploration,823
Proof Standard,C — charged familiar metaphor,Proof Standard,Net-New Federal 1000,47
Positive Control,C — charged familiar metaphor,Positive Control,Core Worlds Round 1,6699
Control,C — charged familiar metaphor,Control,Core Worlds Round 1,5665
True Fit,C — charged familiar metaphor,True Fit,Skin Capability,1139
Touchstone,C — charged familiar metaphor,Touchstone,Legacy First-Pass 100; Legacy Top 500,4630
Second Nature,C — charged familiar metaphor,Second Nature,Decoy Review,2512
Foundation,C — charged familiar metaphor,Foundation,Core Worlds Round 2,1474
Baseline,C — charged familiar metaphor,Baseline,Net-New Federal 1000,2806
Benchmark,C — charged familiar metaphor,Benchmark,Final Blind Pool,6626
Signal,C — charged familiar metaphor,Signal,Final Blind Pool,4986
The Original,C — charged familiar metaphor,The Original,Decoy Review,4216
Skin in the Game,C — charged familiar metaphor,Skin in the Game,Net-New Federal 1000,8316
Timekeeper,C — charged familiar metaphor,Timekeeper,Decoy Review,964
Good Form,C — charged familiar metaphor,Goodform,Net-New Federal 1000,2829
Proof Positive,C — charged familiar metaphor,Proof Positive,Net-New Federal 1000; StraightUp Exploration,750
Case in Point,C — charged familiar metaphor,Case in Point,StraightUp Exploration,9061
The Long View,C — charged familiar metaphor,The Long View,Net-New Federal 1000,1462
