candidate_id,lane,wave,wave_number,name,score,decision,reason,live_exact_count,live_near_count,dead_or_unknown_exact_count,all_hit_count,representative_hits
0,A — category idea with voltage,1,1,Full Face,0.0,RED - LIVE EXACT / RELEVANT,Exact live hit in a relevant active class,2,2,1,11,"FULLFACE (SN 99083340; RN 8038594; live; exact; classes 009,035,042); FULL-FACE (SN 98029545; RN 7591881; live; exact; classes 028); FULL RACE (SN 88201343; RN 5799024; live; near-1; classes 025)"
1,A — category idea with voltage,1,2,Face Value,0.0,AMBER - LIVE EXACT,Exact live hit; active classes appear outside core set or are missing,3,5,16,28,FACE VALUE (SN 88340478; RN 6108801; live; exact; classes 033); FACE VALUE (SN 87396031; RN 5366436; live; exact; classes 041); FACE VALUE (SN 76580304; RN 3077172; live; exact; classes 028)
2,A — category idea with voltage,1,3,Future Face,0.0,AMBER - LIVE EXACT,Exact live hit; active classes appear outside core set or are missing,1,1,3,7,"FUTURE FACE (SN 79324959; RN 6932732; live; exact; classes 024,025,040); FUTUREPACE (SN 85107917; RN 3950471; live; near-1; classes 035); FUTURE FACE (SN 74117646; dead/unknown; exact)"
3,A — category idea with voltage,1,4,Face First,0.0,RED - LIVE EXACT / RELEVANT,Exact live hit in a relevant active class,9,1,9,20,FACE FIRST (SN 74143576; RN 1704258; live; exact; classes 021); FACE FIRST (SN 74133671; RN 1672323; live; exact; classes 003); FACE FIRST (SN 74133674; RN 1665218; live; exact; classes 035)
4,A — category idea with voltage,1,5,Own Face,0.0,AMBER - LIVE NEAR / RELEVANT,One-edit live hit in a relevant active class,0,6,0,12,ONFACE (SN 79432630; RN 8172994; live; near-1; classes 010); ONFACE (SN 79433479; RN 8090828; live; near-1; classes 021); OWNACE (SN 79358702; RN 7273154; live; near-1; classes 007)
5,A — category idea with voltage,1,6,This Face,0.0,YELLOW - LIVE NEAR,One-edit live hit outside the core active-class set,0,1,0,1,THISPACE (SN 99711258; live; near-1; classes 020)
6,A — category idea with voltage,1,7,Faceworthy,0.0,PROVISIONAL PASS,No exact or edit-distance-one federal record found,0,0,0,0,
7,A — category idea with voltage,1,8,Facestate,0.0,PROVISIONAL PASS,No exact or edit-distance-one federal record found,0,0,0,0,
8,A — category idea with voltage,1,9,Skin First,0.0,RED - LIVE EXACT / RELEVANT,Exact live hit in a relevant active class,1,1,4,6,"SKIN-FIRST (SN 99726950; live; exact; classes 044); SHINFIRST (SN 90394467; RN 6515609; live; near-1; classes 028); SKIN FIRST (SN 98426553; dead/unknown; exact; classes 003,005,035)"
9,A — category idea with voltage,1,10,Own Skin,0.0,AMBER - LIVE NEAR / RELEVANT,One-edit live hit in a relevant active class,0,2,0,4,WONSKIN (SN 88023404; RN 6713605; live; near-1; classes 005); ONSKIN (SN 98601596; live; near-1; classes 009); ON SKIN (SN 86617651; dead/unknown; near-1; classes 003)
10,A — category idea with voltage,1,11,Skin Forward,0.0,PROVISIONAL PASS,No exact or edit-distance-one federal record found,0,0,0,0,
11,A — category idea with voltage,1,12,Skinspan,0.0,RED - LIVE EXACT / RELEVANT,Exact live hit in a relevant active class,2,3,1,21,"SKINSPAN (SN 79432080; live; exact; classes 003); SKINSPAN (SN 99210063; live; exact; classes 009,016,041,042); SKINSCAN (SN 99458006; live; near-1; classes 044)"
12,A — category idea with voltage,1,13,Better Bare,0.0,AMBER - LIVE NEAR / RELEVANT,One-edit live hit in a relevant active class,0,7,0,24,"BUTTERBARE (SN 98475532; live; near-1; classes 003,005); BETTERWARE (SN 88946677; RN 7176548; live; near-1; classes 020,035); BETTER BAR (SN 98669107; live; near-1; classes 034)"
13,A — category idea with voltage,1,14,Bareproof,0.0,PROVISIONAL PASS,Only dead/unknown one-edit records found,0,0,0,6,CAREPROOF (SN 88710596; dead/unknown; near-1; classes 001); BAR PROOF (SN 86750892; RN 5210074; dead/unknown; near-1); BAR PROOF (SN 86750915; RN 5210075; dead/unknown; near-1)
14,A — category idea with voltage,1,15,Skin in Full,0.0,AMBER - LIVE NEAR / RELEVANT,One-edit live hit in a relevant active class,0,1,0,1,SKINIFULL (SN 98963890; live; near-1; classes 003)
15,A — category idea with voltage,1,16,Original Skin,0.0,RED - LIVE EXACT / RELEVANT,Exact live hit in a relevant active class,1,3,7,25,"ORIGINAL SKIN (SN 85775445; RN 4790952; live; exact; classes 003); ORIGINAL SIN (SN 99595420; live; near-1; classes 018,025); ORIGINAL SIN (SN 86123400; RN 4765265; live; near-1; classes 016)"
16,A — category idea with voltage,1,17,More You,0.0,AMBER - LIVE EXACT,Exact live hit; active classes appear outside core set or are missing,1,5,3,12,"MORE YOU (SN 99770880; live; exact; classes 014,025); MEREYOU (SN 99494113; RN 8293577; live; near-1; classes 005); ROREYOU (SN 97337924; RN 7047943; live; near-1; classes 021)"
17,A — category idea with voltage,1,18,Standard of One,0.0,PROVISIONAL PASS,No exact or edit-distance-one federal record found,0,0,0,0,
18,A — category idea with voltage,1,19,Long Live Skin,0.0,PROVISIONAL PASS,No exact or edit-distance-one federal record found,0,0,0,0,
19,A — category idea with voltage,1,20,Agekind,0.0,AMBER - LIVE EXACT,Exact live hit; active classes appear outside core set or are missing,1,1,0,2,AGEKIND (SN 90180859; RN 6415195; live; exact; classes 011); AGEWIND (SN 97234193; RN 6884941; live; near-1; classes 025)
20,B — legible invention,1,21,Skindependent,0.0,RED - LIVE EXACT / RELEVANT,Exact live hit in a relevant active class,1,0,0,2,SKINDEPENDENT (SN 88763239; RN 6351436; live; exact; classes 003); SKI INDEPENDENT. (SN 87676469; RN 5533721; dead/unknown; near-1)
21,B — legible invention,1,22,Skindividual,0.0,RED - LIVE EXACT / RELEVANT,Exact live hit in a relevant active class,1,0,1,4,"SKINDIVIDUAL (SN 79297895; RN 7324331; live; exact; classes 003,005); SKINDIVIDUAL (SN 76389790; RN 2983511; dead/unknown; exact); SKINDIVIDUALS (SN 73669222; RN 1475011; dead/unknown; near-1)"
22,B — legible invention,1,23,Skinsider,0.0,RED - LIVE EXACT / RELEVANT,Exact live hit in a relevant active class,1,2,3,10,SKINSIDER (SN 97068397; RN 6899251; live; exact; classes 044); KIN-SIDER (SN 98492110; RN 8153121; live; near-1; classes 012); SKI SIDER (SN 73395738; RN 1263633; live; near-1; classes 019)
23,B — legible invention,1,24,Skintellect,0.0,RED - LIVE EXACT / RELEVANT,Exact live hit in a relevant active class,1,0,2,4,SKINTELLECT (SN 86716360; RN 4950195; live; exact; classes 003); SKINTELLECT (SN 88166860; dead/unknown; exact; classes 003); SKINTELLECT (SN 75724594; dead/unknown; exact; classes 003)
24,B — legible invention,1,25,Skinwealth,0.0,RED - LIVE EXACT / RELEVANT,Exact live hit in a relevant active class,1,1,0,7,SKIN WEALTH (SN 88777401; RN 6381427; live; exact; classes 003); SKIN HEALTH (SN 74524198; RN 2004767; live; near-1; classes 003); KINWEALTH (SN 86872999; RN 5026576; dead/unknown; near-1)
25,B — legible invention,1,26,Facetual,0.0,AMBER - LIVE NEAR / RELEVANT,One-edit live hit in a relevant active class,0,1,0,3,"FACTUAL (SN 77654002; RN 3874088; live; near-1; classes 035,042); FACTUAL (SN 86703272; RN 4895840; dead/unknown; near-1); FACTUAL (SN 86682753; RN 5011039; dead/unknown; near-1)"
26,B — legible invention,1,27,Evident,0.0,RED - LIVE EXACT / RELEVANT,Exact live hit in a relevant active class,12,12,21,55,"EVIDENT (SN 99722244; live; exact; classes 010); EVIDENT (SN 99468712; live; exact; classes 005,010,042,044); EVIDENT (SN 98397910; RN 7820647; live; exact; classes 021)"
27,B — legible invention,1,28,Evidense,0.0,AMBER - LIVE NEAR / RELEVANT,One-edit live hit in a relevant active class,0,9,1,33,"EVIDENS (SN 98761419; live; near-1; classes 009,035,042); EVISENSE (SN 97482963; RN 7210751; live; near-1; classes 007,009,012,021,035,037,038,042); EVIDENCE (SN 75697658; RN 3225354; live; near-1; classes 001,005)"
28,B — legible invention,1,29,Dermocracy,0.0,RED - LIVE EXACT / RELEVANT,Exact live hit in a relevant active class,2,2,1,17,DERMOCRACY (SN 99576129; live; exact; classes 003); DERMOCRACY (SN 78662505; RN 3655926; live; exact; classes 035); DEMOCRACY (SN 99604596; live; near-1; classes 035)
29,B — legible invention,1,30,Proov,0.0,RED - LIVE EXACT / RELEVANT,Exact live hit in a relevant active class,1,86,3,246,PROOV (SN 87886242; RN 5622245; live; exact; classes 005); PROOF (SN 99919209; live; near-1; classes 003); PROOF (SN 99813163; live; near-1; classes 035)
30,B — legible invention,1,31,Proofed,0.0,RED - LIVE EXACT / RELEVANT,Exact live hit in a relevant active class,2,4,3,14,PROOFED (SN 98089509; RN 7892853; live; exact; classes 003); PROOFED (SN 90538530; RN 6783849; live; exact; classes 041); PROOTED (SN 79452566; live; near-1; classes 003)
31,B — legible invention,1,32,Verity,0.0,RED - LIVE EXACT / RELEVANT,Exact live hit in a relevant active class,36,68,54,256,"VERITY (SN 99889056; live; exact; classes 003); VERITY (SN 99661652; live; exact; classes 035,042,045); VERITY (SN 99422104; RN 8222558; live; exact; classes 035)"
32,B — legible invention,1,33,Truform,0.0,RED - LIVE EXACT / RELEVANT,Exact live hit in a relevant active class,12,29,36,108,"TRUFORM (SN 97880077; live; exact; classes 021); TRUFORM (SN 90315295; RN 6448076; live; exact; classes 010); TRUFORM (SN 86598429; RN 4999536; live; exact; classes 005,010)"
33,B — legible invention,1,34,Truer,0.0,AMBER - LIVE NEAR / RELEVANT,One-edit live hit in a relevant active class,0,114,0,322,"TRUE (SN 99811667; live; near-1; classes 005,032); TRUED (SN 99663036; live; near-1; classes 035,042); TRUE RX (SN 99167318; RN 8085232; live; near-1; classes 005)"
34,B — legible invention,1,35,Unfiltrd,0.0,YELLOW - DEAD EXACT,Exact federal record exists but is coded dead/unknown,0,0,1,2,UNFILTRD (SN 85943175; RN 4676062; dead/unknown; exact); UNFLTRD (SN 88305516; RN 5796382; dead/unknown; near-1)
35,B — legible invention,1,36,Unalterd,0.0,AMBER - LIVE NEAR / RELEVANT,One-edit live hit in a relevant active class,0,3,0,4,UNALTERED (SN 87390868; RN 5338822; live; near-1; classes 005); UNALTERED (SN 97754375; RN 7298311; live; near-1; classes 025); UNALTERED (SN 97059134; RN 6888713; live; near-1; classes 042)
36,B — legible invention,1,37,Inview,0.0,RED - LIVE EXACT / RELEVANT,Exact live hit in a relevant active class,12,31,41,191,"+INVIEW (SN 99059400; live; exact; classes 035,042); INVIEW (SN 86818568; RN 5144354; live; exact; classes 009,010); INVIEW (SN 77672918; RN 3676183; live; exact; classes 010)"
37,B — legible invention,1,38,Helth,0.0,AMBER - LIVE NEAR / RELEVANT,One-edit live hit in a relevant active class,0,37,1,105,"HETH (SN 99679854; live; near-1; classes 005); WELTH (SN 98894300; live; near-1; classes 035,042); HETH (SN 98602712; RN 8153535; live; near-1; classes 005)"
38,B — legible invention,1,39,Lifespn,0.0,AMBER - LIVE NEAR / RELEVANT,One-edit live hit in a relevant active class,0,22,0,83,"LIFESPAN (SN 99777100; live; near-1; classes 035,041); LIFESPAN (SN 99494697; RN 8311861; live; near-1; classes 003,005,041); LIFESPIN (SN 79229061; RN 5663566; live; near-1; classes 001,005,042,045)"
39,B — legible invention,1,40,Evolv,0.0,RED - LIVE EXACT / RELEVANT,Exact live hit in a relevant active class,27,224,37,636,EVOLV. (SN 98773984; RN 7848866; live; exact; classes 003); EVOLV (SN 98714355; live; exact; classes 005); EVOLV (SN 98526081; RN 8146635; live; exact; classes 021)
40,C — charged familiar metaphor,1,41,Double Take,0.0,RED - LIVE EXACT / RELEVANT,Exact live hit in a relevant active class,20,1,68,106,DOUBLE TAKE (SN 99735143; live; exact; classes 003); DOUBLE TAKE (SN 99673378; live; exact; classes 021); DOUBLE TAKE (SN 99420607; live; exact; classes 030)
41,C — charged familiar metaphor,1,42,Second Look,0.0,RED - LIVE EXACT / RELEVANT,Exact live hit in a relevant active class,8,0,25,34,SECOND LOOK (SN 78883666; RN 3215762; live; exact; classes 035); SECONDLOOK (SN 78596028; RN 3188122; live; exact; classes 010); SECONDLOOK (SN 97912098; RN 7485080; live; exact; classes 036)
42,C — charged familiar metaphor,1,43,Look Closer,0.0,YELLOW - DEAD EXACT,Exact federal record exists but is coded dead/unknown,0,0,9,9,LOOK CLOSER (SN 78445111; RN 2989665; dead/unknown; exact); LOOK CLOSER (SN 76511913; dead/unknown; exact; classes 042); LOOK CLOSER (SN 75632270; dead/unknown; exact; classes 041)
43,C — charged familiar metaphor,1,44,Resolution,0.0,RED - LIVE EXACT / RELEVANT,Exact live hit in a relevant active class,24,148,74,619,"RESOLUTION (SN 98835455; RN 7689349; live; exact; classes 044); RESÖLUTION (SN 90552945; RN 6661444; live; exact; classes 003,021); RESOLUTION (SN 90444948; RN 6552479; live; exact; classes 044)"
44,C — charged familiar metaphor,1,45,In Plain Sight,0.0,AMBER - LIVE EXACT,Exact live hit; active classes appear outside core set or are missing,3,0,1,5,IN PLAIN SIGHT (SN 88575240; RN 7202232; live; exact; classes 041); IN PLAIN SIGHT (SN 88984600; RN 6880561; live; exact; classes 043); IN PLAIN SIGHT (SN 78831489; RN 3514209; live; exact; classes 041)
45,C — charged familiar metaphor,1,46,See for Yourself,0.0,RED - LIVE EXACT / RELEVANT,Exact live hit in a relevant active class,4,3,19,26,SEE FOR YOURSELF (SN 88432456; RN 6060224; live; exact; classes 035); SEE FOR YOURSELF. (SN 98340475; live; exact; classes 009); SEE FOR YOURSELF (SN 97364049; RN 7226235; live; exact; classes 009)
46,C — charged familiar metaphor,1,47,Own Image,0.0,PROVISIONAL PASS,Only dead/unknown one-edit records found,0,0,0,1,OMNIMAGE (SN 75217746; dead/unknown; near-1)
47,C — charged familiar metaphor,1,48,Lineage,0.0,RED - LIVE EXACT / RELEVANT,Exact live hit in a relevant active class,32,18,48,121,"LINEAGE (SN 99607839; live; exact; classes 035); LINEAGE (SN 99353537; live; exact; classes 009,016,021,032,041); LINEAGE (SN 98965664; RN 8249298; live; exact; classes 005)"
48,C — charged familiar metaphor,1,49,Throughline,0.0,AMBER - LIVE EXACT,Exact live hit; active classes appear outside core set or are missing,5,0,7,13,THROUGHLINE (SN 99767891; live; exact; classes 042); THROUGHLINE (SN 99665384; live; exact; classes 009); THROUGHLINE (SN 97374541; RN 7208905; live; exact; classes 033)
49,C — charged familiar metaphor,1,50,Wear It Well,0.0,YELLOW - DEAD EXACT,Exact federal record exists but is coded dead/unknown,0,0,3,3,WEAR IT WELL (SN 86050398; RN 4523519; dead/unknown; exact); WEAR IT WELL (SN 85091709; dead/unknown; exact; classes 005); WEAR IT WELL (SN 77335405; RN 3673768; dead/unknown; exact)
50,C — charged familiar metaphor,1,51,In Stride,0.0,RED - LIVE EXACT / RELEVANT,Exact live hit in a relevant active class,4,6,15,31,"INSTRIDE (SN 99897799; live; exact; classes 005,030); INSTRIDE (SN 88369492; RN 6092032; live; exact; classes 035,041); INSTRIDE (SN 78380354; RN 2941931; live; exact; classes 025)"
51,C — charged familiar metaphor,1,52,For Keeps,0.0,RED - LIVE EXACT / RELEVANT,Exact live hit in a relevant active class,7,2,11,24,"FOR KEEPS (SN 99414697; live; exact; classes 035); FORKEEPS (SN 98440994; live; exact; classes 028,035); FOR KEEPS (SN 99504383; live; exact; classes 016)"
52,C — charged familiar metaphor,1,53,Future Perfect,0.0,AMBER - LIVE EXACT,Exact live hit; active classes appear outside core set or are missing,4,0,20,27,"FUTURE PERFECT (SN 97502253; RN 7144025; live; exact; classes 018); FUTURE PERFECT (SN 90342249; RN 7836275; live; exact; classes 041); FUTURE PERFECT (SN 88158283; RN 5962658; live; exact; classes 009,041)"
53,C — charged familiar metaphor,1,54,Ground Truth,0.0,RED - LIVE EXACT / RELEVANT,Exact live hit in a relevant active class,13,3,12,28,"GROUND TRUTH (SN 99400196; live; exact; classes 035,036); GROUNDTRUTH (SN 79241693; RN 5876307; live; exact; classes 009,018,035,042); GROUNDTRUTH (SN 87979566; RN 5676750; live; exact; classes 035)"
54,C — charged familiar metaphor,1,55,Source Code,0.0,AMBER - LIVE EXACT,Exact live hit; active classes appear outside core set or are missing,1,0,10,11,SOURCECODE (SN 78758079; RN 3464145; live; exact; classes 009); SOURCECODE (SN 90589721; dead/unknown; exact; classes 035); SOURCECODE (SN 88670704; dead/unknown; exact; classes 003)
55,C — charged familiar metaphor,1,56,Track Record,0.0,YELLOW - DEAD EXACT,Exact federal record exists but is coded dead/unknown,0,0,12,13,TRACKRECORD (SN 86941481; RN 5454065; dead/unknown; exact); TRACKRECORD (SN 78623828; RN 3331013; dead/unknown; exact); TRACKRECORD (SN 76195082; RN 2527294; dead/unknown; exact)
56,C — charged familiar metaphor,1,57,Personal Best,0.0,RED - LIVE EXACT / RELEVANT,Exact live hit in a relevant active class,5,0,34,40,"PERSONAL BEST (SN 97533291; live; exact; classes 003); PERSONAL BEST (SN 77274443; RN 3514998; live; exact; classes 009,016,041); PERSONAL BEST (SN 77054730; RN 3419206; live; exact; classes 009)"
57,C — charged familiar metaphor,1,58,True Fit,0.0,RED - LIVE EXACT / RELEVANT,Exact live hit in a relevant active class,20,40,46,198,"TRUEFIT (SN 98861703; RN 8091543; live; exact; classes 010); TRUEFIT (SN 98719427; live; exact; classes 010); TRUE-FIT (SN 98349596; live; exact; classes 009,010)"
58,C — charged familiar metaphor,1,59,One Better,0.0,AMBER - LIVE NEAR / RELEVANT,One-edit live hit in a relevant active class,0,5,4,11,ONCE BETTER (SN 98786732; live; near-1; classes 005); ONBETTER (SN 98692245; RN 7897581; live; near-1; classes 005); NONE BETTER (SN 99662732; live; near-1; classes 034)
59,C — charged familiar metaphor,1,60,Skin in the Game,0.0,RED - LIVE EXACT / RELEVANT,Exact live hit in a relevant active class,5,0,10,15,"SKIN IN THE GAME (SN 99211833; live; exact; classes 035,041); SKIN IN THE GAME (SN 99121755; RN 8099816; live; exact; classes 035,041); SKIN IN THE GAME (SN 97725703; RN 8268782; live; exact; classes 003)"
60,A — category idea with voltage,1,61,Self Evident,0.0,AMBER - LIVE EXACT,Exact live hit; active classes appear outside core set or are missing,2,0,1,5,"SELF EVIDENT (SN 99893515; live; exact; classes 009,042); SELF-EVIDENT (SN 90263783; RN 6640788; live; exact; classes 033); SELF EVIDENT (SN 86878561; dead/unknown; exact; classes 033)"
61,A — category idea with voltage,1,62,Present Perfect,0.0,RED - LIVE EXACT / RELEVANT,Exact live hit in a relevant active class,3,0,7,10,"PRESENT PERFECT (SN 79384983; RN 7953934; live; exact; classes 005,035); PRESENT PERFECT (SN 88435378; RN 6217577; live; exact; classes 035); PRESENT PERFECT (SN 77900514; RN 4172078; live; exact; classes 021,031)"
62,A — category idea with voltage,1,63,Surface Tension,0.0,YELLOW - DEAD EXACT,Exact federal record exists but is coded dead/unknown,0,0,3,3,SURFACETENSION (SN 79126947; RN 4394511; dead/unknown; exact); SURFACE TENSION (SN 77107195; dead/unknown; exact; classes 033); SURFACE TENSION (SN 78016598; dead/unknown; exact; classes 027)
63,A — category idea with voltage,1,64,Applied Science,0.0,PROVISIONAL PASS,Only dead/unknown one-edit records found,0,0,0,1,APPLIED SCIENCES (SN 78081084; dead/unknown; near-1; classes 042)
64,A — category idea with voltage,1,65,Truth Serum,0.0,RED - LIVE EXACT / RELEVANT,Exact live hit in a relevant active class,1,0,14,15,TRUTH SERUM (SN 78784279; RN 3173981; live; exact; classes 003); TRUTH SERUM (SN 99283703; dead/unknown; exact; classes 041); TRUTH SERUM (SN 98028656; dead/unknown; exact; classes 032)
65,A — category idea with voltage,1,66,Face the Facts,0.0,AMBER - LIVE EXACT,Exact live hit; active classes appear outside core set or are missing,1,0,4,6,FACE THE FACTS (SN 98484185; live; exact; classes 041); FACE THE FACTS (SN 97422253; dead/unknown; exact; classes 041); FACE THE FACTS (SN 77589356; dead/unknown; exact; classes 028)
66,A — category idea with voltage,1,67,Bare Science,0.0,AMBER - LIVE NEAR / RELEVANT,One-edit live hit in a relevant active class,0,7,1,13,CARE SCIENCE (SN 99582953; live; near-1; classes 005); CARE SCIENCE (SN 99582965; live; near-1; classes 010); CARE SCIENCE (SN 88605853; RN 6073299; live; near-1; classes 003)
67,A — category idea with voltage,1,68,Pretty Smart,0.0,RED - LIVE EXACT / RELEVANT,Exact live hit in a relevant active class,5,0,12,17,"PRETTY SMART (SN 86158635; RN 4677608; live; exact; classes 003); PRETTYSMART (SN 97157506; RN 7002073; live; exact; classes 009,016,038); PRETTY SMART (SN 88758025; RN 6254734; live; exact; classes 041)"
68,A — category idea with voltage,1,69,Good Chemistry,0.0,RED - LIVE EXACT / RELEVANT,Exact live hit in a relevant active class,5,0,7,13,"GOOD CHEMISTRY (SN 99229698; live; exact; classes 003); GOOD CHEMISTRY (SN 87282125; RN 5419438; live; exact; classes 003); GOOD CHEMISTRY (SN 79341685; RN 7238367; live; exact; classes 009,042)"
69,A — category idea with voltage,1,70,Outside In,0.0,RED - LIVE EXACT / RELEVANT,Exact live hit in a relevant active class,9,3,19,32,"OUTSIDE IN (SN 99657823; live; exact; classes 021,030,035); OUTSIDE IN (SN 99553107; live; exact; classes 003); OUTSIDE-IN (SN 99113036; live; exact; classes 003,004,018,021,035)"
70,B — legible invention,1,71,Fullproof,0.0,AMBER - LIVE NEAR / RELEVANT,One-edit live hit in a relevant active class,0,7,3,24,BULLPROOF (SN 90759147; RN 6765625; live; near-1; classes 005); PULLPROOF (SN 99304785; live; near-1; classes 009); FUELPROOF (SN 98826428; live; near-1; classes 009)
71,B — legible invention,1,72,Selfproof,0.0,PROVISIONAL PASS,No exact or edit-distance-one federal record found,0,0,0,0,
72,B — legible invention,1,73,Skinexact,0.0,PROVISIONAL PASS,No exact or edit-distance-one federal record found,0,0,0,0,
73,B — legible invention,1,74,Factskin,0.0,AMBER - LIVE NEAR / RELEVANT,One-edit live hit in a relevant active class,0,3,0,7,"FASTSKIN (SN 79371732; RN 7734202; live; near-1; classes 005,010); FASTSKIN (SN 85979866; RN 4480793; live; near-1; classes 009); FASTSKIN (SN 76083823; RN 2701688; live; near-1; classes 025)"
74,B — legible invention,1,75,Herproof,0.0,AMBER - LIVE NEAR / RELEVANT,One-edit live hit in a relevant active class,0,1,0,7,HEROPROOF (SN 88256577; RN 5898938; live; near-1; classes 010); VERPROOF (SN 90471530; dead/unknown; near-1); VERPROOF (SN 90471531; dead/unknown; near-1; classes 013)
75,B — legible invention,1,76,Proofskin,0.0,PROVISIONAL PASS,Only dead/unknown one-edit records found,0,0,0,1,ROOF SKIN (SN 74215745; RN 1982774; dead/unknown; near-1)
76,B — legible invention,1,77,Truself,0.0,AMBER - LIVE NEAR / RELEVANT,One-edit live hit in a relevant active class,0,4,5,18,"TRUESELF (SN 79354405; RN 7435243; live; near-1; classes 009,016,028,035,041,042); TRESELF (SN 98964873; RN 7949461; live; near-1; classes 026); TRUESELF (SN 98045708; RN 7709659; live; near-1; classes 009)"
77,B — legible invention,1,78,Skinsmart,0.0,RED - LIVE EXACT / RELEVANT,Exact live hit in a relevant active class,7,6,11,26,"SKIN SMART (SN 97308226; live; exact; classes 003,005); SKIN SMART (SN 87004619; RN 6283269; live; exact; classes 005); SKIN SMART (SN 85458742; RN 4859950; live; exact; classes 003)"
78,B — legible invention,1,79,Skinthesis,0.0,RED - LIVE EXACT / RELEVANT,Exact live hit in a relevant active class,2,1,4,12,SKIN THESIS (SN 87908059; RN 5938945; live; exact; classes 003); SKIN THESIS (SN 86884602; RN 5172741; live; exact; classes 044); SYINTHESIS (SN 78504822; RN 3130978; live; near-1; classes 041)
79,B — legible invention,1,80,Skinstandard,0.0,RED - LIVE EXACT / RELEVANT,Exact live hit in a relevant active class,1,0,0,1,SKINSTANDARD (SN 98300596; RN 7765355; live; exact; classes 003)
80,C — charged familiar metaphor,1,81,Exhibit A,0.0,AMBER - LIVE EXACT,Exact live hit; active classes appear outside core set or are missing,2,6,15,45,"EXHIBIT-A (SN 90797928; RN 6786909; live; exact; classes 018,025); EXHIBIT ""A"" (SN 86616691; RN 5296825; live; exact; classes 032); EXHIB-IT (SN 90327563; RN 6733472; live; near-1; classes 035,042)"
81,C — charged familiar metaphor,1,82,Timekeeper,0.0,RED - LIVE EXACT / RELEVANT,Exact live hit in a relevant active class,6,1,22,42,TIME KEEPER (SN 87591874; RN 5457816; live; exact; classes 010); TIMEKEEPER (SN 99411878; live; exact; classes 013); TIME-KEEPER (SN 97439629; RN 7106245; live; exact; classes 009)
82,C — charged familiar metaphor,1,83,Long Game,0.0,RED - LIVE EXACT / RELEVANT,Exact live hit in a relevant active class,5,0,5,11,LONG GAME (SN 99901257; live; exact; classes 003); LONG GAME (SN 99055080; RN 7795591; live; exact; classes 005); LONG GAME (SN 98027881; RN 7853627; live; exact; classes 009)
83,C — charged familiar metaphor,1,84,Good Form,0.0,RED - LIVE EXACT / RELEVANT,Exact live hit in a relevant active class,6,5,6,37,GOODFORM (SN 90430676; RN 6544601; live; exact; classes 035); GOOD FORM (SN 99314090; live; exact; classes 027); GOOD FORM (SN 99314254; live; exact; classes 027)
84,C — charged familiar metaphor,1,85,In Progress,0.0,AMBER - LIVE NEAR / RELEVANT,One-edit live hit in a relevant active class,0,3,1,9,"ION PROGRESS (SN 86856090; RN 5312105; live; near-1; classes 010,042,044); I PROGRESS (SN 98165558; RN 7486836; live; near-1; classes 041); IPROGRESS (SN 98027088; RN 7420823; live; near-1; classes 041)"
85,C — charged familiar metaphor,1,86,Proof Positive,0.0,AMBER - LIVE EXACT,Exact live hit; active classes appear outside core set or are missing,3,0,22,26,"PROOF POSITIVE (SN 88025744; RN 5680389; live; exact; classes 009); PROOF-POSITIVE (SN 87027919; RN 5104647; live; exact; classes 013); PROOF POSITIVE (SN 85318822; RN 4074071; live; exact; classes 009,045)"
86,C — charged familiar metaphor,1,87,Case in Point,0.0,AMBER - LIVE EXACT,Exact live hit; active classes appear outside core set or are missing,2,0,9,14,CASE IN POINT (SN 99240292; live; exact; classes 041); CASE IN POINT (SN 87513110; RN 5386070; live; exact; classes 041); CASE IN POINT (SN 98795323; dead/unknown; exact; classes 033)
87,C — charged familiar metaphor,1,88,Surface Charge,0.0,PROVISIONAL PASS,No exact or edit-distance-one federal record found,0,0,0,0,
88,C — charged familiar metaphor,1,89,Sheer Science,0.0,RED - LIVE EXACT / RELEVANT,Exact live hit in a relevant active class,1,0,1,2,SHEER SCIENCE (SN 86963039; RN 5210630; live; exact; classes 003); SHEER SCIENCE (SN 88468612; dead/unknown; exact; classes 005)
89,C — charged familiar metaphor,1,90,The Long View,0.0,YELLOW - DEAD EXACT,Exact federal record exists but is coded dead/unknown,0,0,2,2,THE LONGVIEW (SN 75137432; dead/unknown; exact; classes 016); THE LONGVIEW (SN 75106112; RN 2131812; dead/unknown; exact)
90,A — category idea with voltage,1,91,Fineprint,0.0,AMBER - LIVE EXACT,Exact live hit; active classes appear outside core set or are missing,5,12,10,44,"FINE PRINT (SN 98790637; live; exact; classes 025,041); FINE PRINT (SN 87766995; RN 5717187; live; exact; classes 033); FINE PRINT (SN 87258489; RN 5392781; live; exact; classes 041)"
91,A — category idea with voltage,1,92,Boldface,0.0,RED - LIVE EXACT / RELEVANT,Exact live hit in a relevant active class,2,3,6,11,BOLDFACE (SN 90185249; RN 6680484; live; exact; classes 003); BOLDFACE (SN 97814875; RN 7337197; live; exact; classes 033); COLDFACE (SN 90694295; RN 6713037; live; near-1; classes 010)
92,A — category idea with voltage,1,93,Straight Face,0.0,AMBER - LIVE EXACT,Exact live hit; active classes appear outside core set or are missing,1,0,0,2,"STRAIGHTFACE (SN 99016461; RN 7968489; live; exact; classes 038); STRAIGHTACE (SN 85736784; dead/unknown; near-1; classes 009,016,041)"
93,A — category idea with voltage,1,94,Bare Facts,0.0,YELLOW - LIVE NEAR,One-edit live hit outside the core active-class set,0,1,4,9,CAREFACTS (SN 99187739; live; near-1; classes 041); BARE FACTS (SN 73734606; RN 1562260; dead/unknown; exact); BARE FACTS (SN 73405732; dead/unknown; exact)
94,A — category idea with voltage,1,95,Face It,0.0,RED - LIVE EXACT / RELEVANT,Exact live hit in a relevant active class,11,39,38,174,"FACE IT (SN 99617753; live; exact; classes 003); FACEIT (SN 86595888; RN 4897591; live; exact; classes 009,035,038,041,042); FACE IT (SN 85920011; RN 4451148; live; exact; classes 035)"
95,A — category idea with voltage,1,96,Face Facts,0.0,RED - LIVE EXACT / RELEVANT,Exact live hit in a relevant active class,1,0,8,10,FACE FACTS (SN 97176801; RN 6954224; live; exact; classes 003); FACE FACTS (SN 88453083; dead/unknown; exact; classes 041); FACE FACTS (SN 76686271; RN 3656229; dead/unknown; exact)
96,A — category idea with voltage,1,97,Act Your Age,0.0,YELLOW - LIVE NEAR,One-edit live hit outside the core active-class set,0,1,2,3,ACT YOUR WAGE (SN 85188473; RN 3989739; live; near-1; classes 028); ACT YOUR AGE (SN 88886060; dead/unknown; exact; classes 003); ACT YOUR AGE (SN 77608105; dead/unknown; exact; classes 041)
97,A — category idea with voltage,1,98,Unedited,0.0,RED - LIVE EXACT / RELEVANT,Exact live hit in a relevant active class,2,0,3,5,UNEDITED (SN 79197691; RN 5197889; live; exact; classes 003); UNEDITED (SN 99139097; live; exact; classes 033); UNEDITED (SN 90254725; dead/unknown; exact; classes 025)
98,A — category idea with voltage,1,99,Unretouched,0.0,PROVISIONAL PASS,No exact or edit-distance-one federal record found,0,0,0,0,
99,A — category idea with voltage,1,100,Open Formula,0.0,RED - LIVE EXACT / RELEVANT,Exact live hit in a relevant active class,1,0,0,1,OPEN FORMULA (SN 88284769; RN 5930525; live; exact; classes 003)
100,B — legible invention,1,101,Proofline,0.0,AMBER - LIVE EXACT,Exact live hit; active classes appear outside core set or are missing,2,3,0,11,PROOFLINE (SN 99560702; live; exact; classes 042); PROOFLINE (SN 76168886; RN 2676369; live; exact; classes 007); PROOFLANE (SN 99545002; live; near-1; classes 042)
101,B — legible invention,1,102,Proofmark,0.0,RED - LIVE EXACT / RELEVANT,Exact live hit in a relevant active class,2,0,3,5,"PROOFMARK (SN 99477001; live; exact; classes 009,035,042); PROOF MARK (SN 99442204; live; exact; classes 032,033); PROOFMARK (SN 76463725; RN 2788477; dead/unknown; exact)"
102,B — legible invention,1,103,Undoctored,0.0,YELLOW - DEAD EXACT,Exact federal record exists but is coded dead/unknown,0,0,2,3,"UNDOCTORED (SN 87147406; dead/unknown; exact; classes 005); UNDOCTORED (SN 87978303; RN 5717919; dead/unknown; exact); UNDOCTOREDU (SN 87147446; dead/unknown; near-1; classes 041,044)"
103,B — legible invention,1,104,Healthspan,0.0,RED - LIVE EXACT / RELEVANT,Exact live hit in a relevant active class,7,5,15,51,"HEALTHSPAN (SN 99672013; live; exact; classes 044); HEALTHSPAN (SN 98550367; RN 7758519; live; exact; classes 044); HEALTHSPAN+ (SN 98139451; RN 7931545; live; exact; classes 041,044)"
104,B — legible invention,1,105,Fine Form,0.0,YELLOW - LIVE NEAR,One-edit live hit outside the core active-class set,0,3,2,14,CINEFORM (SN 78416985; RN 3001335; live; near-1; classes 009); KINE-FORM (SN 75698933; RN 2324564; live; near-1; classes 007); FINN FORM (SN 72293884; RN 0870320; live; near-1; classes 019)
105,B — legible invention,1,106,Goldseam,0.0,AMBER - LIVE NEAR / RELEVANT,One-edit live hit in a relevant active class,0,27,0,114,GOLD SEAL (SN 99805384; live; near-1; classes 005); GOLD SEAL (SN 77845514; RN 3793028; live; near-1; classes 010); GOLDSEAL (SN 75216944; RN 2174453; live; near-1; classes 010)
106,B — legible invention,1,107,Byline,0.0,AMBER - LIVE EXACT,Exact live hit; active classes appear outside core set or are missing,1,34,9,143,"BYLINE (SN 78537733; RN 3110494; live; exact; classes 025); BUYLINE (SN 79435257; live; near-1; classes 035,041); BLINE (SN 98419589; RN 7951970; live; near-1; classes 003)"
107,B — legible invention,1,108,Firsthand,0.0,RED - LIVE EXACT / RELEVANT,Exact live hit in a relevant active class,7,2,24,41,FIRSTHAND (SN 98140270; RN 7591482; live; exact; classes 035); FIRSTHAND (SN 97125728; RN 7076792; live; exact; classes 044); FIRSTHAND (SN 88528407; RN 5977103; live; exact; classes 003)
108,B — legible invention,1,109,Trueform,0.0,RED - LIVE EXACT / RELEVANT,Exact live hit in a relevant active class,13,13,11,79,"TRUEFORM (SN 99883869; live; exact; classes 005); TRUE FORM (SN 90236621; RN 6424174; live; exact; classes 005); TRUEFORM (SN 88609139; RN 6196559; live; exact; classes 009,010)"
109,C — charged familiar metaphor,1,110,Proof of Life,0.0,RED - LIVE EXACT / RELEVANT,Exact live hit in a relevant active class,5,0,4,9,"PROOF OF LIFE (SN 98139769; live; exact; classes 035,036,042); PROOF OF LIFE (SN 99768042; live; exact; classes 042); PROOF OF LIFE (SN 99651918; RN 8314909; live; exact; classes 009)"
110,C — charged familiar metaphor,1,111,Vital Signs,0.0,RED - LIVE EXACT / RELEVANT,Exact live hit in a relevant active class,6,4,59,79,VITAL SIGNS (SN 88933538; RN 6263113; live; exact; classes 035); VITAL SIGNS (SN 77388702; RN 3684937; live; exact; classes 010); VITAL SIGNS (SN 98113757; RN 7367193; live; exact; classes 041)
111,C — charged familiar metaphor,1,112,Better Still,0.0,AMBER - LIVE EXACT,Exact live hit; active classes appear outside core set or are missing,2,0,0,2,BETTER STILL (SN 88206972; RN 6335568; live; exact; classes 042); BETTER STILL (SN 88206198; RN 6493744; live; exact; classes 041)
112,C — charged familiar metaphor,1,113,Own Time,0.0,AMBER - LIVE EXACT,Exact live hit; active classes appear outside core set or are missing,1,17,1,77,"OWNTIME (SN 97033743; RN 6774859; live; exact; classes 025); DOWN TIME (SN 99709775; live; near-1; classes 005); DOWN TIME (SN 99576722; live; near-1; classes 005,032)"
113,C — charged familiar metaphor,1,114,Standard of Care,0.0,RED - LIVE EXACT / RELEVANT,Exact live hit in a relevant active class,6,1,5,14,"STANDARD OF CARE (SN 97918874; RN 7292124; live; exact; classes 035,039); STANDARD OF CARE (SN 88196687; RN 5887308; live; exact; classes 044); STANDARD OF CARE (SN 88196618; RN 5881672; live; exact; classes 009,042)"
114,C — charged familiar metaphor,1,115,In Her Prime,0.0,RED - LIVE EXACT / RELEVANT,Exact live hit in a relevant active class,1,2,0,7,IN HER PRIME (SN 87652614; RN 6075375; live; exact; classes 003); INTERPRIME (SN 86223214; RN 4620720; live; near-1; classes 002); INTERPRIME (SN 76359752; RN 2842187; live; near-1; classes 002)
115,C — charged familiar metaphor,1,116,Open Secret,0.0,AMBER - LIVE NEAR / RELEVANT,One-edit live hit in a relevant active class,0,2,4,9,"OPENSECRETS (SN 99370819; RN 8211721; live; near-1; classes 035,036); OPEN SECRETS (SN 76174390; RN 2620023; live; near-1; classes 016,042); OPEN SECRET (SN 90901716; dead/unknown; exact; classes 033)"
116,C — charged familiar metaphor,1,117,Plain Sight,0.0,RED - LIVE EXACT / RELEVANT,Exact live hit in a relevant active class,8,2,7,19,"PLAINSIGHT (SN 99320823; live; exact; classes 009,035,042); PLAINSIGHT (SN 90721779; RN 6932013; live; exact; classes 035); PLAINSIGHT (SN 99117048; live; exact; classes 025)"
117,C — charged familiar metaphor,1,118,Full Disclosure,0.0,RED - LIVE EXACT / RELEVANT,Exact live hit in a relevant active class,5,0,16,22,"FULL DISCLOSURE (SN 78931556; RN 3354366; live; exact; classes 035); FULL DISCLOSURE (SN 97491790; RN 6925082; live; exact; classes 041,045); FULL DISCLOSURE (SN 90247346; RN 7151317; live; exact; classes 041)"
118,C — charged familiar metaphor,1,119,Life Lines,0.0,RED - LIVE EXACT / RELEVANT,Exact live hit in a relevant active class,9,45,35,284,"LIFELINES (SN 98536965; RN 8138580; live; exact; classes 016,021,026); LIFELINES (SN 90980377; RN 7356046; live; exact; classes 010,016); LIFELINES (SN 90060111; RN 7697695; live; exact; classes 016,035)"
119,C — charged familiar metaphor,1,120,True to Form,0.0,AMBER - LIVE EXACT,Exact live hit; active classes appear outside core set or are missing,2,0,2,5,"TRUETOFORM (SN 90813862; RN 6794678; live; exact; classes 009,042); TRUE TO FORM (SN 86936936; RN 5063767; live; exact; classes 014); TRUE TO FORM (SN 85007379; dead/unknown; exact; classes 021)"
