EditorialOrder,Name,World,CreativeRating,ExerciseNumber,Exercise,Form,TrademarkDecision,RepresentativeHits,EditorialReason,MarketplaceNote
1,Nextkeeping,Time and Skin Longevity,9.0,9,Morpheme engine,English-native compound or compression,PROVISIONAL PASS,NETKEEPING (SN 78108427; dead/unknown; near-1; classes 009); NETKEEPING (SN 76269603; dead/unknown; near-1; classes 035),A compact long-term-care idea with a clear keeping/next tension.,No exact operating beauty identity surfaced in a targeted current search.
2,Yearproof,Time and Skin Longevity,9.0,9,Morpheme engine,English-native compound or compression,YELLOW - LIVE NEAR,TEARPROOF (SN 99868232; live; near-1; classes 024); FEARPROOF (SN 88831526; RN 6639974; live; near-1; classes 025); BEARPROOF (SN 88795585; RN 6143772; live; near-1; classes 033),Turns longevity into a bold durability standard; warranty overtones remain.,Not included in the targeted current-marketplace leader check.
3,Onwardly,Time and Skin Longevity,9.1,7,Deconstruct / reconstruct,Transparent spelling modification,AMBER - LIVE NEAR / RELEVANT,INWARDLY (SN 99343404; RN 8178207; live; near-1; classes 005),Optimistic continuation in a clean adverb form; the one-edit Class 005 hit needs counsel.,Not included in the targeted current-marketplace leader check.
4,Added Time,Time and Skin Longevity,8.6,2,Benefit ladder / ultimate feeling,Explicit benefit or proposition,PROVISIONAL PASS,,"A familiar expression that makes continued improvement tangible, though protection may be narrow.",Not included in the targeted current-marketplace leader check.
5,Showthrough,Nothing Hidden and Transparency,8.8,7,Deconstruct / reconstruct,Transparent spelling modification,PROVISIONAL PASS,,Transparency with a material/visual meaning; slightly industrial but unusually ownable in tone.,No exact operating beauty identity surfaced in a targeted current search.
6,Undisguised,Nothing Hidden and Transparency,8.6,4,Anti-descriptor,Bold contradiction or anti-descriptor,PROVISIONAL PASS,,Direct openness and natural-face relevance; already appears as ordinary beauty copy.,"Ordinary beauty copy exists, including transparency/natural-face positioning; no exact source identity surfaced."
7,Ingredient Ledger,Nothing Hidden and Transparency,8.5,5,Win by contrast,Unexpected imported term,PROVISIONAL PASS,,"Makes disclosure operational and distinctive, but may fit a system better than the house.",Not included in the targeted current-marketplace leader check.
8,Viewing Port,Nothing Hidden and Transparency,8.5,5,Win by contrast,Unexpected imported term,PROVISIONAL PASS,,A concrete device for seeing inside; crisp but technical.,Not included in the targeted current-marketplace leader check.
9,Recognizably,Bare Face and Recognizable Self,8.9,7,Deconstruct / reconstruct,Transparent spelling modification,PROVISIONAL PASS,,Names continuity of identity instead of youth; long but semantically exact.,No exact source identity surfaced; ordinary beauty/editorial use of the word exists.
10,Original Negative,Bare Face and Recognizable Self,8.8,5,Win by contrast,Unexpected imported term,PROVISIONAL PASS,,Photography term with a productive anti-correction second meaning.,Not included in the targeted current-marketplace leader check.
11,Candid Standard,Bare Face and Recognizable Self,8.9,13,Compound: one plus one equals three,Category-relevant compound,PROVISIONAL PASS,,Combines unperformed appearance with a higher standard; somewhat editorial.,Not included in the targeted current-marketplace leader check.
12,Same Person,Bare Face and Recognizable Self,8.6,2,Benefit ladder / ultimate feeling,Explicit benefit or proposition,PROVISIONAL PASS,,"Human and emotionally immediate, but common language and likely narrow protection.",Not included in the targeted current-marketplace leader check.
13,Adaptive Practice,Skin Capability and Training,8.8,13,Compound: one plus one equals three,Category-relevant compound,PROVISIONAL PASS,,The clearest non-gym expression of progressive skin capability.,Used descriptively in current skincare editorial language; no exact source identity surfaced.
14,Gentle Load,Skin Capability and Training,8.5,4,Anti-descriptor,Bold contradiction or anti-descriptor,PROVISIONAL PASS,GENTLE LOADS (SN 98297498; dead/unknown; near-1; classes 003),A useful training contradiction: enough input to adapt without punishment.,Not included in the targeted current-marketplace leader check.
15,Rangekind,Skin Capability and Training,8.5,9,Morpheme engine,English-native compound or compression,PROVISIONAL PASS,"RANGE KING (SN 87296331; RN 5260583; dead/unknown; near-1); RANGE KING (SN 78951741; dead/unknown; near-1; classes 013,018); RANGE KING (SN 75494319; dead/unknown; near-1; classes 007)",A compact capability coinage with a human tone; interpretation is not immediate.,Not included in the targeted current-marketplace leader check.
16,Motor Pattern,Skin Capability and Training,8.6,5,Win by contrast,Unexpected imported term,PROVISIONAL PASS,,"Authentic training language with strong form, but body-performance associations dominate.",Not included in the targeted current-marketplace leader check.
17,Visible Gain,Visible Performance,8.7,13,Compound: one plus one equals three,Category-relevant compound,PROVISIONAL PASS,VISIBLEGAINS (SN 77826080; RN 3923873; dead/unknown; near-1),Direct performance language that survives the federal screen but is close to a claim.,No exact operating beauty identity surfaced in a targeted current search.
18,Change Register,Visible Performance,8.6,16,Synchronicity / source-library raid,Authentic insider terminology,PROVISIONAL PASS,,A technical record of improvement; intelligent but not emotionally warm.,No exact operating beauty identity surfaced in a targeted current search.
19,Understated Result,Visible Performance,8.6,4,Anti-descriptor,Bold contradiction or anti-descriptor,PROVISIONAL PASS,,"A premium performance contradiction, though phrase-like.",Not included in the targeted current-marketplace leader check.
20,By Degrees,Visible Performance,8.7,14,Real-word metaphor or eponym,Unexpected real word or metaphor,YELLOW - DEAD EXACT,BY-DEGREES (SN 73275953; RN 1199241; dead/unknown; exact); BYDEGREE (SN 88891795; dead/unknown; near-1; classes 041),Gradual visible improvement in a familiar idiom; dead exact federal history exists.,Not included in the targeted current-marketplace leader check.
21,Living Buffer,Barrier Strength and Adaptive Capacity,8.7,13,Compound: one plus one equals three,Category-relevant compound,PROVISIONAL PASS,,Makes resilience active and biological without literal armor language.,No exact operating beauty identity surfaced in a targeted current search.
22,Allostasis,Barrier Strength and Adaptive Capacity,8.6,10,Scientific borrowing,Authentic scientific terminology,PROVISIONAL PASS,,Authentic adaptive-regulation term with strong science; explanation dependence is high.,Not included in the targeted current-marketplace leader check.
23,Adaptive Range,Barrier Strength and Adaptive Capacity,8.6,5,Win by contrast,Unexpected imported term,PROVISIONAL PASS,,"Functional and clear, but closer to a platform or regimen than a masterbrand.",Not included in the targeted current-marketplace leader check.
24,Tolerance Window,Barrier Strength and Adaptive Capacity,8.6,5,Win by contrast,Unexpected imported term,PROVISIONAL PASS,,Authentic capacity language with a strong story; medical/technical tone remains.,Not included in the targeted current-marketplace leader check.
25,Shown Work,Evidence and Proof,8.4,13,Compound: one plus one equals three,Category-relevant compound,PROVISIONAL PASS,,Compact proof idea with less classroom syntax than Show Your Work.,No exact operating beauty identity surfaced in a targeted current search.
26,Witnessed,Evidence and Proof,8.5,14,Real-word metaphor or eponym,Unexpected real word or metaphor,YELLOW - LIVE NEAR,WITNESSER (SN 99666955; live; near-1; classes 042); WITNESSED (SN 86335313; dead/unknown; exact; classes 022); WITNESSED (SN 77741451; dead/unknown; exact; classes 025),Evidence as something observed; live one-edit and dead exact records require review.,Not included in the targeted current-marketplace leader check.
27,Verify First,Evidence and Proof,8.2,6,Name the audacity / worldview,Short stance phrase,PROVISIONAL PASS,,"Clear operating stance, but it behaves more like a principle than a house name.",Not included in the targeted current-marketplace leader check.
28,Claim Accounted,Evidence and Proof,8.3,6,Name the audacity / worldview,Short stance phrase,PROVISIONAL PASS,,Every promise has support; grammatically tense and campaign-like.,Not included in the targeted current-marketplace leader check.
29,Understandably,Better Informed and Customer Agency,8.3,7,Deconstruct / reconstruct,Transparent spelling modification,PROVISIONAL PASS,,"Warm, human comprehension without teacher language; category signal is weak.",No exact operating beauty identity surfaced; it remains an ordinary adverb.
30,Plainly Advanced,Better Informed and Customer Agency,8.1,4,Anti-descriptor,Bold contradiction or anti-descriptor,PROVISIONAL PASS,,Combines accessibility and sophistication in a productive contradiction.,Not included in the targeted current-marketplace leader check.
31,Beginner Expert,Better Informed and Customer Agency,8.1,4,Anti-descriptor,Bold contradiction or anti-descriptor,PROVISIONAL PASS,,Customer agency through a bold contradiction; can sound like an education product.,Not included in the targeted current-marketplace leader check.
32,Knowhow Club,Better Informed and Customer Agency,8.2,17,Three-team decoy,Decoy-world import,PROVISIONAL PASS,,Community and practical knowledge in one structure; less premium and likely weak protection.,Not included in the targeted current-marketplace leader check.
