Name,Method,DecoyBrief
Anvil,Real word,Fewer Better Machines
Sentry,Real word,Fewer Better Machines
Flint,Real word,Fewer Better Machines
Keel,Real word,Fewer Better Machines
Ledger,Real word,Fewer Better Machines
Rivet,Real word,Fewer Better Machines
Datum,Real word,Fewer Better Machines
Temper,Real word,Fewer Better Machines
Morrow,Real word,Fewer Better Machines
Provenance,Real word,Fewer Better Machines
Yardarm,Real word,Fewer Better Machines
Steadfast,Real word,Fewer Better Machines
Kiln,Real word,Fewer Better Machines
Signal,Real word,Fewer Better Machines
Bastion,Real word,Fewer Better Machines
Trestle,Real word,Fewer Better Machines
Vector,Real word,Fewer Better Machines
Parity,Real word,Fewer Better Machines
Relay,Real word,Fewer Better Machines
Plumb,Real word,Fewer Better Machines
Caliber,Real word,Fewer Better Machines
Tenet,Real word,Fewer Better Machines
Oath,Real word,Fewer Better Machines
Foundry,Real word,Fewer Better Machines
Beacon,Real word,Fewer Better Machines
Lattice,Real word,Fewer Better Machines
Gauge,Real word,Fewer Better Machines
Span,Real word,Fewer Better Machines
Truss,Real word,Fewer Better Machines
Abacus,Real word,Fewer Better Machines
Axle,Real word,Fewer Better Machines
Citadel,Real word,Fewer Better Machines
Granite,Real word,Fewer Better Machines
Monolith,Real word,Fewer Better Machines
Standard,Real word,Fewer Better Machines
Watchtower,Real word,Fewer Better Machines
Covenant,Real word,Fewer Better Machines
Pilothouse,Real word,Fewer Better Machines
Bedrock,Real word,Fewer Better Machines
Archive,Real word,Fewer Better Machines
Laminar,Real word,Fewer Better Machines
Meridian,Real word,Fewer Better Machines
Measure,Real word,Fewer Better Machines
Thesis,Real word,Fewer Better Machines
Helix,Real word,Fewer Better Machines
Tally,Real word,Fewer Better Machines
Nautilus,Real word,Fewer Better Machines
Alloy,Real word,Fewer Better Machines
Cadence,Real word,Fewer Better Machines
Capstan,Real word,Fewer Better Machines
Black Rivet,Compound,Fewer Better Machines
Quiet Iron,Compound,Fewer Better Machines
True North,Idiom,Fewer Better Machines
Lasting Hand,Compound,Fewer Better Machines
Plain Sight,Idiom,Fewer Better Machines
Known Quantity,Idiom,Fewer Better Machines
Long Measure,Compound,Fewer Better Machines
First Principle,Concept,Fewer Better Machines
Full Stop,Idiom,Fewer Better Machines
Hard Promise,Compound,Fewer Better Machines
Good Weight,Compound,Fewer Better Machines
Steady State,Concept,Fewer Better Machines
Clear Signal,Compound,Fewer Better Machines
Fixed Point,Concept,Fewer Better Machines
Honest Margin,Compound,Fewer Better Machines
Deep Craft,Compound,Fewer Better Machines
Sure Footing,Idiom,Fewer Better Machines
Long Game,Idiom,Fewer Better Machines
The Constant,Concept,Fewer Better Machines
Quiet Authority,Compound,Fewer Better Machines
Common Ground,Idiom,Fewer Better Machines
Built Once,Proposition,Fewer Better Machines
Rare Form,Idiom,Fewer Better Machines
Second Nature,Idiom,Fewer Better Machines
Heavy Weather,Metaphor,Fewer Better Machines
Open Secret,Contradiction,Fewer Better Machines
Silent Partner,Personification,Fewer Better Machines
Exacting Kind,Compound,Fewer Better Machines
Fine Grain,Compound,Fewer Better Machines
Little Giant,Contradiction,Fewer Better Machines
Strong Quiet,Contradiction,Fewer Better Machines
Patient Force,Contradiction,Fewer Better Machines
Clean Break,Idiom,Fewer Better Machines
Final Mile,Metaphor,Fewer Better Machines
Spare Line,Compound,Fewer Better Machines
Even Keel,Idiom,Fewer Better Machines
Long Arc,Metaphor,Fewer Better Machines
Cold Proof,Compound,Fewer Better Machines
Field Note,Cultural frame,Fewer Better Machines
Right Angle,Concept,Fewer Better Machines
Good Order,Idiom,Fewer Better Machines
The Few,Proposition,Fewer Better Machines
Only Better,Proposition,Fewer Better Machines
No Extras,Proposition,Fewer Better Machines
Made Certain,Proposition,Fewer Better Machines
Small Number,Concept,Fewer Better Machines
Trust Fall,Cultural frame,Fewer Better Machines
Plainspoken,Real word,Fewer Better Machines
Done Right,Proposition,Fewer Better Machines
Hold Fast,Command,Fewer Better Machines
Bravik,Coinage,Fewer Better Machines
Ternor,Coinage,Fewer Better Machines
Avero,Coinage,Fewer Better Machines
Keldan,Coinage,Fewer Better Machines
Rovant,Coinage,Fewer Better Machines
Veylor,Coinage,Fewer Better Machines
Ordren,Coinage,Fewer Better Machines
Caldris,Coinage,Fewer Better Machines
Renwick,Surname,Fewer Better Machines
Dovren,Coinage,Fewer Better Machines
Stellan,Given name,Fewer Better Machines
Torven,Coinage,Fewer Better Machines
Halden,Surname,Fewer Better Machines
Merrow,Coinage,Fewer Better Machines
Varick,Coinage,Fewer Better Machines
Odran,Coinage,Fewer Better Machines
Selnor,Coinage,Fewer Better Machines
Trevan,Coinage,Fewer Better Machines
Kordell,Surname,Fewer Better Machines
Ivern,Coinage,Fewer Better Machines
Ivora,Coinage,Fewer Better Machines
Brennox,Coinage,Fewer Better Machines
Talven,Coinage,Fewer Better Machines
Orvik,Coinage,Fewer Better Machines
Varnell,Surname,Fewer Better Machines
Eldren,Coinage,Fewer Better Machines
Norric,Coinage,Fewer Better Machines
Caelun,Coinage,Fewer Better Machines
Bront,Coinage,Fewer Better Machines
Axior,Coinage,Fewer Better Machines
Pellin,Coinage,Fewer Better Machines
Varden,Surname,Fewer Better Machines
Rellan,Coinage,Fewer Better Machines
Torric,Coinage,Fewer Better Machines
Vestra,Coinage,Fewer Better Machines
Draylen,Coinage,Fewer Better Machines
Kovell,Coinage,Fewer Better Machines
Nareth,Coinage,Fewer Better Machines
Oltan,Coinage,Fewer Better Machines
Rivor,Coinage,Fewer Better Machines
Sarden,Coinage,Fewer Better Machines
Welden,Coinage,Fewer Better Machines
Brevin,Coinage,Fewer Better Machines
Targen,Coinage,Fewer Better Machines
Lexen,Coinage,Fewer Better Machines
Corven,Coinage,Fewer Better Machines
Nyren,Coinage,Fewer Better Machines
Sollum,Coinage,Fewer Better Machines
Verrick,Coinage,Fewer Better Machines
Ardell,Surname,Fewer Better Machines
Three Pines,Cultural frame,Fewer Better Machines
Brass Tacks,Idiom,Fewer Better Machines
Northbound,Direction,Fewer Better Machines
Old Salt,Archetype,Fewer Better Machines
Stone Choir,Metaphor,Fewer Better Machines
Iron Orchard,Metaphor,Fewer Better Machines
Paper Tiger,Contradiction,Fewer Better Machines
Glass Hammer,Contradiction,Fewer Better Machines
Sunday Best,Cultural frame,Fewer Better Machines
Blue Collar,Cultural frame,Fewer Better Machines
Quiet Thunder,Contradiction,Fewer Better Machines
Slow Lightning,Contradiction,Fewer Better Machines
Sharp Mercy,Contradiction,Fewer Better Machines
Narrow Plenty,Contradiction,Fewer Better Machines
Open Fortress,Contradiction,Fewer Better Machines
Soft Steel,Contradiction,Fewer Better Machines
Calm Engine,Personification,Fewer Better Machines
Patient Arrow,Personification,Fewer Better Machines
Wild Measure,Contradiction,Fewer Better Machines
Still Current,Double meaning,Fewer Better Machines
Spare Thunder,Contradiction,Fewer Better Machines
Heavy Feather,Contradiction,Fewer Better Machines
Bright Shadow,Contradiction,Fewer Better Machines
Modest Colossus,Contradiction,Fewer Better Machines
Silent Brass,Contradiction,Fewer Better Machines
Tamed Voltage,Contradiction,Fewer Better Machines
Steel Velvet,Contradiction,Fewer Better Machines
Kindred Torque,Compound,Fewer Better Machines
Third Lantern,Metaphor,Fewer Better Machines
Noon Bell,Cultural frame,Fewer Better Machines
Red Thread,Cultural frame,Fewer Better Machines
Black Kite,Metaphor,Fewer Better Machines
White Oak,Nature,Fewer Better Machines
Golden Rule,Idiom,Fewer Better Machines
Silverline,Coinage,Fewer Better Machines
Blue Hour,Cultural frame,Fewer Better Machines
Green Ledger,Metaphor,Fewer Better Machines
Copper Horse,Metaphor,Fewer Better Machines
Iron Psalm,Metaphor,Fewer Better Machines
Stone Harbor,Metaphor,Fewer Better Machines
Cedar Mark,Nature compound,Fewer Better Machines
Ash Mark,Nature compound,Fewer Better Machines
Raven Standard,Metaphor,Fewer Better Machines
Foxglove,Nature,Fewer Better Machines
Mainsail,Nautical,Fewer Better Machines
Watchfire,Compound,Fewer Better Machines
Cartwheel,Real word,Fewer Better Machines
Crosswind,Nature,Fewer Better Machines
Longbow,Real word,Fewer Better Machines
Wayfinder,Archetype,Fewer Better Machines
Good Fellow,Archetype,Fewer Better Machines
Old Hand,Archetype,Fewer Better Machines
Wise Company,Personification,Fewer Better Machines
Mister Certain,Personification,Fewer Better Machines
Captain Plain,Personification,Fewer Better Machines
Sister Steel,Personification,Fewer Better Machines
Drummer Boy,Archetype,Fewer Better Machines
Locksmith,Archetype,Fewer Better Machines
Shipwright,Archetype,Fewer Better Machines
Quartermaster,Archetype,Fewer Better Machines
Lamplighter,Archetype,Fewer Better Machines
Gatekeeper,Archetype,Fewer Better Machines
Bellmaker,Archetype,Fewer Better Machines
Linekeeper,Coined archetype,Fewer Better Machines
Riverman,Archetype,Fewer Better Machines
Torchbearer,Archetype,Fewer Better Machines
Standard Bearer,Archetype,Fewer Better Machines
First Mate,Archetype,Fewer Better Machines
Straight Arrow,Idiom,Fewer Better Machines
Good Egg,Idiom,Fewer Better Machines
Ace High,Cultural frame,Fewer Better Machines
One and Only,Idiom,Fewer Better Machines
Few and Far,Idiom,Fewer Better Machines
Better Made,Proposition,Fewer Better Machines
Nothing More,Proposition,Fewer Better Machines
All There,Proposition,Fewer Better Machines
Just So,Proposition,Fewer Better Machines
As Promised,Proposition,Fewer Better Machines
In Good Hands,Idiom,Fewer Better Machines
By Design,Proposition,Fewer Better Machines
Without Fuss,Proposition,Fewer Better Machines
On Purpose,Proposition,Fewer Better Machines
With Reason,Proposition,Fewer Better Machines
At Length,Idiom,Fewer Better Machines
Under Oath,Idiom,Fewer Better Machines
Beyond Doubt,Idiom,Fewer Better Machines
Once More,Proposition,Fewer Better Machines
Always Ready,Proposition,Fewer Better Machines
Still Standing,Proposition,Fewer Better Machines
Made Known,Proposition,Fewer Better Machines
Holds True,Proposition,Fewer Better Machines
Stays Put,Proposition,Fewer Better Machines
Keeps Watch,Personification,Fewer Better Machines
Works Hard,Personification,Fewer Better Machines
Bears Weight,Personification,Fewer Better Machines
Earns Trust,Personification,Fewer Better Machines
Goes Long,Personification,Fewer Better Machines
Runs Deep,Personification,Fewer Better Machines
Passes Muster,Idiom,Fewer Better Machines
Rings True,Idiom,Fewer Better Machines
Thrum,Sound word,Fewer Better Machines
Clang,Sound word,Fewer Better Machines
Tock,Sound word,Fewer Better Machines
Hum,Sound word,Fewer Better Machines
Click,Sound word,Fewer Better Machines
Clasp,Tactile word,Fewer Better Machines
Clink,Sound word,Fewer Better Machines
Knurl,Tactile word,Fewer Better Machines
Tack,Tactile word,Fewer Better Machines
Brisk,Real word,Fewer Better Machines
Stout,Real word,Fewer Better Machines
Crux,Real word,Fewer Better Machines
Quoin,Real word,Fewer Better Machines
Chime,Sound word,Fewer Better Machines
Spline,Technical metaphor,Fewer Better Machines
Sprag,Technical metaphor,Fewer Better Machines
Notch,Tactile word,Fewer Better Machines
Grip,Tactile word,Fewer Better Machines
Hinge,Technical metaphor,Fewer Better Machines
Bridle,Technical metaphor,Fewer Better Machines
Wedge,Technical metaphor,Fewer Better Machines
Scribe,Craft metaphor,Fewer Better Machines
Rook,Animal,Fewer Better Machines
Crow,Animal,Fewer Better Machines
Hound,Animal,Fewer Better Machines
Ox,Animal,Fewer Better Machines
Stoat,Animal,Fewer Better Machines
Heron,Animal,Fewer Better Machines
Crane,Animal,Fewer Better Machines
Ram,Animal,Fewer Better Machines
Buck,Animal,Fewer Better Machines
Bison,Animal,Fewer Better Machines
Ibex,Animal,Fewer Better Machines
Mantis,Animal,Fewer Better Machines
Badger,Animal,Fewer Better Machines
Terrier,Animal,Fewer Better Machines
Peregrine,Animal,Fewer Better Machines
Muskox,Animal,Fewer Better Machines
Cormorant,Animal,Fewer Better Machines
Caribou,Animal,Fewer Better Machines
Hearth,Cultural frame,Fewer Better Machines
Homestead,Cultural frame,Fewer Better Machines
Longhouse,Cultural frame,Fewer Better Machines
Redoubt,Fortification,Fewer Better Machines
Keep,Fortification,Fewer Better Machines
Stockade,Fortification,Fewer Better Machines
Windlass,Nautical,Fewer Better Machines
Sextant,Nautical,Fewer Better Machines
Ballast,Nautical,Fewer Better Machines
Fulcrum,Mechanical metaphor,Fewer Better Machines
Forthr,Alteration,Fewer Better Machines
Relian,Alteration,Fewer Better Machines
Truvant,Coinage,Fewer Better Machines
Stedden,Coinage,Fewer Better Machines
Formost,Alteration,Fewer Better Machines
Quellan,Coinage,Fewer Better Machines
Enduric,Coinage,Fewer Better Machines
Exactra,Coinage,Fewer Better Machines
Suremark,Compound,Fewer Better Machines
Trusten,Coinage,Fewer Better Machines
Kinline,Compound,Fewer Better Machines
Fielden,Coinage,Fewer Better Machines
Madewell,Compound,Fewer Better Machines
Longwell,Compound,Fewer Better Machines
Oathwell,Compound,Fewer Better Machines
Crafton,Coinage,Fewer Better Machines
Steadmere,Compound,Fewer Better Machines
Plainforge,Compound,Fewer Better Machines
Northstead,Compound,Fewer Better Machines
Ironward,Compound,Fewer Better Machines
Stoneward,Compound,Fewer Better Machines
Lineward,Compound,Fewer Better Machines
Handward,Compound,Fewer Better Machines
Evermark,Compound,Fewer Better Machines
Solidus,Classical frame,Fewer Better Machines
Verity Works,House name,Fewer Better Machines
Certain House,House name,Fewer Better Machines
Threefold,Number frame,Fewer Better Machines
Triune,Number frame,Fewer Better Machines
Third Kind,Number frame,Fewer Better Machines
Triple Check,Idiom,Fewer Better Machines
Rule of Three,Idiom,Fewer Better Machines
Three by Three,Number frame,Fewer Better Machines
Short List,Concept,Fewer Better Machines
Closed Set,Concept,Fewer Better Machines
Fixed Three,Proposition,Fewer Better Machines
Three Strong,Proposition,Fewer Better Machines
Three Only,Proposition,Fewer Better Machines
Select Few,Proposition,Fewer Better Machines
Chosen Line,Proposition,Fewer Better Machines
Better Company,Proposition,Fewer Better Machines
Better Known,Proposition,Fewer Better Machines
The Right Sort,Proposition,Fewer Better Machines
Well Considered,Proposition,Fewer Better Machines
Deliberate Goods,Proposition,Fewer Better Machines
Permanent Record,Concept,Fewer Better Machines
Plain Dealing,Idiom,Fewer Better Machines
Fair Measure,Idiom,Fewer Better Machines
Good Account,Idiom,Fewer Better Machines
Strong Case,Idiom,Fewer Better Machines
The Long Table,Cultural frame,Fewer Better Machines
The Empty Shelf,Cultural frame,Fewer Better Machines
The Fourth Wall,Cultural frame,Fewer Better Machines
Museum Grade,Cultural frame,Fewer Better Machines
Library Quiet,Cultural frame,Fewer Better Machines
Workshop Sunday,Cultural frame,Fewer Better Machines
Court of Three,Cultural frame,Fewer Better Machines
House Rule,Cultural frame,Fewer Better Machines
Family Name,Cultural frame,Fewer Better Machines
Old Country,Cultural frame,Fewer Better Machines
New Tradition,Contradiction,Fewer Better Machines
Common Sense,Idiom,Fewer Better Machines
Good Authority,Idiom,Fewer Better Machines
Public Trust,Civic frame,Fewer Better Machines
Private Reserve,Cultural frame,Fewer Better Machines
The Witness,Archetype,Fewer Better Machines
The Verdict,Legal frame,Fewer Better Machines
The Proof,Legal frame,Fewer Better Machines
The Record,Legal frame,Fewer Better Machines
The Answer,Proposition,Fewer Better Machines
First Draft,Cultural frame,Fewer Better Machines
Last Word,Idiom,Fewer Better Machines
Fine Print,Cultural frame,Fewer Better Machines
Handshake,Cultural frame,Fewer Better Machines
Keystone,Structural metaphor,Fewer Better Machines
Plumbline,Structural metaphor,Fewer Better Machines
Bullseye,Target metaphor,Fewer Better Machines
Dead Reckoning,Nautical,Fewer Better Machines
Northing,Nautical,Fewer Better Machines
Sounding,Nautical,Fewer Better Machines
Dry Dock,Nautical,Fewer Better Machines
High Water,Nautical,Fewer Better Machines
Fair Wind,Nautical,Fewer Better Machines
Long Watch,Nautical,Fewer Better Machines
Night Shift,Work frame,Fewer Better Machines
Daymark,Nautical,Fewer Better Machines
Landfall,Nautical,Fewer Better Machines
Headsail,Nautical,Fewer Better Machines
Hardtack,Nautical,Fewer Better Machines
Bluestone,Nature compound,Fewer Better Machines
Red Iron,Color compound,Fewer Better Machines
Blackwater,Nature compound,Fewer Better Machines
Whitesmith,Archetype,Fewer Better Machines
Greyhaven,Compound,Fewer Better Machines
Saltbox,Cultural frame,Fewer Better Machines
Weatherstone,Compound,Fewer Better Machines
Clockhouse,House name,Fewer Better Machines
Signalman,Archetype,Fewer Better Machines
Oarlock,Nautical,Fewer Better Machines
Surefire,Idiom,Fewer Better Machines
