DraftRank,Name,ShortlistReason
1,"Rational Magic","Rational Magic preserves beauty's pleasure while refusing pseudoscience and exaggerated claims; its paradox construction merits first-pass master-brand testing."
2,"Generous Precision","Generous Precision pairs exact formulation with an experience that never feels cold or withholding; its paradox construction merits first-pass master-brand testing."
3,"Useful Doubt","Useful Doubt turns skepticism into a productive filter for claims ingredients and innovation; its paradox construction merits first-pass master-brand testing."
4,"Exacting Kind","Exacting Kind combines uncompromising standards with a humane relationship to skin; its compound construction merits first-pass master-brand testing."
5,"Quiet Standard","Quiet Standard lets disciplined product quality speak without exaggerated claims or theater; its paradox construction merits first-pass master-brand testing."
6,"New Patina","Time is allowed to add character while skincare keeps the surface at its best; its craft metaphor construction merits first-pass master-brand testing."
7,"Cheerful Doubt","Cheerful Doubt turns skepticism into an engaging optimistic way to shop for skincare; its contradiction construction merits first-pass master-brand testing."
8,"The Useful","The Useful turns practical value into a confident beauty position rather than a compromise; its personification construction merits first-pass master-brand testing."
9,"Permanent Draft","Permanent Draft captures a trusted skincare core that remains intelligently open to revision; its paradox construction merits first-pass master-brand testing."
10,"Active Archive","Active Archive turns accumulated evidence into a resource that continuously improves the routine; its metaphor construction merits first-pass master-brand testing."
11,"Measured Wild","Measured Wild balances biological complexity with exacting formulation and judgment; its paradox construction merits first-pass master-brand testing."
12,"Human Measure","Human Measure puts the person rather than an impossible ideal at the center of product decisions; its institutional frame construction merits first-pass master-brand testing."
13,"Gentle Edge","Gentle Edge unites high performance with treatment that never turns aggressive or shaming; its paradox construction merits first-pass master-brand testing."
14,"Strictly Human","Strictly Human makes rigor answer to real people rather than abstract perfection; its paradox construction merits first-pass master-brand testing."
15,"Kind Precision","Kind Precision joins exacting product standards with respect for skin and self; its paradox construction merits first-pass master-brand testing."
16,"Warm Rigor","Scientific standards meet language that remains human and generous; its paradox construction merits first-pass master-brand testing."
17,"Living Index","Living Index organizes a stable system that changes when new evidence merits inclusion; its editorial metaphor construction merits first-pass master-brand testing."
18,"Recency Bias","The name signals that new does not automatically mean better in skincare; its temporal play construction merits first-pass master-brand testing."
19,"Patient Force","Patient Force frames efficacy as consistent cumulative work rather than dramatic intervention; its contradiction construction merits first-pass master-brand testing."
20,"Steady Spark","Steady Spark combines a dependable daily core with a live edge of innovation; its paradox construction merits first-pass master-brand testing."
21,"The Fourth Wall","The Fourth Wall breaks beauty's staged illusions and lets customers see how the claims are made; its cultural frame construction merits first-pass master-brand testing."
22,"Seasoned Fresh","Freshness is separated from youth and made compatible with experience; its paradox construction merits first-pass master-brand testing."
23,"Measured Spark","Measured Spark unites disciplined evaluation with the moment a worthwhile innovation earns excitement; its paradox construction merits first-pass master-brand testing."
24,"Small Grandeur","Small Grandeur makes a few excellent products feel more impressive than an endless assortment; its paradox construction merits first-pass master-brand testing."
25,"Well Considered","Well Considered makes thoughtful formulation and useful restraint feel premium; its proposition construction merits first-pass master-brand testing."
26,"Spare Line","Spare Line promises a tightly drawn product system with no decorative excess; its compound construction merits first-pass master-brand testing."
27,"Oddly Specific","Oddly Specific celebrates the precise details that separate useful science from vague theater; its editorial phrase construction merits first-pass master-brand testing."
28,"Bold Restraint","Confidence shows in what the brand refuses to add or exaggerate; its paradox construction merits first-pass master-brand testing."
29,"Tender Steel","Tender Steel joins durable results with respect for the skin and the person wearing it; its paradox construction merits first-pass master-brand testing."
30,"Timeless Next","Timeless Next holds a proven routine steady while welcoming the advances that earn a place; its paradox construction merits first-pass master-brand testing."
31,"Wildly Poised","Wildly Poised holds expressive freedom and mature self-command in the same identity; its paradox construction merits first-pass master-brand testing."
32,"Well Judged","Well Judged signals discernment in formulas claims and the decisions customers make; its assessment phrase construction merits first-pass master-brand testing."
33,"Spare Theater","Spare Theater names the category excess the brand removes while retaining wit and presence; its contradiction construction merits first-pass master-brand testing."
34,"Fullhearted","Fullhearted brings unapologetic self-regard to the practice of caring for skin; its compound construction merits first-pass master-brand testing."
35,"Long Measure","Long Measure judges skincare by sustained usefulness rather than launch-day excitement; its compound construction merits first-pass master-brand testing."
36,"The Short Answer","The Short Answer promises concise conclusions backed by deeper expertise when customers want it; its editorial metaphor construction merits first-pass master-brand testing."
37,"Mirror Test","Mirror Test makes reflection both a personal standard and a check on whether claims hold up; its metaphor construction merits first-pass master-brand testing."
38,"Open Discipline","Open Discipline holds a rigorous core while remaining receptive to better evidence; its paradox construction merits first-pass master-brand testing."
39,"Narrow Plenty","A deliberately small line delivers broad everyday utility; its contradiction construction merits first-pass master-brand testing."
40,"Good Authority","Good Authority makes expertise feel earned helpful and never domineering; its idiom construction merits first-pass master-brand testing."
41,"Closed Set","Closed Set turns a deliberately limited product system into a mark of discipline; its concept construction merits first-pass master-brand testing."
42,"Decoder Ring","Decoder Ring turns ingredient and claim literacy into an inviting cultural ritual; its cultural frame construction merits first-pass master-brand testing."
43,"Public Self","Public Self names skin as the visible self without making visibility a demand for correction; its spatial frame construction merits first-pass master-brand testing."
44,"High Season","High Season declares the current age a period of fullness rather than decline; its metaphor construction merits first-pass master-brand testing."
45,"Finite Wonder","Finite Wonder finds beauty in time's limits without surrendering curiosity or care; its paradox construction merits first-pass master-brand testing."
46,"Parlor Trick","Parlor Trick calls out beauty spectacle while setting serious formulation in opposition to it; its cultural frame construction merits first-pass master-brand testing."
47,"The Empty Shelf","An intentionally sparse shelf becomes the visual expression of fewer better products; its cultural frame construction merits first-pass master-brand testing."
48,"Calm Voltage","Calm Voltage makes potent performance feel controlled steady and free of spectacle; its paradox construction merits first-pass master-brand testing."
49,"Civil Mischief","Civil Mischief gives polite intelligence a provocative role in upsetting category nonsense; its contradiction construction merits first-pass master-brand testing."
50,"Stable Motion","The routine stays dependable while the science behind it keeps moving; its paradox construction merits first-pass master-brand testing."
51,"The Watchmaker","The Watchmaker treats time with precision care and respect instead of fear; its personification construction merits first-pass master-brand testing."
52,"Still Current","The core stays relevant because it advances selectively; its double meaning construction merits first-pass master-brand testing."
53,"Due Weight","Due Weight signals that evidence is judged proportionately instead of cherry-picked for drama; its intellectual frame construction merits first-pass master-brand testing."
54,"Quiet Helm","The customer remains in command with calm guidance from real expertise; its nautical metaphor construction merits first-pass master-brand testing."
55,"The Watchfire","The Watchfire conveys a small disciplined flame kept alive through vigilance and care; its metaphor construction merits first-pass master-brand testing."
56,"Polite Revolt","The brand rejects shame and theater with intelligence rather than cynicism; its contradiction construction merits first-pass master-brand testing."
57,"Still Rising","Still Rising makes continued growth the emotional center of aging well; its paradox construction merits first-pass master-brand testing."
58,"Certain Maybe","Certain Maybe captures the calibrated confidence of evidence that is strong without being absolute; its paradox construction merits first-pass master-brand testing."
59,"Lean Delight","Lean Delight combines a tightly edited system with sensorial pleasure; its paradox construction merits first-pass master-brand testing."
60,"Calm Revision","Formulas improve through deliberate updates rather than novelty churn; its paradox construction merits first-pass master-brand testing."
61,"Modest Splendor","Modest Splendor gives restrained skincare enough beauty and delight without excess; its paradox construction merits first-pass master-brand testing."
62,"Silent Fanfare","Silent Fanfare gives excellent results a sense of occasion without loud claims; its contradiction construction merits first-pass master-brand testing."
63,"Strong Quiet","Potent products perform without loud promises or ornamental complexity; its contradiction construction merits first-pass master-brand testing."
64,"Tamed Voltage","High-energy actives are controlled for useful performance rather than drama; its contradiction construction merits first-pass master-brand testing."
65,"Warm Steel","Warm Steel combines technical strength with a skincare manner that stays humane; its paradox construction merits first-pass master-brand testing."
66,"Strong Grace","Strong Grace combines personal authority with a humane refusal to shame visible age; its paradox construction merits first-pass master-brand testing."
67,"Strong Case","Strong Case treats each product as an argument supported by evidence and experience; its idiom construction merits first-pass master-brand testing."
68,"Brighter Matter","Brighter Matter treats visible beauty as the result of better substance rather than brighter promises; its poetic phrase construction merits first-pass master-brand testing."
69,"Ownmost","Ownmost coins a compact idea of maximum personal authorship over beauty and aging; its poetic coinage construction merits first-pass master-brand testing."
70,"Soonward","Soonward points toward better future standards without chasing novelty for its own sake; its temporal play construction merits first-pass master-brand testing."
71,"Test Kitchen","Test Kitchen makes experimentation visible while only the best recipes reach the shelf; its culinary frame construction merits first-pass master-brand testing."
72,"Soft Heckle","Soft Heckle combines a humane skincare manner with a refusal to let nonsense pass; its contradiction construction merits first-pass master-brand testing."
73,"The Thesis","The Thesis gives every product a clear argument that must be supported before it reaches the shelf; its intellectual frame construction merits first-pass master-brand testing."
74,"Quiet Authority","Few excellent formulas earn confidence without shouting for it; its compound construction merits first-pass master-brand testing."
75,"Second Draft","Second Draft frames aging as continued authorship rather than a return to an earlier self; its compound construction merits first-pass master-brand testing."
76,"Last Edit","Last Edit removes the final layer of exaggeration before a claim reaches the customer; its editorial compound construction merits first-pass master-brand testing."
77,"New Alloy","New Alloy blends proven foundations with carefully selected advances into something stronger; its craft metaphor construction merits first-pass master-brand testing."
78,"Honest Margin","Honest Margin names the space between what evidence supports and what marketing wants to say; its compound construction merits first-pass master-brand testing."
79,"Plain Dealing","Plain Dealing promises straightforward products claims and customer treatment; its idiom construction merits first-pass master-brand testing."
80,"Morning Foundry","Morning Foundry makes the daily routine feel carefully engineered rather than ceremonially luxurious; its metaphor construction merits first-pass master-brand testing."
81,"The Errata","The brand corrects category nonsense while revising its own standards when needed; its editorial metaphor construction merits first-pass master-brand testing."
82,"Borrowed Feathers","Beauty is separated from borrowed ideals and returned to personal authority; its metaphor construction merits first-pass master-brand testing."
83,"Firm Grace","High standards and humane language reinforce confidence without age shame; its paradox construction merits first-pass master-brand testing."
84,"Plainspoken","Expert skincare is explained directly without pseudo-scientific ornament; its real word construction merits first-pass master-brand testing."
85,"Funhouse Mirror","The brand exposes distorted beauty standards so customers can trust their own view; its metaphor construction merits first-pass master-brand testing."
86,"Brave Ease","Brave Ease presents self-acceptance as confident and active rather than passive; its paradox construction merits first-pass master-brand testing."
87,"Elastic Rule","Standards stay strict while adapting to genuinely better knowledge; its paradox construction merits first-pass master-brand testing."
88,"Honest Trickster","Honest Trickster uses wit and surprise to reveal rather than disguise what products can do; its contradiction construction merits first-pass master-brand testing."
89,"Serious Joy","Rigor and delight belong together in a routine worth keeping; its paradox construction merits first-pass master-brand testing."
90,"Fine Edit","The line is edited down to the products and ingredients that deserve inclusion; its arts frame construction merits first-pass master-brand testing."
91,"Private View","Private View turns beauty into a personal act of seeing rather than public approval; its spatial frame construction merits first-pass master-brand testing."
92,"Richly Done","Richly Done suggests complete sensorial quality without an overbuilt catalog or ritual; its poetic phrase construction merits first-pass master-brand testing."
93,"Wise Company","Wise Company makes the brand a capable companion rather than an authority that corrects you; its personification construction merits first-pass master-brand testing."
94,"Almanac House","A growing body of skincare knowledge informs a compact modern routine; its cultural frame construction merits first-pass master-brand testing."
95,"Morrowlight","Morrowlight joins future-facing optimism with the visible glow of well-cared-for skin; its poetic coinage construction merits first-pass master-brand testing."
96,"The Premise","The Premise starts every product with a defensible reason to exist; its intellectual frame construction merits first-pass master-brand testing."
97,"Signalcraft","The brand reads scientific signals and turns the worthy ones into useful skincare; its compound construction merits first-pass master-brand testing."
98,"Upper Story","Aging opens another chapter of beauty instead of closing the earlier one; its spatial frame construction merits first-pass master-brand testing."
99,"Adaptive Arc","The routine adapts across skin changes without abandoning its governing standard; its science metaphor construction merits first-pass master-brand testing."
100,"Forum of One","Forum of One makes the customer's considered judgment the final decision-making body; its cultural frame construction merits first-pass master-brand testing."
101,"Mutual Regard","Mutual Regard frames skincare as a respectful exchange between expertise and the person using it; its relational frame construction merits first-pass master-brand testing."
102,"The Houseguest","The Houseguest imagines the brand as a respectful presence invited into a personal routine; its personification construction merits first-pass master-brand testing."
103,"Plain English","Plain English makes intelligible explanation part of the product experience; its idiom construction merits first-pass master-brand testing."
104,"Evenhand","Balanced judgment guides both ingredient adoption and customer care; its compound construction merits first-pass master-brand testing."
105,"Fine Tolerance","Performance includes exacting standards for both efficacy and skin tolerance; its craft metaphor construction merits first-pass master-brand testing."
106,"Living Grid","Living Grid suggests a coherent routine whose parts can advance without losing structure; its spatial metaphor construction merits first-pass master-brand testing."
107,"Margin Note","Margin Note treats innovation as a precise revision to a sound underlying text; its editorial metaphor construction merits first-pass master-brand testing."
108,"Earn Its Place","Earn Its Place requires every product and innovation to justify its role in the routine; its proposition construction merits first-pass master-brand testing."
109,"Signal Bloom","Signal Bloom joins biological vitality with the discipline of detecting meaningful scientific change; its science metaphor construction merits first-pass master-brand testing."
110,"Honest Mystery","Honest Mystery leaves room for what skincare science does not yet know without surrendering rigor; its paradox construction merits first-pass master-brand testing."
111,"Simple Plenty","Simple Plenty promises a small routine that still feels generous complete and pleasurable; its paradox construction merits first-pass master-brand testing."
112,"Gentle Voltage","Potency and tolerability are engineered to coexist in a compact routine; its paradox construction merits first-pass master-brand testing."
113,"Pocket Thunder","A compact lineup carries more useful performance than its size suggests; its contradiction construction merits first-pass master-brand testing."
114,"False Bottom","False Bottom names the hidden weakness beneath impressive-looking beauty claims; its metaphor construction merits first-pass master-brand testing."
115,"Simple Depth","A concise routine contains serious formulation intelligence beneath the surface; its paradox construction merits first-pass master-brand testing."
116,"Just Getting Good","The name turns aging into momentum with wit and self-confidence; its poetic phrase construction merits first-pass master-brand testing."
117,"All Yours Now","All Yours Now locates beauty and agency in the present rather than a recovered past; its proposition construction merits first-pass master-brand testing."
118,"Better Question","Good skincare begins by asking sharper questions than the category usually does; its proposition construction merits first-pass master-brand testing."
119,"In Good Time","Better skin and better decisions are allowed to develop at a credible pace; its time phrase construction merits first-pass master-brand testing."
120,"Muchness","Individual character is treated as something to support rather than correct; its poetic word construction merits first-pass master-brand testing."
121,"Bright Patience","Visible progress is paired with realistic timelines and optimism; its poetic phrase construction merits first-pass master-brand testing."
122,"Edit Suite","Edit Suite makes a tight routine feel selected revised and stripped of unnecessary products; its editorial frame construction merits first-pass master-brand testing."
123,"Small Type","The details others bury become the center of formulation and education; its editorial frame construction merits first-pass master-brand testing."
124,"Sound Reason","Sound reasoning becomes the source of product and decision confidence; its intellectual frame construction merits first-pass master-brand testing."
125,"Seasoned New","Seasoned New pairs accumulated judgment with innovation that has earned its welcome; its culinary frame construction merits first-pass master-brand testing."
126,"Velvet Gauge","Velvet Gauge pairs sensorial pleasure with standards that can be measured; its compound construction merits first-pass master-brand testing."
127,"Sunlit Table","Sunlit Table gives the brand a generous social world where care belongs to a full life; its metaphor construction merits first-pass master-brand testing."
128,"The Unfinished","The Unfinished honors a self that keeps evolving rather than needing correction; its poetic phrase construction merits first-pass master-brand testing."
129,"Canary Room","The brand serves as an early warning system for dubious trends and useful advances; its metaphor construction merits first-pass master-brand testing."
130,"Proper Noun","Proper Noun treats every customer as a person rather than a problem to correct; its editorial metaphor construction merits first-pass master-brand testing."
131,"Focused Freedom","A small rigorous system gives customers more freedom to use skincare their way; its paradox construction merits first-pass master-brand testing."
132,"Ordered Wild","Individual skin stays individual within a routine built on dependable principles; its paradox construction merits first-pass master-brand testing."
133,"Plain Pageant","Plain Pageant keeps beauty's visual delight while stripping away its empty spectacle; its contradiction construction merits first-pass master-brand testing."
134,"Polished Wild","Polished Wild lets refinement and individuality coexist without forcing conformity; its paradox construction merits first-pass master-brand testing."
135,"Restless Poise","The brand stays composed while continuously testing what deserves to improve; its paradox construction merits first-pass master-brand testing."
136,"Soft Power","Care supports self-command without aggression shame or correction; its paradox construction merits first-pass master-brand testing."
137,"Know Your Measure","Know Your Measure makes discernment and self-knowledge more valuable than category pressure; its proposition construction merits first-pass master-brand testing."
138,"Keep What Matters","Keep What Matters makes ruthless editing serve the customer's routine rather than the catalog; its proposition construction merits first-pass master-brand testing."
139,"The Full Yes","Skincare begins from affirmative self-regard rather than fear of aging; its poetic phrase construction merits first-pass master-brand testing."
140,"Without Fuss","Without Fuss makes ease and high utility the visible result of serious work behind the scenes; its proposition construction merits first-pass master-brand testing."
141,"Deliberate Goods","Deliberate Goods makes every product justify its presence through purpose and performance; its proposition construction merits first-pass master-brand testing."
142,"Prime of Mind","Prime of Mind relocates the idea of being in one's prime from age to agency and outlook; its poetic phrase construction merits first-pass master-brand testing."
143,"Day One Again","Day One Again makes renewal repeatable without pretending time can be reset; its temporal play construction merits first-pass master-brand testing."
144,"Strikethrough","Empty claims are edited out until only useful skincare remains; its editorial term construction merits first-pass master-brand testing."
145,"Long Pause","Long Pause embodies the thoughtful beat before believing another dramatic promise; its gesture construction merits first-pass master-brand testing."
146,"Pattern Break","Pattern Break changes category habits only when evidence supports a better one; its spatial metaphor construction merits first-pass master-brand testing."
147,"The Sourcebook","The Sourcebook makes accessible evidence and expert answers part of the brand's reason for being; its editorial metaphor construction merits first-pass master-brand testing."
148,"Forward Measure","Forward Measure combines progress with a disciplined threshold for what deserves adoption; its compound construction merits first-pass master-brand testing."
149,"Living Atlas","An evolving map connects skin needs credible studies and formula choices; its compound construction merits first-pass master-brand testing."
150,"Fine Print","Fine Print makes close reading and claim literacy feel sharp desirable and central to beauty; its cultural frame construction merits first-pass master-brand testing."
151,"New Cadence","New Cadence lets credible advances change the routine without disrupting its coherence; its arts frame construction merits first-pass master-brand testing."
152,"The Chooser","The Chooser makes selection and refusal visible powers held by the customer; its personification construction merits first-pass master-brand testing."
153,"Say It Plain","Say It Plain makes understandable explanation a defining act of respect; its proposition construction merits first-pass master-brand testing."
154,"Set Your Terms","Set Your Terms makes personal authority the organizing idea of the skincare system; its imperative phrase construction merits first-pass master-brand testing."
155,"Tidal Clock","Tidal Clock makes change feel rhythmic natural and worth working with rather than fighting; its metaphor construction merits first-pass master-brand testing."
156,"Final Form","Final Form presents each product as resolved purposeful and ready without embellishment; its form metaphor construction merits first-pass master-brand testing."
157,"Steady Flame","Steady Flame represents vitality maintained through consistent care rather than dramatic intervention; its metaphor construction merits first-pass master-brand testing."
158,"Soft Strength","Soft Strength makes efficacy and skin respect mutually reinforcing rather than opposed; its paradox construction merits first-pass master-brand testing."
159,"Keep Becoming","Keep Becoming frames skin and self as ongoing without making youth the destination; its proposition construction merits first-pass master-brand testing."
160,"Lasting Curiosity","Enduring products are paired with an active appetite for better answers; its poetic phrase construction merits first-pass master-brand testing."
161,"We Noticed","Expert attention spots customer concerns and category contradictions worth addressing; its proposition construction merits first-pass master-brand testing."
162,"Worth Asking","Worth Asking positions questions as the beginning of better skincare decisions; its proposition construction merits first-pass master-brand testing."
163,"Bad Magic","Bad Magic names the pseudoscience and spectacle that this brand refuses to sell; its contradiction construction merits first-pass master-brand testing."
164,"House Style","House Style turns a coherent skincare point of view into something customers can make personally expressive; its design frame construction merits first-pass master-brand testing."
165,"Tomorrowwise","Tomorrowwise gives the brand a future-facing intelligence grounded in decisions that hold up over time; its temporal play construction merits first-pass master-brand testing."
166,"Wise After","Wise After gives experience and what comes next equal dignity; its poetic phrase construction merits first-pass master-brand testing."
167,"Civic Method","A transparent public-minded method governs how formulas are chosen and improved; its institutional frame construction merits first-pass master-brand testing."
168,"New Common","Better science becomes an accessible everyday standard rather than an elite novelty; its cultural frame construction merits first-pass master-brand testing."
169,"Shared Sense","Shared Sense makes skincare decisions a collaboration between evidence expertise and lived experience; its relational frame construction merits first-pass master-brand testing."
170,"South Window","South Window evokes flattering lasting light and a warm perspective on time; its spatial frame construction merits first-pass master-brand testing."
171,"Fresh Accord","Fresh Accord suggests a trusted agreement renewed when better science arrives; its compound construction merits first-pass master-brand testing."
172,"Edition House","Core formulas evolve in considered editions instead of constant launches; its editorial metaphor construction merits first-pass master-brand testing."
173,"Beautifully Grown","Beautifully Grown treats visible maturity as evidence of life rather than damage; its poetic phrase construction merits first-pass master-brand testing."
174,"Room to Think","Room to Think gives customers intellectual space in a category that often manufactures urgency; its spatial phrase construction merits first-pass master-brand testing."
175,"North Window","Clear natural perspective replaces the distorting light of beauty judgment; its spatial metaphor construction merits first-pass master-brand testing."
176,"Golden Mean","Golden Mean turns intelligent balance into a confident philosophy for formulas routines and claims; its metaphor construction merits first-pass master-brand testing."
177,"Interruption","Interruption stops the category script long enough to ask whether a product is actually useful; its editorial term construction merits first-pass master-brand testing."
178,"Hard Maybe","Hard Maybe makes disciplined uncertainty more trustworthy than false certainty; its contradiction construction merits first-pass master-brand testing."
179,"Fresh Legacy","Fresh Legacy treats accumulated knowledge as a foundation for better modern skincare; its paradox construction merits first-pass master-brand testing."
180,"Know What Stays","Know What Stays makes continuity an informed decision rather than resistance to change; its proposition construction merits first-pass master-brand testing."
181,"Made Plain","Formulas and choices are made understandable without flattening the science; its proposition construction merits first-pass master-brand testing."
182,"Quietly Certain","Assurance comes from dependable results rather than cosmetic bravado; its adverb phrase construction merits first-pass master-brand testing."
183,"With Reason","Every formula and routine choice comes with an intelligible reason; its proposition construction merits first-pass master-brand testing."
184,"Eyebrow","Eyebrow connects the face itself with the universal gesture of intelligent doubt; its gesture construction merits first-pass master-brand testing."
185,"Long Now","Daily care is positioned as a durable relationship with skin over time; its temporal play construction merits first-pass master-brand testing."
186,"Object Lesson","Each product demonstrates the value of evidence over explanation-heavy theater; its cultural frame construction merits first-pass master-brand testing."
187,"Plainish","Plainish makes candor feel witty enough to resist both blandness and hype; its coinage construction merits first-pass master-brand testing."
188,"The Verdict","The Verdict is the considered conclusion after ingredients claims and evidence have been weighed; its legal frame construction merits first-pass master-brand testing."
189,"Open Question","Open Question makes inquiry a permanent part of how the brand evaluates skincare; its editorial phrase construction merits first-pass master-brand testing."
190,"Fair Measure","Fair Measure signals proportionate claims and formulas judged by what they genuinely deliver; its idiom construction merits first-pass master-brand testing."
191,"Civic Lantern","Expert guidance makes credible skincare knowledge feel public and usable; its cultural frame construction merits first-pass master-brand testing."
192,"High Window","Better perspective lets people see skin and evidence without distortion; its architecture construction merits first-pass master-brand testing."
193,"Common Practice","Common Practice makes high standards feel usable repeatable and open to improvement; its institutional frame construction merits first-pass master-brand testing."
194,"The Companion","The Companion promises expertise that stays beside the customer without taking over; its personification construction merits first-pass master-brand testing."
195,"Sure Footing","Sure Footing makes informed skincare choice feel stable personal and unhurried; its idiom construction merits first-pass master-brand testing."
196,"The Listener","The Listener makes customer concerns and lived experience part of intelligent skincare expertise; its personification construction merits first-pass master-brand testing."
197,"Good Order","A few products are arranged into a routine that is easy to trust and use; its idiom construction merits first-pass master-brand testing."
198,"The Artful","The Artful treats skincare as informed self-expression rather than compulsory correction; its arts frame construction merits first-pass master-brand testing."
199,"Show Your Work","Show Your Work makes transparency and visible reasoning the price of every claim; its command construction merits first-pass master-brand testing."
200,"Tempered Glass","Tempered Glass combines transparency with tested strength as a model for trustworthy skincare; its material metaphor construction merits first-pass master-brand testing."
201,"Second Temper","Second Temper evokes a core made stronger through another deliberate round of refinement; its craft metaphor construction merits first-pass master-brand testing."
202,"Stone Lantern","Stone Lantern suggests durable guidance that illuminates choices without glare or spectacle; its object metaphor construction merits first-pass master-brand testing."
203,"Quibble","Quibble turns attention to small but consequential claim details into a distinctive brand virtue; its real word construction merits first-pass master-brand testing."
204,"Holds True","Holds True promises a standard that remains dependable under scrutiny and over time; its proposition construction merits first-pass master-brand testing."
205,"All the While","All the While celebrates the quiet accumulation of care knowledge and self-knowledge; its poetic phrase construction merits first-pass master-brand testing."
206,"Think in Full","Think in Full invites decisions that account for evidence preference and the whole person; its proposition construction merits first-pass master-brand testing."
207,"Until Further Notice","Every formula is trusted yet remains open to evidence-led revision; its proposition construction merits first-pass master-brand testing."
208,"Very Good","Very Good expresses self-confidence and product confidence with disarming understatement; its quality phrase construction merits first-pass master-brand testing."
209,"Newfoundry","A stable product core is reforged only when better evidence earns it; its compound construction merits first-pass master-brand testing."
210,"Sensehold","Sensehold suggests retaining one's judgment amid noisy advice and endless newness; its compound construction merits first-pass master-brand testing."
211,"Worth the While","Worth the While ties daily care to a life experienced with patience and pleasure; its proposition construction merits first-pass master-brand testing."
212,"Vernacular","Expert care is translated into the customer's own language and lived context; its design frame construction merits first-pass master-brand testing."
213,"Shortform","Shortform makes brevity a product philosophy built on concentrated usefulness; its compound construction merits first-pass master-brand testing."
214,"After Today","The routine is designed for the person and skin that continue beyond today; its temporal play construction merits first-pass master-brand testing."
215,"Observatory","Observatory casts the brand as a place for close watching broad perspective and evidence before action; its cultural frame construction merits first-pass master-brand testing."
216,"Strong Tea","Strong Tea brings concentrated utility and familiar pleasure to a no-nonsense routine; its metaphor construction merits first-pass master-brand testing."
217,"The Patron","The Patron casts the customer as the person who commissions and defines her own care; its personification construction merits first-pass master-brand testing."
218,"First Principle","First Principle returns every skincare decision to evidence utility and respect for the customer; its concept construction merits first-pass master-brand testing."
219,"Ongoing","Ongoing makes continuity and adaptation feel more valuable than correction or reinvention; its temporal play construction merits first-pass master-brand testing."
220,"Open Letter","Open Letter makes transparent explanation and public accountability part of the identity; its editorial term construction merits first-pass master-brand testing."
221,"House Rule","The customer sets the terms while the brand supplies the expertise; its cultural frame construction merits first-pass master-brand testing."
222,"The Interval","The Interval creates space to see care as a continuing rhythm rather than a race against age; its time metaphor construction merits first-pass master-brand testing."
223,"Quiet Power","Potent care expresses strength through results instead of spectacle; its metaphor construction merits first-pass master-brand testing."
224,"Rigor","Rigor puts disciplined evaluation at the center without forcing science jargon onto the bottle; its real word construction merits first-pass master-brand testing."
225,"Nothing More","Every formula contains what earns a role and leaves the rest out; its proposition construction merits first-pass master-brand testing."
226,"By Better Light","The brand helps people judge formulas and their own skin in more revealing light; its proposition construction merits first-pass master-brand testing."
227,"Curiously Enough","Curiosity keeps the brand open to evidence while the tone stays lightly provocative; its editorial phrase construction merits first-pass master-brand testing."
228,"See It Whole","See It Whole connects skin science self-regard and informed choice in one generous view; its proposition construction merits first-pass master-brand testing."
229,"The Distiller","The Distiller reduces complex skincare knowledge to a small set of concentrated essentials; its personification construction merits first-pass master-brand testing."
230,"The Arbiter","The Arbiter positions the brand as a discerning judge of claims ingredients and useful innovation; its personification construction merits first-pass master-brand testing."
231,"Scrutiny","Scrutiny turns close questioning into a service for people tired of beauty hype; its real word construction merits first-pass master-brand testing."
232,"Grand Latitude","Grand Latitude gives customers generous room to define beauty and shape their own routine; its spatial frame construction merits first-pass master-brand testing."
233,"Next Season","Next Season presents aging as a welcome transition into another expressive chapter; its temporal play construction merits first-pass master-brand testing."
234,"The Interpreter","Complex skincare studies are translated into plain product decisions; its personification construction merits first-pass master-brand testing."
235,"At Length","At Length values depth consistency and the benefits that accrue over time; its idiom construction merits first-pass master-brand testing."
236,"Chapter Next","Scientific progress becomes the next chapter of a stable skincare system; its editorial metaphor construction merits first-pass master-brand testing."
237,"From Here Forward","From Here Forward makes the present face the confident starting point for what comes next; its proposition construction merits first-pass master-brand testing."
238,"Good As Is","The brand cares for skin without implying that the person needs fixing; its proposition construction merits first-pass master-brand testing."
239,"Fixed Star","A dependable reference point guides a category that keeps changing; its celestial metaphor construction merits first-pass master-brand testing."
240,"High Bar","High Bar sets a demanding threshold for every formula without making a spectacle of standards; its standard metaphor construction merits first-pass master-brand testing."
241,"Riposte","The brand answers inflated category promises with informed wit and better products; its real word construction merits first-pass master-brand testing."
242,"A Fine Thing","A Fine Thing treats caring for skin over decades as pleasure and judgment rather than correction; its poetic phrase construction merits first-pass master-brand testing."
243,"As We Learn","As We Learn makes the brand's standard explicitly responsive to better evidence; its poetic phrase construction merits first-pass master-brand testing."
244,"On Balance","On Balance signals conclusions reached through judgment rather than trends or absolutes; its idiomatic phrase construction merits first-pass master-brand testing."
245,"Sea Room","The brand creates space to choose a routine without category pressure; its nautical frame construction merits first-pass master-brand testing."
246,"Socratic","Questions and reasons replace decrees in the way skincare choices are explained; its philosophic frame construction merits first-pass master-brand testing."
247,"The Lookout","The brand watches the category for useful advances and calls out empty spectacle; its personification construction merits first-pass master-brand testing."
248,"Wry","A compact knowing voice gives rigorous skincare a welcome sense of humor; its tone word construction merits first-pass master-brand testing."
249,"Retort","Retort gives the brand a sharp intelligent answer to beauty theater and bad claims; its real word construction merits first-pass master-brand testing."
250,"Nextness","Nextness names a disciplined appetite for what genuinely improves the standard; its poetic coinage construction merits first-pass master-brand testing."
251,"The Virtuoso","The Virtuoso makes expertise feel practiced expressive and confidently human; its personification construction merits first-pass master-brand testing."
252,"The Steward","The Steward casts the brand as a responsible guardian of skin knowledge and customer trust; its personification construction merits first-pass master-brand testing."
253,"Clean Hand","Clean Hand suggests skilled formulation and plain dealing without the baggage of clean-beauty absolutism; its craft metaphor construction merits first-pass master-brand testing."
254,"Second Spring","Second Spring presents later chapters as vital and generative without pretending to reverse time; its metaphor construction merits first-pass master-brand testing."
255,"Metronome","Metronome makes consistency the base rhythm while progress adjusts the tempo; its time metaphor construction merits first-pass master-brand testing."
256,"Paper Crown","Paper Crown exposes prestige that looks impressive but cannot carry the weight of evidence; its metaphor construction merits first-pass master-brand testing."
257,"As Promised","As Promised makes the match between claims and delivered performance the whole standard; its proposition construction merits first-pass master-brand testing."
258,"More to Come","More to Come makes aging an opening toward possibility rather than a story of decline; its proposition construction merits first-pass master-brand testing."
259,"Corollary","Each formula is the logical next step from evidence rather than fashion; its intellectual frame construction merits first-pass master-brand testing."
260,"Stonefruit","Stonefruit joins a resilient core with a sensuous exterior in an unexpected skincare metaphor; its compound construction merits first-pass master-brand testing."
261,"Do Tell","Do Tell invites the details and politely challenges every unsupported beauty story; its retort construction merits first-pass master-brand testing."
262,"Palimpsest","Skin is an evolving surface whose history remains part of its beauty; its editorial metaphor construction merits first-pass master-brand testing."
263,"The Pilot","The Pilot makes personal agency the force that directs a well-informed routine; its personification construction merits first-pass master-brand testing."
264,"New Edition","New Edition frames meaningful formula improvement as a considered revision rather than novelty; its editorial metaphor construction merits first-pass master-brand testing."
265,"Local Color","The brand values the particular character of each face instead of standardizing beauty; its spatial frame construction merits first-pass master-brand testing."
266,"Well Composed","A considered routine helps skin and self-possession feel well composed; its arts frame construction merits first-pass master-brand testing."
267,"The Good Room","Skincare becomes a welcoming space where people feel at ease in their own skin; its metaphor construction merits first-pass master-brand testing."
268,"The Signature","The Signature frames a small routine as an expression of personal identity; its arts frame construction merits first-pass master-brand testing."
269,"Full Measure","Performance is judged in the full context of efficacy tolerance and use; its time metaphor construction merits first-pass master-brand testing."
270,"Inner Compass","Personal priorities guide how credible skincare knowledge is put to use; its metaphor construction merits first-pass master-brand testing."
271,"The Argument","The Argument makes each formula a reasoned case open to intelligent examination; its intellectual frame construction merits first-pass master-brand testing."
272,"Evernext","The name balances lasting usefulness with readiness for the next credible advance; its temporal play construction merits first-pass master-brand testing."
273,"Racket","The brand names the industry's spectacle and offers a quieter credible alternative; its real word construction merits first-pass master-brand testing."
274,"The Sovereign","The Sovereign gives the customer final authority over what beauty means and what care is for; its personification construction merits first-pass master-brand testing."
275,"Deep Craft","Substantial formulation expertise replaces a sprawling assortment; its compound construction merits first-pass master-brand testing."
276,"Deadpan","Deadpan gives rigorous skincare a dry voice that refuses breathless marketing performance; its tone word construction merits first-pass master-brand testing."
277,"The Tailor","The Tailor suggests expert fit and adjustment without an oversized product wardrobe; its personification construction merits first-pass master-brand testing."
278,"Open Studio","A flexible working space invites customers to shape the routine around real life; its arts frame construction merits first-pass master-brand testing."
279,"Linekeeper","Linekeeper suggests a brand that protects the quality line while moving it forward when deserved; its coined archetype construction merits first-pass master-brand testing."
280,"Open Score","Ingredients evidence and tradeoffs are made visible for customers to judge; its performance frame construction merits first-pass master-brand testing."
