Name,Score,World,Hook,Risk
Keel,8.3,Earned Confidence,Keel makes the core routine feel steady while evidence determines when the brand changes course.,Masculine edge
The Steward,8.6,Earned Confidence,The Steward casts the brand as a responsible guardian of skin knowledge and customer trust.,Institutional tone
Quorum,8.4,Earned Confidence,Quorum makes credible consensus the threshold before new skincare earns adoption.,Meaning stretch
Fair Measure,8.8,Earned Confidence,Fair Measure signals proportionate claims and formulas judged by what they genuinely deliver.,Familiar phrase
Resolve,8.8,Earned Confidence,Resolve joins product conviction with the self-possession to age without apology.,Generic real word
Vantage,8.5,Earned Confidence,Vantage gives customers an informed perspective from which skincare choices feel clear and controlled.,Generic real word
Stone Lantern,8.3,Earned Confidence,Stone Lantern suggests durable guidance that illuminates choices without glare or spectacle.,Meaning stretch
Gentle Force,9.0,Earned Confidence,Gentle Force makes high performance compatible with restraint and respect for skin.,Low
The Arbiter,8.6,Earned Confidence,The Arbiter positions the brand as a discerning judge of claims ingredients and useful innovation.,Authoritarian edge
Tempered Glass,8.5,Earned Confidence,Tempered Glass combines transparency with tested strength as a model for trustworthy skincare.,Meaning stretch
Mutual Regard,8.8,Earned Confidence,Mutual Regard frames skincare as a respectful exchange between expertise and the person using it.,Relational abstraction
Golden Mean,9.0,Earned Confidence,Golden Mean turns intelligent balance into a confident philosophy for formulas routines and claims.,Familiar concept
Quietly Bold,8.4,Earned Confidence,Quietly Bold gives the brand assured presence without volume hype or overstatement.,Campaign-like
The Virtuoso,8.4,Earned Confidence,The Virtuoso makes expertise feel practiced expressive and confidently human.,Grandiose
Rigor,8.6,Earned Confidence,Rigor puts disciplined evaluation at the center without forcing science jargon onto the bottle.,Clinical edge
Single Origin,8.5,Earned Confidence,Single Origin makes ingredient provenance and formula purpose feel traceable and considered.,Category adjacency
Clean Hand,8.4,Earned Confidence,Clean Hand suggests skilled formulation and plain dealing without the baggage of clean-beauty absolutism.,Clean-beauty ambiguity
Aptitude,8.5,Earned Confidence,Aptitude names competence itself and gives the brand an intelligent capable bearing.,Generic real word
Polished Edge,8.1,Earned Confidence,Polished Edge balances refined experience with an advancing scientific point of view.,Luxury adjacency
On Balance,8.8,Earned Confidence,On Balance signals conclusions reached through judgment rather than trends or absolutes.,Familiar phrase
Tidal Clock,8.5,The Long View,Tidal Clock makes change feel rhythmic natural and worth working with rather than fighting.,Meaning stretch
Ancient Future,8.4,The Long View,Ancient Future connects enduring care rituals with technology that genuinely improves them.,Familiar paradox
Fresh Legacy,8.3,The Long View,Fresh Legacy treats accumulated knowledge as a foundation for better modern skincare.,Luxury adjacency
Keep Becoming,8.8,The Long View,Keep Becoming frames skin and self as ongoing without making youth the destination.,Campaign-like
Cambium,8.6,The Long View,Cambium evokes a living layer that renews while preserving the strength of what has grown.,Meaning stretch
Watershed,8.2,The Long View,Watershed marks meaningful improvements in care rather than constant novelty for its own sake.,Generic real word
Tomorrowwise,8.6,The Long View,Tomorrowwise gives the brand a future-facing intelligence grounded in decisions that hold up over time.,Coined spelling
Ongoing,8.9,The Long View,Ongoing makes continuity and adaptation feel more valuable than correction or reinvention.,Generic real word
Nautilus,8.6,The Long View,Nautilus offers a vivid model of proportionate growth that expands without abandoning its core.,Familiar symbol
Long View,8.2,The Long View,Long View states a calm commitment to skin decisions designed for decades rather than quick theater.,Generic phrase
The Interval,8.5,The Long View,The Interval creates space to see care as a continuing rhythm rather than a race against age.,Meaning stretch
Vellum,8.5,The Long View,Vellum suggests a beautiful surface that carries history and remains worthy of close attention.,Animal-material cue
Sunroom,8.7,The Long View,Sunroom makes daily care feel open warm and lived-in while inviting an intelligent conversation about exposure.,Sun exposure cue
Stonefruit,8.3,The Long View,Stonefruit joins a resilient core with a sensuous exterior in an unexpected skincare metaphor.,Botanical cue
Lightkeeper,8.6,The Long View,Lightkeeper makes the brand a guardian of radiance and informed protection across changing years.,Efficacy adjacency
Second Spring,8.4,The Long View,Second Spring presents later chapters as vital and generative without pretending to reverse time.,Age metaphor
Well Played,9.0,The Long View,Well Played turns a life lived with character into a witty age-positive skincare stance.,Campaign-like
Sunlit Table,8.5,The Long View,Sunlit Table gives the brand a generous social world where care belongs to a full life.,Lifestyle stretch
More to Come,8.8,The Long View,More to Come makes aging an opening toward possibility rather than a story of decline.,Campaign-like
Sundial,8.9,The Long View,Sundial makes time visible and beautiful while keeping protection and continuity close to the skincare story.,Familiar symbol
All the While,8.6,The Long View,All the While celebrates the quiet accumulation of care knowledge and self-knowledge.,Campaign-like
A Fine Thing,8.4,The Long View,A Fine Thing treats caring for skin over decades as pleasure and judgment rather than correction.,Campaign-like
Prime of Mind,8.6,The Long View,Prime of Mind relocates the idea of being in one's prime from age to agency and outlook.,Phrase complexity
Tuning,8.4,The Living Standard,Tuning describes a stable routine adjusted precisely as credible knowledge advances.,Generic process word
Forward Measure,8.5,The Living Standard,Forward Measure combines progress with a disciplined threshold for what deserves adoption.,Meaning stretch
Permanent Draft,9.0,The Living Standard,Permanent Draft captures a trusted skincare core that remains intelligently open to revision.,Low
New Tradition,8.6,The Living Standard,New Tradition makes evidence-led improvement feel compatible with dependable daily ritual.,Familiar paradox
Always in Review,8.3,The Living Standard,Always in Review promises that ingredients claims and routines keep facing informed scrutiny.,Campaign-like
Addendum,8.4,The Living Standard,Addendum suggests that useful advances are added thoughtfully without rewriting everything for attention.,Editorial abstraction
Hinge,8.7,The Living Standard,Hinge makes evidence the point on which a real change in the routine should turn.,Generic real word
Linekeeper,8.4,The Living Standard,Linekeeper suggests a brand that protects the quality line while moving it forward when deserved.,Meaning stretch
The Constant,8.5,The Living Standard,The Constant names the dependable core that lets carefully chosen innovation feel credible.,Generic concept
Centerline,8.5,The Living Standard,Centerline gives the product system a stable organizing principle with room for calibrated progress.,Technical tone
Measured Spark,8.9,The Living Standard,Measured Spark unites disciplined evaluation with the moment a worthwhile innovation earns excitement.,Low
Know What Stays,8.7,The Living Standard,Know What Stays makes continuity an informed decision rather than resistance to change.,Campaign-like
Canon,8.7,The Living Standard,Canon gives a small set of proven essentials the authority to evolve selectively.,Generic cultural term
As We Learn,8.4,The Living Standard,As We Learn makes the brand's standard explicitly responsive to better evidence.,Campaign-like
Beta Garden,8.3,The Living Standard,Beta Garden turns testing and cultivation into a humane picture of skincare development.,Tech adjacency
Dispatch,8.3,The Living Standard,Dispatch feels like a timely report from a brand that stays close to credible new knowledge.,Publishing adjacency
New Edition,8.3,The Living Standard,New Edition frames meaningful formula improvement as a considered revision rather than novelty.,Publishing adjacency
Foundry,8.2,The Living Standard,Foundry makes standards feel built through repeated testing and skilled formulation.,Generic real word
Field School,8.0,The Living Standard,Field School suggests expertise that keeps learning from evidence and real customer experience.,Institutional tone
Second Temper,8.3,The Living Standard,Second Temper evokes a core made stronger through another deliberate round of refinement.,Meaning stretch
Red Thread,8.7,The Living Standard,Red Thread names the coherent principle that runs through every product and every earned update.,Familiar metaphor
Useful Doubt,9.3,Beauty for Skeptics,Useful Doubt turns skepticism into a productive filter for claims ingredients and innovation.,Low
Abacus,8.5,Beauty for Skeptics,Abacus suggests visible reckoning and a preference for what can actually be accounted for.,Meaning stretch
First Principle,9.1,Beauty for Skeptics,First Principle returns every skincare decision to evidence utility and respect for the customer.,Familiar concept
Honest Margin,8.8,Beauty for Skeptics,Honest Margin names the space between what evidence supports and what marketing wants to say.,Meaning stretch
Fine Print,9.2,Beauty for Skeptics,Fine Print makes close reading and claim literacy feel sharp desirable and central to beauty.,Familiar phrase
The Thesis,8.8,Beauty for Skeptics,The Thesis gives every product a clear argument that must be supported before it reaches the shelf.,Academic tone
Due Weight,9.0,Beauty for Skeptics,Due Weight signals that evidence is judged proportionately instead of cherry-picked for drama.,Meaning stretch
The Argument,8.5,Beauty for Skeptics,The Argument makes each formula a reasoned case open to intelligent examination.,Combative edge
Second Thought,9.1,Beauty for Skeptics,Second Thought turns reconsideration into a mark of intelligence in a category built on impulse.,Familiar phrase
Honest Mystery,8.5,Beauty for Skeptics,Honest Mystery leaves room for what skincare science does not yet know without surrendering rigor.,Truth-language adjacency
Certain Maybe,8.7,Beauty for Skeptics,Certain Maybe captures the calibrated confidence of evidence that is strong without being absolute.,Meaning tension
Observatory,8.8,Beauty for Skeptics,Observatory casts the brand as a place for close watching broad perspective and evidence before action.,Institutional tone
Upstream,8.8,Beauty for Skeptics,Upstream signals a habit of tracing beauty claims back to their original evidence.,Generic real word
Room to Think,8.9,Beauty for Skeptics,Room to Think gives customers intellectual space in a category that often manufactures urgency.,Campaign-like
Sideeye,9.2,Beauty for Skeptics,Sideeye makes healthy suspicion of beauty theater instantly visible witty and memorable.,Tone polarizing
Heretic,8.7,Beauty for Skeptics,Heretic positions the brand against inherited beauty dogma while keeping evidence as its discipline.,Aggressive edge
Quibble,8.7,Beauty for Skeptics,Quibble turns attention to small but consequential claim details into a distinctive brand virtue.,Petty connotation
Deadpan,8.6,Beauty for Skeptics,Deadpan gives rigorous skincare a dry voice that refuses breathless marketing performance.,Tone polarizing
Backtalk,8.8,Beauty for Skeptics,Backtalk gives customers and experts permission to answer exaggerated beauty claims directly.,Rebellious tone
Eyebrow,9.0,Beauty for Skeptics,Eyebrow connects the face itself with the universal gesture of intelligent doubt.,Body-part literalness
Open Question,9.1,Beauty for Skeptics,Open Question makes inquiry a permanent part of how the brand evaluates skincare.,Generic phrase
False Bottom,8.7,Beauty for Skeptics,False Bottom names the hidden weakness beneath impressive-looking beauty claims.,Negative framing
Soft Heckle,8.8,Beauty for Skeptics,Soft Heckle combines a humane skincare manner with a refusal to let nonsense pass.,Tone polarizing
Parlor Trick,9.1,Beauty for Skeptics,Parlor Trick calls out beauty spectacle while setting serious formulation in opposition to it.,Negative framing
Mirror Test,9.2,Beauty for Skeptics,Mirror Test makes reflection both a personal standard and a check on whether claims hold up.,Familiar phrase
Decoder Ring,9.0,Beauty for Skeptics,Decoder Ring turns ingredient and claim literacy into an inviting cultural ritual.,Playful tone
Say It Plain,9.0,Beauty for Skeptics,Say It Plain makes understandable explanation a defining act of respect.,Campaign-like
The Short Answer,9.0,Beauty for Skeptics,The Short Answer promises concise conclusions backed by deeper expertise when customers want it.,Editorial adjacency
The Listener,8.7,On Your Terms,The Listener makes customer concerns and lived experience part of intelligent skincare expertise.,Generic archetype
Human Measure,9.0,On Your Terms,Human Measure puts the person rather than an impossible ideal at the center of product decisions.,Low
Make It Yours,8.9,On Your Terms,Make It Yours frames the routine as adaptable guidance rather than correction imposed from above.,Campaign-like
Think in Full,8.6,On Your Terms,Think in Full invites decisions that account for evidence preference and the whole person.,Campaign-like
Set Your Terms,9.0,On Your Terms,Set Your Terms makes personal authority the organizing idea of the skincare system.,Campaign-like
Sensehold,8.3,On Your Terms,Sensehold suggests retaining one's judgment amid noisy advice and endless newness.,Coined meaning
The Sovereign,8.4,On Your Terms,The Sovereign gives the customer final authority over what beauty means and what care is for.,Grandiose
Better Angle,8.5,On Your Terms,Better Angle offers a more generous point of view on skin without declaring the person a problem.,Generic phrase
Understood,8.7,On Your Terms,Understood makes feeling heard and intelligently guided the emotional center of the brand.,Generic real word
Amplitude,8.5,On Your Terms,Amplitude expands beauty toward fuller self-expression rather than narrower ideals.,Technical tone
Polished Wild,8.5,On Your Terms,Polished Wild lets refinement and individuality coexist without forcing conformity.,Luxury adjacency
Brave Ease,8.7,On Your Terms,Brave Ease presents self-acceptance as confident and active rather than passive.,Meaning stretch
Meet Yourself,9.0,On Your Terms,Meet Yourself makes skincare an encounter with the person present now rather than a younger target.,Campaign-like
The Original,8.4,On Your Terms,The Original treats individuality as the source of beauty authority.,Generic archetype
Forum of One,8.8,On Your Terms,Forum of One makes the customer's considered judgment the final decision-making body.,Meaning stretch
The Signature,8.7,On Your Terms,The Signature frames a small routine as an expression of personal identity.,Generic luxury term
Grand Latitude,8.5,On Your Terms,Grand Latitude gives customers generous room to define beauty and shape their own routine.,Luxury adjacency
Public Self,9.1,On Your Terms,Public Self names skin as the visible self without making visibility a demand for correction.,Conceptual edge
Good on You,9.1,On Your Terms,Good on You joins topical relevance with an affirming judgment that belongs to the customer.,Campaign-like
House Style,8.7,On Your Terms,House Style turns a coherent skincare point of view into something customers can make personally expressive.,Design adjacency
À La Carte,8.5,On Your Terms,À La Carte makes expert curation compatible with choosing only what fits the individual.,Category adjacency
Without Fuss,8.9,Performance Without Theater,Without Fuss makes ease and high utility the visible result of serious work behind the scenes.,Campaign-like
Closed Set,9.0,Performance Without Theater,Closed Set turns a deliberately limited product system into a mark of discipline.,Technical tone
Deliberate Goods,8.6,Performance Without Theater,Deliberate Goods makes every product justify its presence through purpose and performance.,Retail adjacency
Groundwork,8.4,Performance Without Theater,Groundwork names the dependable essentials that do most of the useful work.,Generic real word
Warm Steel,8.8,Performance Without Theater,Warm Steel combines technical strength with a skincare manner that stays humane.,Meaning stretch
Kind Edge,8.8,Performance Without Theater,Kind Edge gives advanced performance a precise point without aggression toward skin or age.,Low
Green Room,8.4,Performance Without Theater,Green Room places serious preparation backstage while the customer gets a calm edited experience.,Cosmetics adjacency
Edit Suite,8.8,Performance Without Theater,Edit Suite makes a tight routine feel selected revised and stripped of unnecessary products.,Media adjacency
The Producer,8.3,Performance Without Theater,The Producer casts the brand as the expert that coordinates every element without stealing the show.,Entertainment adjacency
Soft Strength,8.8,Performance Without Theater,Soft Strength makes efficacy and skin respect mutually reinforcing rather than opposed.,Familiar paradox
Simple Plenty,8.5,Performance Without Theater,Simple Plenty promises a small routine that still feels generous complete and pleasurable.,Meaning tension
Spare Theater,9.1,Performance Without Theater,Spare Theater names the category excess the brand removes while retaining wit and presence.,Negative framing
Silent Fanfare,8.8,Performance Without Theater,Silent Fanfare gives excellent results a sense of occasion without loud claims.,Meaning stretch
Fine Cut,8.5,Performance Without Theater,Fine Cut suggests exact editing that leaves only the strongest products and clearest choices.,Generic craft term
High Bar,8.7,Performance Without Theater,High Bar sets a demanding threshold for every formula without making a spectacle of standards.,Familiar phrase
Shortform,8.6,Performance Without Theater,Shortform makes brevity a product philosophy built on concentrated usefulness.,Media adjacency
Sparehouse,8.5,Performance Without Theater,Sparehouse turns restraint into an ownable place for fewer better essentials.,Coined meaning
Keep What Matters,8.9,Performance Without Theater,Keep What Matters makes ruthless editing serve the customer's routine rather than the catalog.,Campaign-like
Earn Its Place,9.2,Performance Without Theater,Earn Its Place requires every product and innovation to justify its role in the routine.,Campaign-like
Generous Precision,9.3,Performance Without Theater,Generous Precision pairs exact formulation with an experience that never feels cold or withholding.,Low
Small Grandeur,8.9,Performance Without Theater,Small Grandeur makes a few excellent products feel more impressive than an endless assortment.,Low
Kind Precision,9.1,Performance Without Theater,Kind Precision joins exacting product standards with respect for skin and self.,Low
Open Discipline,8.9,Performance Without Theater,Open Discipline holds a rigorous core while remaining receptive to better evidence.,Meaning tension
Modest Splendor,8.8,Performance Without Theater,Modest Splendor gives restrained skincare enough beauty and delight without excess.,Luxury adjacency
Lean Delight,8.7,Performance Without Theater,Lean Delight combines a tightly edited system with sensorial pleasure.,Diet-language risk
The Tailor,8.6,Performance Without Theater,The Tailor suggests expert fit and adjustment without an oversized product wardrobe.,Generic archetype
The Distiller,8.8,Performance Without Theater,The Distiller reduces complex skincare knowledge to a small set of concentrated essentials.,Alcohol cue
